ticker,code,name,market,sector,primary_source,sources,is_topix500,is_jpx_prime150,is_growth250,is_jpx_startup100,source_detail,source_url
1332.T,1332,ニッスイ,Prime/TOPIX,水産・農林業,topix500,topix500,1,0,0,0,topix500:TOPIX Mid400,https://www.jpx.co.jp/automation/markets/indices/topix/files/topixweight_j.csv
1333.T,1333,Ｕｍｉｏｓ,Prime/TOPIX,水産・農林業,topix500,topix500,1,0,0,0,topix500:TOPIX Mid400,https://www.jpx.co.jp/automation/markets/indices/topix/files/topixweight_j.csv
135A.T,135A,"VRAIN Solution,Inc.",Growth,,growth250,growth250|jpx_startup100,0,0,1,1,growth250:constituent|jpx_startup100:constituent,https://www.jpx.co.jp/english/markets/indices/line-up/files/e_mei2_31_mothers.pdf|https://www.jpx.co.jp/english/markets/indices/line-up/files/e_mei2_42_SU100.pdf
1401.T,1401,"mbs,inc.",Growth,,growth250,growth250,0,0,1,0,growth250:constituent,https://www.jpx.co.jp/english/markets/indices/line-up/files/e_mei2_31_mothers.pdf
1414.T,1414,ショーボンドホールディングス,Prime/TOPIX,建設業,topix500,topix500,1,0,0,0,topix500:TOPIX Mid400,https://www.jpx.co.jp/automation/markets/indices/topix/files/topixweight_j.csv
1417.T,1417,ミライト・ワン,Prime/TOPIX,建設業,topix500,topix500,1,0,0,0,topix500:TOPIX Mid400,https://www.jpx.co.jp/automation/markets/indices/topix/files/topixweight_j.csv
141A.T,141A,"TRIAL Holdings,Inc.",Growth,,growth250,growth250,0,0,1,0,growth250:constituent,https://www.jpx.co.jp/english/markets/indices/line-up/files/e_mei2_31_mothers.pdf
1431.T,1431,"Lib Work Co.,Ltd.",Growth,,growth250,growth250,0,0,1,0,growth250:constituent,https://www.jpx.co.jp/english/markets/indices/line-up/files/e_mei2_31_mothers.pdf
1436.T,1436,GreenEnergy & Company Inc.,Growth,,growth250,growth250,0,0,1,0,growth250:constituent,https://www.jpx.co.jp/english/markets/indices/line-up/files/e_mei2_31_mothers.pdf
1447.T,1447,"SAAF Holdings Co.,Ltd.",Growth,,growth250,growth250,0,0,1,0,growth250:constituent,https://www.jpx.co.jp/english/markets/indices/line-up/files/e_mei2_31_mothers.pdf
147A.T,147A,"SORACOM,INC.",Growth,,growth250,growth250|jpx_startup100,0,0,1,1,growth250:constituent|jpx_startup100:constituent,https://www.jpx.co.jp/english/markets/indices/line-up/files/e_mei2_31_mothers.pdf|https://www.jpx.co.jp/english/markets/indices/line-up/files/e_mei2_42_SU100.pdf
151A.T,151A,Dive Inc.,Growth,,growth250,growth250,0,0,1,0,growth250:constituent,https://www.jpx.co.jp/english/markets/indices/line-up/files/e_mei2_31_mothers.pdf
153A.T,153A,Caulis Inc.,Growth,,growth250,growth250,0,0,1,0,growth250:constituent,https://www.jpx.co.jp/english/markets/indices/line-up/files/e_mei2_31_mothers.pdf
155A.T,155A,"Information Strategy and Technology Co.,Ltd.",Growth,,growth250,growth250,0,0,1,0,growth250:constituent,https://www.jpx.co.jp/english/markets/indices/line-up/files/e_mei2_31_mothers.pdf
156A.T,156A,Material Group Inc.,Growth,,growth250,growth250,0,0,1,0,growth250:constituent,https://www.jpx.co.jp/english/markets/indices/line-up/files/e_mei2_31_mothers.pdf
1605.T,1605,ＩＮＰＥＸ,Prime/TOPIX,鉱業,topix500,topix500,1,0,0,0,topix500:TOPIX Mid400,https://www.jpx.co.jp/automation/markets/indices/topix/files/topixweight_j.csv
165A.T,165A,SBI RHEOS HIFUMI Inc.,Growth,,growth250,growth250,0,0,1,0,growth250:constituent,https://www.jpx.co.jp/english/markets/indices/line-up/files/e_mei2_31_mothers.pdf
166A.T,166A,TASUKI Holdings Inc.,Growth,,growth250,growth250|jpx_startup100,0,0,1,1,growth250:constituent|jpx_startup100:constituent,https://www.jpx.co.jp/english/markets/indices/line-up/files/e_mei2_31_mothers.pdf|https://www.jpx.co.jp/english/markets/indices/line-up/files/e_mei2_42_SU100.pdf
1719.T,1719,安藤・間,Prime/TOPIX,建設業,topix500,topix500,1,0,0,0,topix500:TOPIX Mid400,https://www.jpx.co.jp/automation/markets/indices/topix/files/topixweight_j.csv
1721.T,1721,コムシスホールディングス,Prime/TOPIX,建設業,topix500,topix500,1,0,0,0,topix500:TOPIX Mid400,https://www.jpx.co.jp/automation/markets/indices/topix/files/topixweight_j.csv
176A.T,176A,Rezil Inc.,Growth,,growth250,growth250,0,0,1,0,growth250:constituent,https://www.jpx.co.jp/english/markets/indices/line-up/files/e_mei2_31_mothers.pdf
177A.T,177A,"Kohjin Bio Co.,Ltd.",Growth,,growth250,growth250,0,0,1,0,growth250:constituent,https://www.jpx.co.jp/english/markets/indices/line-up/files/e_mei2_31_mothers.pdf
1801.T,1801,大成建設,Prime/TOPIX,建設業,topix500,topix500,1,0,0,0,topix500:TOPIX Mid400,https://www.jpx.co.jp/automation/markets/indices/topix/files/topixweight_j.csv
1802.T,1802,大林組,Prime/TOPIX,建設業,topix500,topix500,1,0,0,0,topix500:TOPIX Mid400,https://www.jpx.co.jp/automation/markets/indices/topix/files/topixweight_j.csv
1803.T,1803,清水建設,Prime/TOPIX,建設業,topix500,topix500,1,0,0,0,topix500:TOPIX Mid400,https://www.jpx.co.jp/automation/markets/indices/topix/files/topixweight_j.csv
1808.T,1808,長谷工コーポレーション,Prime/TOPIX,建設業,topix500,topix500,1,0,0,0,topix500:TOPIX Mid400,https://www.jpx.co.jp/automation/markets/indices/topix/files/topixweight_j.csv
1812.T,1812,鹿島建設,Prime/TOPIX,建設業,topix500,topix500,1,0,0,0,topix500:TOPIX Mid400,https://www.jpx.co.jp/automation/markets/indices/topix/files/topixweight_j.csv
1820.T,1820,西松建設,Prime/TOPIX,建設業,topix500,topix500,1,0,0,0,topix500:TOPIX Mid400,https://www.jpx.co.jp/automation/markets/indices/topix/files/topixweight_j.csv
1860.T,1860,戸田建設,Prime/TOPIX,建設業,topix500,topix500,1,0,0,0,topix500:TOPIX Mid400,https://www.jpx.co.jp/automation/markets/indices/topix/files/topixweight_j.csv
186A.T,186A,Astroscale Holdings Inc.,Growth,,growth250,growth250,0,0,1,0,growth250:constituent,https://www.jpx.co.jp/english/markets/indices/line-up/files/e_mei2_31_mothers.pdf
1878.T,1878,大東建託,Prime/TOPIX,不動産業,topix500,topix500|jpx_prime150,1,1,0,0,topix500:TOPIX Mid400|jpx_prime150:constituent,https://www.jpx.co.jp/automation/markets/indices/topix/files/topixweight_j.csv|https://www.jpx.co.jp/automation/markets/indices/jpx-prime150/files/jpxprime150weight_j.csv
1893.T,1893,五洋建設,Prime/TOPIX,建設業,topix500,topix500,1,0,0,0,topix500:TOPIX Mid400,https://www.jpx.co.jp/automation/markets/indices/topix/files/topixweight_j.csv
190A.T,190A,Chordia Therapeutics Inc.,Growth,,growth250,growth250,0,0,1,0,growth250:constituent,https://www.jpx.co.jp/english/markets/indices/line-up/files/e_mei2_31_mothers.pdf
1911.T,1911,住友林業,Prime/TOPIX,建設業,topix500,topix500,1,0,0,0,topix500:TOPIX Mid400,https://www.jpx.co.jp/automation/markets/indices/topix/files/topixweight_j.csv
1925.T,1925,大和ハウス工業,Prime/TOPIX,建設業,topix500,topix500|jpx_prime150,1,1,0,0,topix500:TOPIX Large70|jpx_prime150:constituent,https://www.jpx.co.jp/automation/markets/indices/topix/files/topixweight_j.csv|https://www.jpx.co.jp/automation/markets/indices/jpx-prime150/files/jpxprime150weight_j.csv
1928.T,1928,積水ハウス,Prime/TOPIX,建設業,topix500,topix500|jpx_prime150,1,1,0,0,topix500:TOPIX Large70|jpx_prime150:constituent,https://www.jpx.co.jp/automation/markets/indices/topix/files/topixweight_j.csv|https://www.jpx.co.jp/automation/markets/indices/jpx-prime150/files/jpxprime150weight_j.csv
192A.T,192A,Integroup Inc.,Growth,,growth250,growth250,0,0,1,0,growth250:constituent,https://www.jpx.co.jp/english/markets/indices/line-up/files/e_mei2_31_mothers.pdf
1942.T,1942,関電工,Prime/TOPIX,建設業,topix500,topix500,1,0,0,0,topix500:TOPIX Mid400,https://www.jpx.co.jp/automation/markets/indices/topix/files/topixweight_j.csv
1944.T,1944,きんでん,Prime/TOPIX,建設業,topix500,topix500,1,0,0,0,topix500:TOPIX Mid400,https://www.jpx.co.jp/automation/markets/indices/topix/files/topixweight_j.csv
194A.T,194A,"WOLVES HAND Co.,Ltd.",Growth,,growth250,growth250,0,0,1,0,growth250:constituent,https://www.jpx.co.jp/english/markets/indices/line-up/files/e_mei2_31_mothers.pdf
1951.T,1951,エクシオグループ,Prime/TOPIX,建設業,topix500,topix500,1,0,0,0,topix500:TOPIX Mid400,https://www.jpx.co.jp/automation/markets/indices/topix/files/topixweight_j.csv
1959.T,1959,クラフティア,Prime/TOPIX,建設業,topix500,topix500,1,0,0,0,topix500:TOPIX Mid400,https://www.jpx.co.jp/automation/markets/indices/topix/files/topixweight_j.csv
1963.T,1963,日揮ホールディングス,Prime/TOPIX,建設業,topix500,topix500,1,0,0,0,topix500:TOPIX Mid400,https://www.jpx.co.jp/automation/markets/indices/topix/files/topixweight_j.csv
1969.T,1969,高砂熱学工業,Prime/TOPIX,建設業,topix500,topix500,1,0,0,0,topix500:TOPIX Mid400,https://www.jpx.co.jp/automation/markets/indices/topix/files/topixweight_j.csv
198A.T,198A,PostPrime Inc.,Growth,,growth250,growth250,0,0,1,0,growth250:constituent,https://www.jpx.co.jp/english/markets/indices/line-up/files/e_mei2_31_mothers.pdf
2002.T,2002,日清製粉グループ本社,Prime/TOPIX,食料品,topix500,topix500,1,0,0,0,topix500:TOPIX Mid400,https://www.jpx.co.jp/automation/markets/indices/topix/files/topixweight_j.csv
202A.T,202A,"MAMEZO CO.,LTD.",Growth,,growth250,growth250,0,0,1,0,growth250:constituent,https://www.jpx.co.jp/english/markets/indices/line-up/files/e_mei2_31_mothers.pdf
205A.T,205A,LOGOS HOLDINGS INC.,Growth,,growth250,growth250,0,0,1,0,growth250:constituent,https://www.jpx.co.jp/english/markets/indices/line-up/files/e_mei2_31_mothers.pdf
206A.T,206A,"PRISM BioLab Co.,LTD",Growth,,growth250,growth250,0,0,1,0,growth250:constituent,https://www.jpx.co.jp/english/markets/indices/line-up/files/e_mei2_31_mothers.pdf
2127.T,2127,日本Ｍ＆Ａセンターホールディングス,Prime/TOPIX,サービス業,topix500,topix500|jpx_prime150,1,1,0,0,topix500:TOPIX Mid400|jpx_prime150:constituent,https://www.jpx.co.jp/automation/markets/indices/topix/files/topixweight_j.csv|https://www.jpx.co.jp/automation/markets/indices/jpx-prime150/files/jpxprime150weight_j.csv
2158.T,2158,"FRONTEO,Inc.",Growth,,growth250,growth250,0,0,1,0,growth250:constituent,https://www.jpx.co.jp/english/markets/indices/line-up/files/e_mei2_31_mothers.pdf
215A.T,215A,"Timee,Inc.",Growth,,growth250,growth250|jpx_startup100,0,0,1,1,growth250:constituent|jpx_startup100:constituent,https://www.jpx.co.jp/english/markets/indices/line-up/files/e_mei2_31_mothers.pdf|https://www.jpx.co.jp/english/markets/indices/line-up/files/e_mei2_42_SU100.pdf
2160.T,2160,GNI Group Ltd.,Growth,,growth250,growth250,0,0,1,0,growth250:constituent,https://www.jpx.co.jp/english/markets/indices/line-up/files/e_mei2_31_mothers.pdf
2173.T,2173,Hakuten Corporation,Growth,,growth250,growth250,0,0,1,0,growth250:constituent,https://www.jpx.co.jp/english/markets/indices/line-up/files/e_mei2_31_mothers.pdf
2181.T,2181,パーソルホールディングス,Prime/TOPIX,サービス業,topix500,topix500,1,0,0,0,topix500:TOPIX Mid400,https://www.jpx.co.jp/automation/markets/indices/topix/files/topixweight_j.csv
218A.T,218A,"Liberaware Co.,Ltd.",Growth,,growth250,growth250|jpx_startup100,0,0,1,1,growth250:constituent|jpx_startup100:constituent,https://www.jpx.co.jp/english/markets/indices/line-up/files/e_mei2_31_mothers.pdf|https://www.jpx.co.jp/english/markets/indices/line-up/files/e_mei2_42_SU100.pdf
2195.T,2195,"AMITA HOLDINGS CO.,LTD.",Growth,,growth250,growth250,0,0,1,0,growth250:constituent,https://www.jpx.co.jp/english/markets/indices/line-up/files/e_mei2_31_mothers.pdf
219A.T,219A,Heartseed Inc.,Growth,,growth250,growth250|jpx_startup100,0,0,1,1,growth250:constituent|jpx_startup100:constituent,https://www.jpx.co.jp/english/markets/indices/line-up/files/e_mei2_31_mothers.pdf|https://www.jpx.co.jp/english/markets/indices/line-up/files/e_mei2_42_SU100.pdf
2201.T,2201,森永製菓,Prime/TOPIX,食料品,topix500,topix500,1,0,0,0,topix500:TOPIX Mid400,https://www.jpx.co.jp/automation/markets/indices/topix/files/topixweight_j.csv
2206.T,2206,江崎グリコ,Prime/TOPIX,食料品,topix500,topix500,1,0,0,0,topix500:TOPIX Mid400,https://www.jpx.co.jp/automation/markets/indices/topix/files/topixweight_j.csv
2212.T,2212,山崎製パン,Prime/TOPIX,食料品,topix500,topix500,1,0,0,0,topix500:TOPIX Mid400,https://www.jpx.co.jp/automation/markets/indices/topix/files/topixweight_j.csv
2222.T,2222,寿スピリッツ,Prime/TOPIX,食料品,topix500,topix500|jpx_prime150,1,1,0,0,topix500:TOPIX Mid400|jpx_prime150:constituent,https://www.jpx.co.jp/automation/markets/indices/topix/files/topixweight_j.csv|https://www.jpx.co.jp/automation/markets/indices/jpx-prime150/files/jpxprime150weight_j.csv
2229.T,2229,カルビー,Prime/TOPIX,食料品,topix500,topix500,1,0,0,0,topix500:TOPIX Mid400,https://www.jpx.co.jp/automation/markets/indices/topix/files/topixweight_j.csv
2264.T,2264,森永乳業,Prime/TOPIX,食料品,topix500,topix500,1,0,0,0,topix500:TOPIX Mid400,https://www.jpx.co.jp/automation/markets/indices/topix/files/topixweight_j.csv
2267.T,2267,ヤクルト本社,Prime/TOPIX,食料品,topix500,topix500|jpx_prime150,1,1,0,0,topix500:TOPIX Mid400|jpx_prime150:constituent,https://www.jpx.co.jp/automation/markets/indices/topix/files/topixweight_j.csv|https://www.jpx.co.jp/automation/markets/indices/jpx-prime150/files/jpxprime150weight_j.csv
2269.T,2269,明治ホールディングス,Prime/TOPIX,食料品,topix500,topix500,1,0,0,0,topix500:TOPIX Mid400,https://www.jpx.co.jp/automation/markets/indices/topix/files/topixweight_j.csv
2282.T,2282,日本ハム,Prime/TOPIX,食料品,topix500,topix500,1,0,0,0,topix500:TOPIX Mid400,https://www.jpx.co.jp/automation/markets/indices/topix/files/topixweight_j.csv
228A.T,228A,"OPRO Co.,Ltd.",Growth,,growth250,growth250,0,0,1,0,growth250:constituent,https://www.jpx.co.jp/english/markets/indices/line-up/files/e_mei2_31_mothers.pdf
2321.T,2321,Softfront Holdings,Growth,,growth250,growth250,0,0,1,0,growth250:constituent,https://www.jpx.co.jp/english/markets/indices/line-up/files/e_mei2_31_mothers.pdf
2327.T,2327,日鉄ソリューションズ,Prime/TOPIX,情報・通信業,topix500,topix500,1,0,0,0,topix500:TOPIX Mid400,https://www.jpx.co.jp/automation/markets/indices/topix/files/topixweight_j.csv
2331.T,2331,ＡＬＳＯＫ,Prime/TOPIX,サービス業,topix500,topix500,1,0,0,0,topix500:TOPIX Mid400,https://www.jpx.co.jp/automation/markets/indices/topix/files/topixweight_j.csv
2334.T,2334,eole Inc.,Growth,,growth250,growth250,0,0,1,0,growth250:constituent,https://www.jpx.co.jp/english/markets/indices/line-up/files/e_mei2_31_mothers.pdf
2370.T,2370,"MEDINET Co.,Ltd.",Growth,,growth250,growth250,0,0,1,0,growth250:constituent,https://www.jpx.co.jp/english/markets/indices/line-up/files/e_mei2_31_mothers.pdf
2371.T,2371,カカクコム,Prime/TOPIX,サービス業,topix500,topix500|jpx_prime150,1,1,0,0,topix500:TOPIX Mid400|jpx_prime150:constituent,https://www.jpx.co.jp/automation/markets/indices/topix/files/topixweight_j.csv|https://www.jpx.co.jp/automation/markets/indices/jpx-prime150/files/jpxprime150weight_j.csv
2413.T,2413,エムスリー,Prime/TOPIX,サービス業,topix500,topix500|jpx_prime150,1,1,0,0,topix500:TOPIX Mid400|jpx_prime150:constituent,https://www.jpx.co.jp/automation/markets/indices/topix/files/topixweight_j.csv|https://www.jpx.co.jp/automation/markets/indices/jpx-prime150/files/jpxprime150weight_j.csv
241A.T,241A,"ROXX,inc.",Growth,,growth250,growth250,0,0,1,0,growth250:constituent,https://www.jpx.co.jp/english/markets/indices/line-up/files/e_mei2_31_mothers.pdf
2432.T,2432,ディー・エヌ・エー,Prime/TOPIX,情報・通信業,topix500,topix500,1,0,0,0,topix500:TOPIX Mid400,https://www.jpx.co.jp/automation/markets/indices/topix/files/topixweight_j.csv
2433.T,2433,博報堂ＤＹホールディングス,Prime/TOPIX,サービス業,topix500,topix500,1,0,0,0,topix500:TOPIX Mid400,https://www.jpx.co.jp/automation/markets/indices/topix/files/topixweight_j.csv
2438.T,2438,"Asukanet Company,Limited",Growth,,growth250,growth250,0,0,1,0,growth250:constituent,https://www.jpx.co.jp/english/markets/indices/line-up/files/e_mei2_31_mothers.pdf
244A.T,244A,"Growth xPartners,Inc.",Growth,,growth250,growth250,0,0,1,0,growth250:constituent,https://www.jpx.co.jp/english/markets/indices/line-up/files/e_mei2_31_mothers.pdf
245A.T,245A,INGS inc.,Growth,,growth250,growth250,0,0,1,0,growth250:constituent,https://www.jpx.co.jp/english/markets/indices/line-up/files/e_mei2_31_mothers.pdf
246A.T,246A,ASUA Inc.,Growth,,growth250,growth250,0,0,1,0,growth250:constituent,https://www.jpx.co.jp/english/markets/indices/line-up/files/e_mei2_31_mothers.pdf
247A.T,247A,Ai ROBOTICS INC.,Growth,,growth250,growth250|jpx_startup100,0,0,1,1,growth250:constituent|jpx_startup100:constituent,https://www.jpx.co.jp/english/markets/indices/line-up/files/e_mei2_31_mothers.pdf|https://www.jpx.co.jp/english/markets/indices/line-up/files/e_mei2_42_SU100.pdf
248A.T,248A,KIDS STAR Inc.,Growth,,growth250,growth250,0,0,1,0,growth250:constituent,https://www.jpx.co.jp/english/markets/indices/line-up/files/e_mei2_31_mothers.pdf
2497.T,2497,"UNITED,Inc.",Growth,,growth250,growth250,0,0,1,0,growth250:constituent,https://www.jpx.co.jp/english/markets/indices/line-up/files/e_mei2_31_mothers.pdf
2501.T,2501,サッポロホールディングス,Prime/TOPIX,食料品,topix500,topix500,1,0,0,0,topix500:TOPIX Mid400,https://www.jpx.co.jp/automation/markets/indices/topix/files/topixweight_j.csv
2502.T,2502,アサヒグループホールディングス,Prime/TOPIX,食料品,topix500,topix500|jpx_prime150,1,1,0,0,topix500:TOPIX Large70|jpx_prime150:constituent,https://www.jpx.co.jp/automation/markets/indices/topix/files/topixweight_j.csv|https://www.jpx.co.jp/automation/markets/indices/jpx-prime150/files/jpxprime150weight_j.csv
2503.T,2503,キリンホールディングス,Prime/TOPIX,食料品,topix500,topix500|jpx_prime150,1,1,0,0,topix500:TOPIX Large70|jpx_prime150:constituent,https://www.jpx.co.jp/automation/markets/indices/topix/files/topixweight_j.csv|https://www.jpx.co.jp/automation/markets/indices/jpx-prime150/files/jpxprime150weight_j.csv
2531.T,2531,宝ホールディングス,Prime/TOPIX,食料品,topix500,topix500,1,0,0,0,topix500:TOPIX Mid400,https://www.jpx.co.jp/automation/markets/indices/topix/files/topixweight_j.csv
2579.T,2579,コカ・コーラ ボトラーズジャパンホールディングス,Prime/TOPIX,食料品,topix500,topix500,1,0,0,0,topix500:TOPIX Mid400,https://www.jpx.co.jp/automation/markets/indices/topix/files/topixweight_j.csv
2586.T,2586,FRUTA FRUTA INC.,Growth,,growth250,growth250,0,0,1,0,growth250:constituent,https://www.jpx.co.jp/english/markets/indices/line-up/files/e_mei2_31_mothers.pdf
2587.T,2587,サントリー食品インターナショナル,Prime/TOPIX,食料品,topix500,topix500|jpx_prime150,1,1,0,0,topix500:TOPIX Mid400|jpx_prime150:constituent,https://www.jpx.co.jp/automation/markets/indices/topix/files/topixweight_j.csv|https://www.jpx.co.jp/automation/markets/indices/jpx-prime150/files/jpxprime150weight_j.csv
2593.T,2593,伊藤園,Prime/TOPIX,食料品,topix500,topix500,1,0,0,0,topix500:TOPIX Mid400,https://www.jpx.co.jp/automation/markets/indices/topix/files/topixweight_j.csv
2607.T,2607,不二製油,Prime/TOPIX,食料品,topix500,topix500,1,0,0,0,topix500:TOPIX Mid400,https://www.jpx.co.jp/automation/markets/indices/topix/files/topixweight_j.csv
264A.T,264A,"Schoo,inc.",Growth,,growth250,growth250,0,0,1,0,growth250:constituent,https://www.jpx.co.jp/english/markets/indices/line-up/files/e_mei2_31_mothers.pdf
265A.T,265A,Hmcomm Inc.,Growth,,growth250,growth250,0,0,1,0,growth250:constituent,https://www.jpx.co.jp/english/markets/indices/line-up/files/e_mei2_31_mothers.pdf
2670.T,2670,エービーシー・マート,Prime/TOPIX,小売業,topix500,topix500,1,0,0,0,topix500:TOPIX Mid400,https://www.jpx.co.jp/automation/markets/indices/topix/files/topixweight_j.csv
269A.T,269A,Sapeet Inc.,Growth,,growth250,growth250,0,0,1,0,growth250:constituent,https://www.jpx.co.jp/english/markets/indices/line-up/files/e_mei2_31_mothers.pdf
2726.T,2726,パルグループホールディングス,Prime,小売業,jpx_prime150,jpx_prime150,0,1,0,0,jpx_prime150:constituent,https://www.jpx.co.jp/automation/markets/indices/jpx-prime150/files/jpxprime150weight_j.csv
2768.T,2768,双日,Prime/TOPIX,卸売業,topix500,topix500,1,0,0,0,topix500:TOPIX Mid400,https://www.jpx.co.jp/automation/markets/indices/topix/files/topixweight_j.csv
276A.T,276A,CCReB Advisors Inc.,Growth,,growth250,growth250,0,0,1,0,growth250:constituent,https://www.jpx.co.jp/english/markets/indices/line-up/files/e_mei2_31_mothers.pdf
277A.T,277A,Globe-ing Inc.,Growth,,growth250,growth250,0,0,1,0,growth250:constituent,https://www.jpx.co.jp/english/markets/indices/line-up/files/e_mei2_31_mothers.pdf
2784.T,2784,アルフレッサ ホールディングス,Prime/TOPIX,卸売業,topix500,topix500,1,0,0,0,topix500:TOPIX Mid400,https://www.jpx.co.jp/automation/markets/indices/topix/files/topixweight_j.csv
278A.T,278A,Terra Drone Corporation,Growth,,growth250,growth250|jpx_startup100,0,0,1,1,growth250:constituent|jpx_startup100:constituent,https://www.jpx.co.jp/english/markets/indices/line-up/files/e_mei2_31_mothers.pdf|https://www.jpx.co.jp/english/markets/indices/line-up/files/e_mei2_42_SU100.pdf
2801.T,2801,キッコーマン,Prime/TOPIX,食料品,topix500,topix500|jpx_prime150,1,1,0,0,topix500:TOPIX Mid400|jpx_prime150:constituent,https://www.jpx.co.jp/automation/markets/indices/topix/files/topixweight_j.csv|https://www.jpx.co.jp/automation/markets/indices/jpx-prime150/files/jpxprime150weight_j.csv
2802.T,2802,味の素,Prime/TOPIX,食料品,topix500,topix500|jpx_prime150,1,1,0,0,topix500:TOPIX Large70|jpx_prime150:constituent,https://www.jpx.co.jp/automation/markets/indices/topix/files/topixweight_j.csv|https://www.jpx.co.jp/automation/markets/indices/jpx-prime150/files/jpxprime150weight_j.csv
2809.T,2809,キユーピー,Prime/TOPIX,食料品,topix500,topix500,1,0,0,0,topix500:TOPIX Mid400,https://www.jpx.co.jp/automation/markets/indices/topix/files/topixweight_j.csv
280A.T,280A,TMH Inc.,Growth,,growth250,growth250,0,0,1,0,growth250:constituent,https://www.jpx.co.jp/english/markets/indices/line-up/files/e_mei2_31_mothers.pdf
2810.T,2810,ハウス食品グループ本社,Prime/TOPIX,食料品,topix500,topix500,1,0,0,0,topix500:TOPIX Mid400,https://www.jpx.co.jp/automation/markets/indices/topix/files/topixweight_j.csv
2811.T,2811,カゴメ,Prime/TOPIX,食料品,topix500,topix500,1,0,0,0,topix500:TOPIX Mid400,https://www.jpx.co.jp/automation/markets/indices/topix/files/topixweight_j.csv
281A.T,281A,"Informetis Co.,Ltd.",Growth,,growth250,growth250,0,0,1,0,growth250:constituent,https://www.jpx.co.jp/english/markets/indices/line-up/files/e_mei2_31_mothers.pdf
285A.T,285A,キオクシアホールディングス,Prime/TOPIX,電気機器,topix500,topix500,1,0,0,0,topix500:TOPIX Mid400,https://www.jpx.co.jp/automation/markets/indices/topix/files/topixweight_j.csv
286A.T,286A,EUCALIA Inc.,Growth,,growth250,growth250,0,0,1,0,growth250:constituent,https://www.jpx.co.jp/english/markets/indices/line-up/files/e_mei2_31_mothers.pdf
2871.T,2871,ニチレイ,Prime/TOPIX,食料品,topix500,topix500,1,0,0,0,topix500:TOPIX Mid400,https://www.jpx.co.jp/automation/markets/indices/topix/files/topixweight_j.csv
2875.T,2875,東洋水産,Prime/TOPIX,食料品,topix500,topix500,1,0,0,0,topix500:TOPIX Mid400,https://www.jpx.co.jp/automation/markets/indices/topix/files/topixweight_j.csv
288A.T,288A,Laxus Technologies Inc.,Growth,,growth250,growth250,0,0,1,0,growth250:constituent,https://www.jpx.co.jp/english/markets/indices/line-up/files/e_mei2_31_mothers.pdf
2897.T,2897,日清食品ホールディングス,Prime/TOPIX,食料品,topix500,topix500|jpx_prime150,1,1,0,0,topix500:TOPIX Mid400|jpx_prime150:constituent,https://www.jpx.co.jp/automation/markets/indices/topix/files/topixweight_j.csv|https://www.jpx.co.jp/automation/markets/indices/jpx-prime150/files/jpxprime150weight_j.csv
290A.T,290A,Synspective Inc.,Growth,,growth250,growth250|jpx_startup100,0,0,1,1,growth250:constituent|jpx_startup100:constituent,https://www.jpx.co.jp/english/markets/indices/line-up/files/e_mei2_31_mothers.pdf|https://www.jpx.co.jp/english/markets/indices/line-up/files/e_mei2_42_SU100.pdf
2914.T,2914,日本たばこ産業,Prime/TOPIX,食料品,topix500,topix500|jpx_prime150,1,1,0,0,topix500:TOPIX Core30|jpx_prime150:constituent,https://www.jpx.co.jp/automation/markets/indices/topix/files/topixweight_j.csv|https://www.jpx.co.jp/automation/markets/indices/jpx-prime150/files/jpxprime150weight_j.csv
291A.T,291A,Reskill Corp.,Growth,,growth250,growth250,0,0,1,0,growth250:constituent,https://www.jpx.co.jp/english/markets/indices/line-up/files/e_mei2_31_mothers.pdf
2934.T,2934,"J Frontier Co.,Ltd.",Growth,,growth250,growth250,0,0,1,0,growth250:constituent,https://www.jpx.co.jp/english/markets/indices/line-up/files/e_mei2_31_mothers.pdf
2936.T,2936,"BASE FOOD,Inc.",Growth,,growth250,growth250,0,0,1,0,growth250:constituent,https://www.jpx.co.jp/english/markets/indices/line-up/files/e_mei2_31_mothers.pdf
2937.T,2937,"St.Cousair CO.,LTD.",Growth,,growth250,growth250,0,0,1,0,growth250:constituent,https://www.jpx.co.jp/english/markets/indices/line-up/files/e_mei2_31_mothers.pdf
296A.T,296A,"Reiwa Accounting Holdings Co.,Ltd.",Growth,,growth250,growth250,0,0,1,0,growth250:constituent,https://www.jpx.co.jp/english/markets/indices/line-up/files/e_mei2_31_mothers.pdf
2978.T,2978,TSUKURUBA Inc.,Growth,,growth250,growth250,0,0,1,0,growth250:constituent,https://www.jpx.co.jp/english/markets/indices/line-up/files/e_mei2_31_mothers.pdf
2980.T,2980,SRE Holdings Corporation,Growth/Prime/Standard,,jpx_startup100,jpx_startup100,0,0,0,1,jpx_startup100:constituent,https://www.jpx.co.jp/english/markets/indices/line-up/files/e_mei2_42_SU100.pdf
2981.T,2981,Landix Inc.,Growth,,growth250,growth250,0,0,1,0,growth250:constituent,https://www.jpx.co.jp/english/markets/indices/line-up/files/e_mei2_31_mothers.pdf
2983.T,2983,"Arr Planner Co.,Ltd.",Growth,,growth250,growth250,0,0,1,0,growth250:constituent,https://www.jpx.co.jp/english/markets/indices/line-up/files/e_mei2_31_mothers.pdf
2986.T,2986,"LA Holdings Co.,Ltd.",Growth,,growth250,growth250|jpx_startup100,0,0,1,1,growth250:constituent|jpx_startup100:constituent,https://www.jpx.co.jp/english/markets/indices/line-up/files/e_mei2_31_mothers.pdf|https://www.jpx.co.jp/english/markets/indices/line-up/files/e_mei2_42_SU100.pdf
298A.T,298A,"GVA TECH,Inc.",Growth,,growth250,growth250,0,0,1,0,growth250:constituent,https://www.jpx.co.jp/english/markets/indices/line-up/files/e_mei2_31_mothers.pdf
2998.T,2998,CREAL Inc.,Growth,,growth250,growth250|jpx_startup100,0,0,1,1,growth250:constituent|jpx_startup100:constituent,https://www.jpx.co.jp/english/markets/indices/line-up/files/e_mei2_31_mothers.pdf|https://www.jpx.co.jp/english/markets/indices/line-up/files/e_mei2_42_SU100.pdf
299A.T,299A,"Kurashiru,Inc.",Growth,,growth250,growth250|jpx_startup100,0,0,1,1,growth250:constituent|jpx_startup100:constituent,https://www.jpx.co.jp/english/markets/indices/line-up/files/e_mei2_31_mothers.pdf|https://www.jpx.co.jp/english/markets/indices/line-up/files/e_mei2_42_SU100.pdf
3003.T,3003,ヒューリック,Prime/TOPIX,不動産業,topix500,topix500,1,0,0,0,topix500:TOPIX Mid400,https://www.jpx.co.jp/automation/markets/indices/topix/files/topixweight_j.csv
302A.T,302A,"b-style holdings,Inc.",Growth,,growth250,growth250,0,0,1,0,growth250:constituent,https://www.jpx.co.jp/english/markets/indices/line-up/files/e_mei2_31_mothers.pdf
3038.T,3038,神戸物産,Prime/TOPIX,卸売業,topix500,topix500|jpx_prime150,1,1,0,0,topix500:TOPIX Mid400|jpx_prime150:constituent,https://www.jpx.co.jp/automation/markets/indices/topix/files/topixweight_j.csv|https://www.jpx.co.jp/automation/markets/indices/jpx-prime150/files/jpxprime150weight_j.csv
303A.T,303A,visumo Inc.,Growth,,growth250,growth250,0,0,1,0,growth250:constituent,https://www.jpx.co.jp/english/markets/indices/line-up/files/e_mei2_31_mothers.pdf
3048.T,3048,ビックカメラ,Prime/TOPIX,小売業,topix500,topix500,1,0,0,0,topix500:TOPIX Mid400,https://www.jpx.co.jp/automation/markets/indices/topix/files/topixweight_j.csv
304A.T,304A,"FORCIA,Inc.",Growth,,growth250,growth250,0,0,1,0,growth250:constituent,https://www.jpx.co.jp/english/markets/indices/line-up/files/e_mei2_31_mothers.pdf
3063.T,3063,j-Group Holdings Corp.,Growth,,growth250,growth250,0,0,1,0,growth250:constituent,https://www.jpx.co.jp/english/markets/indices/line-up/files/e_mei2_31_mothers.pdf
3064.T,3064,ＭｏｎｏｔａＲＯ,Prime/TOPIX,小売業,topix500,topix500|jpx_prime150,1,1,0,0,topix500:TOPIX Mid400|jpx_prime150:constituent,https://www.jpx.co.jp/automation/markets/indices/topix/files/topixweight_j.csv|https://www.jpx.co.jp/automation/markets/indices/jpx-prime150/files/jpxprime150weight_j.csv
3070.T,3070,"JELLY BEANS GROUP Co.,Ltd.",Growth,,growth250,growth250,0,0,1,0,growth250:constituent,https://www.jpx.co.jp/english/markets/indices/line-up/files/e_mei2_31_mothers.pdf
3086.T,3086,Ｊ．フロント リテイリング,Prime/TOPIX,小売業,topix500,topix500,1,0,0,0,topix500:TOPIX Mid400,https://www.jpx.co.jp/automation/markets/indices/topix/files/topixweight_j.csv
3088.T,3088,マツキヨココカラ＆カンパニー,Prime/TOPIX,小売業,topix500,topix500|jpx_prime150,1,1,0,0,topix500:TOPIX Mid400|jpx_prime150:constituent,https://www.jpx.co.jp/automation/markets/indices/topix/files/topixweight_j.csv|https://www.jpx.co.jp/automation/markets/indices/jpx-prime150/files/jpxprime150weight_j.csv
3092.T,3092,ＺＯＺＯ,Prime/TOPIX,小売業,topix500,topix500|jpx_prime150,1,1,0,0,topix500:TOPIX Mid400|jpx_prime150:constituent,https://www.jpx.co.jp/automation/markets/indices/topix/files/topixweight_j.csv|https://www.jpx.co.jp/automation/markets/indices/jpx-prime150/files/jpxprime150weight_j.csv
3099.T,3099,三越伊勢丹ホールディングス,Prime/TOPIX,小売業,topix500,topix500,1,0,0,0,topix500:TOPIX Mid400,https://www.jpx.co.jp/automation/markets/indices/topix/files/topixweight_j.csv
3105.T,3105,日清紡ホールディングス,Prime/TOPIX,電気機器,topix500,topix500,1,0,0,0,topix500:TOPIX Mid400,https://www.jpx.co.jp/automation/markets/indices/topix/files/topixweight_j.csv
3107.T,3107,ダイワボウホールディングス,Prime/TOPIX,卸売業,topix500,topix500,1,0,0,0,topix500:TOPIX Mid400,https://www.jpx.co.jp/automation/markets/indices/topix/files/topixweight_j.csv
3116.T,3116,トヨタ紡織,Prime/TOPIX,輸送用機器,topix500,topix500,1,0,0,0,topix500:TOPIX Mid400,https://www.jpx.co.jp/automation/markets/indices/topix/files/topixweight_j.csv
3132.T,3132,マクニカホールディングス,Prime/TOPIX,卸売業,topix500,topix500,1,0,0,0,topix500:TOPIX Mid400,https://www.jpx.co.jp/automation/markets/indices/topix/files/topixweight_j.csv
3133.T,3133,"kaihan co.,Ltd.",Growth,,growth250,growth250|jpx_startup100,0,0,1,1,growth250:constituent|jpx_startup100:constituent,https://www.jpx.co.jp/english/markets/indices/line-up/files/e_mei2_31_mothers.pdf|https://www.jpx.co.jp/english/markets/indices/line-up/files/e_mei2_42_SU100.pdf
3140.T,3140,"BRUNO,Inc.",Growth,,growth250,growth250,0,0,1,0,growth250:constituent,https://www.jpx.co.jp/english/markets/indices/line-up/files/e_mei2_31_mothers.pdf
3182.T,3182,Oisix ra daichi Inc.,Growth/Prime/Standard,,jpx_startup100,jpx_startup100,0,0,0,1,jpx_startup100:constituent,https://www.jpx.co.jp/english/markets/indices/line-up/files/e_mei2_42_SU100.pdf
3187.T,3187,miratap inc.,Growth,,growth250,growth250,0,0,1,0,growth250:constituent,https://www.jpx.co.jp/english/markets/indices/line-up/files/e_mei2_31_mothers.pdf
3197.T,3197,すかいらーくホールディングス,Prime/TOPIX,小売業,topix500,topix500,1,0,0,0,topix500:TOPIX Mid400,https://www.jpx.co.jp/automation/markets/indices/topix/files/topixweight_j.csv
319A.T,319A,Next Generation Technology Group Inc.,Growth,,growth250,growth250,0,0,1,0,growth250:constituent,https://www.jpx.co.jp/english/markets/indices/line-up/files/e_mei2_31_mothers.pdf
3231.T,3231,野村不動産ホールディングス,Prime/TOPIX,不動産業,topix500,topix500,1,0,0,0,topix500:TOPIX Mid400,https://www.jpx.co.jp/automation/markets/indices/topix/files/topixweight_j.csv
323A.T,323A,Flier Inc.,Growth,,growth250,growth250,0,0,1,0,growth250:constituent,https://www.jpx.co.jp/english/markets/indices/line-up/files/e_mei2_31_mothers.pdf
324A.T,324A,"Booking Resort Co.,Ltd.",Growth,,growth250,growth250,0,0,1,0,growth250:constituent,https://www.jpx.co.jp/english/markets/indices/line-up/files/e_mei2_31_mothers.pdf
325A.T,325A,TENTIAL Inc.,Growth,,growth250,growth250,0,0,1,0,growth250:constituent,https://www.jpx.co.jp/english/markets/indices/line-up/files/e_mei2_31_mothers.pdf
3288.T,3288,オープンハウスグループ,Prime/TOPIX,不動産業,topix500,topix500|jpx_prime150,1,1,0,0,topix500:TOPIX Mid400|jpx_prime150:constituent,https://www.jpx.co.jp/automation/markets/indices/topix/files/topixweight_j.csv|https://www.jpx.co.jp/automation/markets/indices/jpx-prime150/files/jpxprime150weight_j.csv
3289.T,3289,東急不動産ホールディングス,Prime/TOPIX,不動産業,topix500,topix500,1,0,0,0,topix500:TOPIX Mid400,https://www.jpx.co.jp/automation/markets/indices/topix/files/topixweight_j.csv
3291.T,3291,飯田グループホールディングス,Prime/TOPIX,不動産業,topix500,topix500,1,0,0,0,topix500:TOPIX Mid400,https://www.jpx.co.jp/automation/markets/indices/topix/files/topixweight_j.csv
3300.T,3300,"AMBITION DX HOLDINGS Co.,Ltd.",Growth,,growth250,growth250,0,0,1,0,growth250:constituent,https://www.jpx.co.jp/english/markets/indices/line-up/files/e_mei2_31_mothers.pdf
330A.T,330A,TalentX Inc.,Growth,,growth250,growth250,0,0,1,0,growth250:constituent,https://www.jpx.co.jp/english/markets/indices/line-up/files/e_mei2_31_mothers.pdf
332A.T,332A,MEEQ Inc.,Growth,,growth250,growth250,0,0,1,0,growth250:constituent,https://www.jpx.co.jp/english/markets/indices/line-up/files/e_mei2_31_mothers.pdf
3349.T,3349,コスモス薬品,Prime/TOPIX,小売業,topix500,topix500,1,0,0,0,topix500:TOPIX Mid400,https://www.jpx.co.jp/automation/markets/indices/topix/files/topixweight_j.csv
334A.T,334A,"Visual Processing Japan Co.,Ltd.",Growth,,growth250,growth250,0,0,1,0,growth250:constituent,https://www.jpx.co.jp/english/markets/indices/line-up/files/e_mei2_31_mothers.pdf
335A.T,335A,Mirairo Inc.,Growth,,growth250,growth250,0,0,1,0,growth250:constituent,https://www.jpx.co.jp/english/markets/indices/line-up/files/e_mei2_31_mothers.pdf
3360.T,3360,シップヘルスケアホールディングス,Prime/TOPIX,卸売業,topix500,topix500,1,0,0,0,topix500:TOPIX Mid400,https://www.jpx.co.jp/automation/markets/indices/topix/files/topixweight_j.csv
336A.T,336A,"Dynamic Map Platform Co.,Ltd.",Growth,,growth250,growth250|jpx_startup100,0,0,1,1,growth250:constituent|jpx_startup100:constituent,https://www.jpx.co.jp/english/markets/indices/line-up/files/e_mei2_31_mothers.pdf|https://www.jpx.co.jp/english/markets/indices/line-up/files/e_mei2_42_SU100.pdf
3382.T,3382,セブン＆アイ・ホールディングス,Prime/TOPIX,小売業,topix500,topix500|jpx_prime150,1,1,0,0,topix500:TOPIX Core30|jpx_prime150:constituent,https://www.jpx.co.jp/automation/markets/indices/topix/files/topixweight_j.csv|https://www.jpx.co.jp/automation/markets/indices/jpx-prime150/files/jpxprime150weight_j.csv
338A.T,338A,"ZenmuTech,Inc.",Growth,,growth250,growth250,0,0,1,0,growth250:constituent,https://www.jpx.co.jp/english/markets/indices/line-up/files/e_mei2_31_mothers.pdf
3391.T,3391,ツルハホールディングス,Prime/TOPIX,小売業,topix500,topix500,1,0,0,0,topix500:TOPIX Mid400,https://www.jpx.co.jp/automation/markets/indices/topix/files/topixweight_j.csv
3397.T,3397,トリドールホールディングス,Prime/TOPIX,小売業,topix500,topix500,1,0,0,0,topix500:TOPIX Mid400,https://www.jpx.co.jp/automation/markets/indices/topix/files/topixweight_j.csv
339A.T,339A,"PROGRESS TECHNOLOGIES GROUP,Inc.",Growth,,growth250,growth250,0,0,1,0,growth250:constituent,https://www.jpx.co.jp/english/markets/indices/line-up/files/e_mei2_31_mothers.pdf
3401.T,3401,帝人,Prime/TOPIX,繊維製品,topix500,topix500,1,0,0,0,topix500:TOPIX Mid400,https://www.jpx.co.jp/automation/markets/indices/topix/files/topixweight_j.csv
3402.T,3402,東レ,Prime/TOPIX,繊維製品,topix500,topix500,1,0,0,0,topix500:TOPIX Mid400,https://www.jpx.co.jp/automation/markets/indices/topix/files/topixweight_j.csv
3405.T,3405,クラレ,Prime/TOPIX,化学,topix500,topix500,1,0,0,0,topix500:TOPIX Mid400,https://www.jpx.co.jp/automation/markets/indices/topix/files/topixweight_j.csv
3407.T,3407,旭化成,Prime/TOPIX,化学,topix500,topix500,1,0,0,0,topix500:TOPIX Large70,https://www.jpx.co.jp/automation/markets/indices/topix/files/topixweight_j.csv
340A.T,340A,"zig-zag,Inc.",Growth,,growth250,growth250,0,0,1,0,growth250:constituent,https://www.jpx.co.jp/english/markets/indices/line-up/files/e_mei2_31_mothers.pdf
3418.T,3418,"BALNIBARBI Co.,Ltd.",Growth,,growth250,growth250,0,0,1,0,growth250:constituent,https://www.jpx.co.jp/english/markets/indices/line-up/files/e_mei2_31_mothers.pdf
341A.T,341A,TOYOKOH Inc.,Growth,,growth250,growth250|jpx_startup100,0,0,1,1,growth250:constituent|jpx_startup100:constituent,https://www.jpx.co.jp/english/markets/indices/line-up/files/e_mei2_31_mothers.pdf|https://www.jpx.co.jp/english/markets/indices/line-up/files/e_mei2_42_SU100.pdf
3436.T,3436,ＳＵＭＣＯ,Prime/TOPIX,金属製品,topix500,topix500,1,0,0,0,topix500:TOPIX Mid400,https://www.jpx.co.jp/automation/markets/indices/topix/files/topixweight_j.csv
3479.T,3479,TKP Corporation,Growth,,growth250,growth250|jpx_startup100,0,0,1,1,growth250:constituent|jpx_startup100:constituent,https://www.jpx.co.jp/english/markets/indices/line-up/files/e_mei2_31_mothers.pdf|https://www.jpx.co.jp/english/markets/indices/line-up/files/e_mei2_42_SU100.pdf
3482.T,3482,Loadstar Capital K.K.,Growth/Prime/Standard,,jpx_startup100,jpx_startup100,0,0,0,1,jpx_startup100:constituent,https://www.jpx.co.jp/english/markets/indices/line-up/files/e_mei2_42_SU100.pdf
3491.T,3491,"GAtechnologies Co.,Ltd.",Growth,,growth250,growth250|jpx_startup100,0,0,1,1,growth250:constituent|jpx_startup100:constituent,https://www.jpx.co.jp/english/markets/indices/line-up/files/e_mei2_31_mothers.pdf|https://www.jpx.co.jp/english/markets/indices/line-up/files/e_mei2_42_SU100.pdf
3496.T,3496,"AZOOM CO.,LTD",Growth/Prime/Standard,,jpx_startup100,jpx_startup100,0,0,0,1,jpx_startup100:constituent,https://www.jpx.co.jp/english/markets/indices/line-up/files/e_mei2_42_SU100.pdf
3498.T,3498,"Kasumigaseki Capital Co.,Ltd.",Growth/Prime/Standard,,jpx_startup100,jpx_startup100,0,0,0,1,jpx_startup100:constituent,https://www.jpx.co.jp/english/markets/indices/line-up/files/e_mei2_42_SU100.pdf
350A.T,350A,DIGITAL GRID Corporation,Growth,,growth250,growth250,0,0,1,0,growth250:constituent,https://www.jpx.co.jp/english/markets/indices/line-up/files/e_mei2_31_mothers.pdf
352A.T,352A,"LOIVE Co.,Ltd.",Growth,,growth250,growth250,0,0,1,0,growth250:constituent,https://www.jpx.co.jp/english/markets/indices/line-up/files/e_mei2_31_mothers.pdf
3541.T,3541,Nousouken Corporation,Growth,,growth250,growth250,0,0,1,0,growth250:constituent,https://www.jpx.co.jp/english/markets/indices/line-up/files/e_mei2_31_mothers.pdf
3542.T,3542,"Vega corporation Co.,Ltd.",Growth,,growth250,growth250,0,0,1,0,growth250:constituent,https://www.jpx.co.jp/english/markets/indices/line-up/files/e_mei2_31_mothers.pdf
3549.T,3549,クスリのアオキホールディングス,Prime/TOPIX,小売業,topix500,topix500,1,0,0,0,topix500:TOPIX Mid400,https://www.jpx.co.jp/automation/markets/indices/topix/files/topixweight_j.csv
3556.T,3556,"RenetJapanGroup,Inc.",Growth,,growth250,growth250,0,0,1,0,growth250:constituent,https://www.jpx.co.jp/english/markets/indices/line-up/files/e_mei2_31_mothers.pdf
3558.T,3558,"JADE GROUP,Inc.",Growth,,growth250,growth250,0,0,1,0,growth250:constituent,https://www.jpx.co.jp/english/markets/indices/line-up/files/e_mei2_31_mothers.pdf
3563.T,3563,ＦＯＯＤ ＆ ＬＩＦＥ ＣＯＭＰＡＮＩＥＳ,Prime/TOPIX,小売業,topix500,topix500|jpx_prime150,1,1,0,0,topix500:TOPIX Mid400|jpx_prime150:constituent,https://www.jpx.co.jp/automation/markets/indices/topix/files/topixweight_j.csv|https://www.jpx.co.jp/automation/markets/indices/jpx-prime150/files/jpxprime150weight_j.csv
3591.T,3591,ワコールホールディングス,Prime/TOPIX,繊維製品,topix500,topix500,1,0,0,0,topix500:TOPIX Mid400,https://www.jpx.co.jp/automation/markets/indices/topix/files/topixweight_j.csv
3623.T,3623,Billing System Corporation,Growth,,growth250,growth250,0,0,1,0,growth250:constituent,https://www.jpx.co.jp/english/markets/indices/line-up/files/e_mei2_31_mothers.pdf
3626.T,3626,ＴＩＳ,Prime/TOPIX,情報・通信業,topix500,topix500|jpx_prime150,1,1,0,0,topix500:TOPIX Mid400|jpx_prime150:constituent,https://www.jpx.co.jp/automation/markets/indices/topix/files/topixweight_j.csv|https://www.jpx.co.jp/automation/markets/indices/jpx-prime150/files/jpxprime150weight_j.csv
3635.T,3635,コーエーテクモホールディングス,Prime/TOPIX,情報・通信業,topix500,topix500,1,0,0,0,topix500:TOPIX Mid400,https://www.jpx.co.jp/automation/markets/indices/topix/files/topixweight_j.csv
3653.T,3653,"Morpho,Inc.",Growth,,growth250,growth250,0,0,1,0,growth250:constituent,https://www.jpx.co.jp/english/markets/indices/line-up/files/e_mei2_31_mothers.pdf
3659.T,3659,ネクソン,Prime/TOPIX,情報・通信業,topix500,topix500|jpx_prime150,1,1,0,0,topix500:TOPIX Mid400|jpx_prime150:constituent,https://www.jpx.co.jp/automation/markets/indices/topix/files/topixweight_j.csv|https://www.jpx.co.jp/automation/markets/indices/jpx-prime150/files/jpxprime150weight_j.csv
366A.T,366A,Wellness Communications Corporation,Growth,,growth250,growth250,0,0,1,0,growth250:constituent,https://www.jpx.co.jp/english/markets/indices/line-up/files/e_mei2_31_mothers.pdf
3692.T,3692,"FFRI Security,Inc.",Growth,,growth250,growth250|jpx_startup100,0,0,1,1,growth250:constituent|jpx_startup100:constituent,https://www.jpx.co.jp/english/markets/indices/line-up/files/e_mei2_31_mothers.pdf|https://www.jpx.co.jp/english/markets/indices/line-up/files/e_mei2_42_SU100.pdf
3695.T,3695,"GMO Product Platform,Inc.",Growth,,growth250,growth250,0,0,1,0,growth250:constituent,https://www.jpx.co.jp/english/markets/indices/line-up/files/e_mei2_31_mothers.pdf
3697.T,3697,ＳＨＩＦＴ,Prime/TOPIX,情報・通信業,topix500,topix500|jpx_prime150|jpx_startup100,1,1,0,1,topix500:TOPIX Mid400|jpx_prime150:constituent|jpx_startup100:constituent,https://www.jpx.co.jp/automation/markets/indices/topix/files/topixweight_j.csv|https://www.jpx.co.jp/automation/markets/indices/jpx-prime150/files/jpxprime150weight_j.csv|https://www.jpx.co.jp/english/markets/indices/line-up/files/e_mei2_42_SU100.pdf
369A.T,369A,"A-tie Co.,Ltd.",Growth,,growth250,growth250,0,0,1,0,growth250:constituent,https://www.jpx.co.jp/english/markets/indices/line-up/files/e_mei2_31_mothers.pdf
3723.T,3723,NIHON FALCOM CORPORATION,Growth,,growth250,growth250,0,0,1,0,growth250:constituent,https://www.jpx.co.jp/english/markets/indices/line-up/files/e_mei2_31_mothers.pdf
373A.T,373A,"LIPPS CO.,LTD",Growth,,growth250,growth250,0,0,1,0,growth250:constituent,https://www.jpx.co.jp/english/markets/indices/line-up/files/e_mei2_31_mothers.pdf
3769.T,3769,ＧＭＯペイメントゲートウェイ,Prime/TOPIX,情報・通信業,topix500,topix500|jpx_prime150,1,1,0,0,topix500:TOPIX Mid400|jpx_prime150:constituent,https://www.jpx.co.jp/automation/markets/indices/topix/files/topixweight_j.csv|https://www.jpx.co.jp/automation/markets/indices/jpx-prime150/files/jpxprime150weight_j.csv
3773.T,3773,"Advanced Media,Inc.",Growth,,growth250,growth250,0,0,1,0,growth250:constituent,https://www.jpx.co.jp/english/markets/indices/line-up/files/e_mei2_31_mothers.pdf
3774.T,3774,インターネットイニシアティブ,Prime/TOPIX,情報・通信業,topix500,topix500|jpx_prime150,1,1,0,0,topix500:TOPIX Mid400|jpx_prime150:constituent,https://www.jpx.co.jp/automation/markets/indices/topix/files/topixweight_j.csv|https://www.jpx.co.jp/automation/markets/indices/jpx-prime150/files/jpxprime150weight_j.csv
3777.T,3777,Environment Friendly Holdings Corp.,Growth,,growth250,growth250,0,0,1,0,growth250:constituent,https://www.jpx.co.jp/english/markets/indices/line-up/files/e_mei2_31_mothers.pdf
378A.T,378A,"Hit Co.,Ltd.",Growth,,growth250,growth250,0,0,1,0,growth250:constituent,https://www.jpx.co.jp/english/markets/indices/line-up/files/e_mei2_31_mothers.pdf
3793.T,3793,"Drecom Co.,Ltd.",Growth,,growth250,growth250,0,0,1,0,growth250:constituent,https://www.jpx.co.jp/english/markets/indices/line-up/files/e_mei2_31_mothers.pdf
3861.T,3861,王子ホールディングス,Prime/TOPIX,パルプ・紙,topix500,topix500,1,0,0,0,topix500:TOPIX Mid400,https://www.jpx.co.jp/automation/markets/indices/topix/files/topixweight_j.csv
387A.T,387A,"Fuller,Inc.",Growth,,growth250,growth250,0,0,1,0,growth250:constituent,https://www.jpx.co.jp/english/markets/indices/line-up/files/e_mei2_31_mothers.pdf
3900.T,3900,CrowdWorks Inc.,Growth,,growth250,growth250,0,0,1,0,growth250:constituent,https://www.jpx.co.jp/english/markets/indices/line-up/files/e_mei2_31_mothers.pdf
3904.T,3904,KAYAC Inc.,Growth,,growth250,growth250,0,0,1,0,growth250:constituent,https://www.jpx.co.jp/english/markets/indices/line-up/files/e_mei2_31_mothers.pdf
3905.T,3905,Datasection Inc.,Growth,,growth250,growth250,0,0,1,0,growth250:constituent,https://www.jpx.co.jp/english/markets/indices/line-up/files/e_mei2_31_mothers.pdf
3911.T,3911,Aiming Inc.,Growth,,growth250,growth250,0,0,1,0,growth250:constituent,https://www.jpx.co.jp/english/markets/indices/line-up/files/e_mei2_31_mothers.pdf
3914.T,3914,JIG-SAW INC.,Growth,,growth250,growth250,0,0,1,0,growth250:constituent,https://www.jpx.co.jp/english/markets/indices/line-up/files/e_mei2_31_mothers.pdf
3915.T,3915,"TerraSky Co.,Ltd",Growth/Prime/Standard,,jpx_startup100,jpx_startup100,0,0,0,1,jpx_startup100:constituent,https://www.jpx.co.jp/english/markets/indices/line-up/files/e_mei2_42_SU100.pdf
3923.T,3923,ラクス,Prime/TOPIX,情報・通信業,topix500,topix500|jpx_prime150|jpx_startup100,1,1,0,1,topix500:TOPIX Mid400|jpx_prime150:constituent|jpx_startup100:constituent,https://www.jpx.co.jp/automation/markets/indices/topix/files/topixweight_j.csv|https://www.jpx.co.jp/automation/markets/indices/jpx-prime150/files/jpxprime150weight_j.csv|https://www.jpx.co.jp/english/markets/indices/line-up/files/e_mei2_42_SU100.pdf
3941.T,3941,レンゴー,Prime/TOPIX,パルプ・紙,topix500,topix500,1,0,0,0,topix500:TOPIX Mid400,https://www.jpx.co.jp/automation/markets/indices/topix/files/topixweight_j.csv
3979.T,3979,"ULURU.CO.,LTD.",Growth,,growth250,growth250,0,0,1,0,growth250:constituent,https://www.jpx.co.jp/english/markets/indices/line-up/files/e_mei2_31_mothers.pdf
3984.T,3984,"User Local,Inc.",Growth/Prime/Standard,,jpx_startup100,jpx_startup100,0,0,0,1,jpx_startup100:constituent,https://www.jpx.co.jp/english/markets/indices/line-up/files/e_mei2_42_SU100.pdf
3989.T,3989,SHARINGTECHNOLOGY.INC,Growth,,growth250,growth250|jpx_startup100,0,0,1,1,growth250:constituent|jpx_startup100:constituent,https://www.jpx.co.jp/english/markets/indices/line-up/files/e_mei2_31_mothers.pdf|https://www.jpx.co.jp/english/markets/indices/line-up/files/e_mei2_42_SU100.pdf
3991.T,3991,"Wantedly,Inc",Growth,,growth250,growth250,0,0,1,0,growth250:constituent,https://www.jpx.co.jp/english/markets/indices/line-up/files/e_mei2_31_mothers.pdf
3993.T,3993,PKSHA Technology Inc.,Growth/Prime/Standard,,jpx_startup100,jpx_startup100,0,0,0,1,jpx_startup100:constituent,https://www.jpx.co.jp/english/markets/indices/line-up/files/e_mei2_42_SU100.pdf
3994.T,3994,マネーフォワード,Prime/TOPIX,情報・通信業,topix500,topix500|jpx_startup100,1,0,0,1,topix500:TOPIX Mid400|jpx_startup100:constituent,https://www.jpx.co.jp/automation/markets/indices/topix/files/topixweight_j.csv|https://www.jpx.co.jp/english/markets/indices/line-up/files/e_mei2_42_SU100.pdf
4004.T,4004,レゾナック・ホールディングス,Prime/TOPIX,化学,topix500,topix500,1,0,0,0,topix500:TOPIX Mid400,https://www.jpx.co.jp/automation/markets/indices/topix/files/topixweight_j.csv
4005.T,4005,住友化学,Prime/TOPIX,化学,topix500,topix500,1,0,0,0,topix500:TOPIX Mid400,https://www.jpx.co.jp/automation/markets/indices/topix/files/topixweight_j.csv
4011.T,4011,"Headwaters Co.,Ltd",Growth,,growth250,growth250,0,0,1,0,growth250:constituent,https://www.jpx.co.jp/english/markets/indices/line-up/files/e_mei2_31_mothers.pdf
4013.T,4013,"Kinjiro Co.,Ltd.",Growth,,growth250,growth250,0,0,1,0,growth250:constituent,https://www.jpx.co.jp/english/markets/indices/line-up/files/e_mei2_31_mothers.pdf
4015.T,4015,Paycloud Holdings Inc.,Growth,,growth250,growth250,0,0,1,0,growth250:constituent,https://www.jpx.co.jp/english/markets/indices/line-up/files/e_mei2_31_mothers.pdf
4019.T,4019,"Stmn,Inc.",Growth,,growth250,growth250,0,0,1,0,growth250:constituent,https://www.jpx.co.jp/english/markets/indices/line-up/files/e_mei2_31_mothers.pdf
4021.T,4021,日産化学,Prime/TOPIX,化学,topix500,topix500|jpx_prime150,1,1,0,0,topix500:TOPIX Mid400|jpx_prime150:constituent,https://www.jpx.co.jp/automation/markets/indices/topix/files/topixweight_j.csv|https://www.jpx.co.jp/automation/markets/indices/jpx-prime150/files/jpxprime150weight_j.csv
402A.T,402A,Axelspace Holdings Corporation,Growth,,growth250,growth250,0,0,1,0,growth250:constituent,https://www.jpx.co.jp/english/markets/indices/line-up/files/e_mei2_31_mothers.pdf
4042.T,4042,東ソー,Prime/TOPIX,化学,topix500,topix500,1,0,0,0,topix500:TOPIX Mid400,https://www.jpx.co.jp/automation/markets/indices/topix/files/topixweight_j.csv
4043.T,4043,トクヤマ,Prime/TOPIX,化学,topix500,topix500,1,0,0,0,topix500:TOPIX Mid400,https://www.jpx.co.jp/automation/markets/indices/topix/files/topixweight_j.csv
4045.T,4045,東亞合成,Prime/TOPIX,化学,topix500,topix500,1,0,0,0,topix500:TOPIX Mid400,https://www.jpx.co.jp/automation/markets/indices/topix/files/topixweight_j.csv
4051.T,4051,"GMO Financial Gate,Inc.",Growth/Prime/Standard,,jpx_startup100,jpx_startup100,0,0,0,1,jpx_startup100:constituent,https://www.jpx.co.jp/english/markets/indices/line-up/files/e_mei2_42_SU100.pdf
4054.T,4054,"Japan PropTech Co.,Ltd.",Growth,,growth250,growth250,0,0,1,0,growth250:constituent,https://www.jpx.co.jp/english/markets/indices/line-up/files/e_mei2_31_mothers.pdf
4055.T,4055,T&S Group Inc.,Growth,,growth250,growth250,0,0,1,0,growth250:constituent,https://www.jpx.co.jp/english/markets/indices/line-up/files/e_mei2_31_mothers.pdf
4056.T,4056,Neural Group Inc.,Growth,,growth250,growth250,0,0,1,0,growth250:constituent,https://www.jpx.co.jp/english/markets/indices/line-up/files/e_mei2_31_mothers.pdf
4058.T,4058,"Toyokumo,Inc.",Growth,,growth250,growth250|jpx_startup100,0,0,1,1,growth250:constituent|jpx_startup100:constituent,https://www.jpx.co.jp/english/markets/indices/line-up/files/e_mei2_31_mothers.pdf|https://www.jpx.co.jp/english/markets/indices/line-up/files/e_mei2_42_SU100.pdf
4061.T,4061,デンカ,Prime/TOPIX,化学,topix500,topix500,1,0,0,0,topix500:TOPIX Mid400,https://www.jpx.co.jp/automation/markets/indices/topix/files/topixweight_j.csv
4062.T,4062,イビデン,Prime/TOPIX,電気機器,topix500,topix500,1,0,0,0,topix500:TOPIX Mid400,https://www.jpx.co.jp/automation/markets/indices/topix/files/topixweight_j.csv
4063.T,4063,信越化学工業,Prime/TOPIX,化学,topix500,topix500|jpx_prime150,1,1,0,0,topix500:TOPIX Core30|jpx_prime150:constituent,https://www.jpx.co.jp/automation/markets/indices/topix/files/topixweight_j.csv|https://www.jpx.co.jp/automation/markets/indices/jpx-prime150/files/jpxprime150weight_j.csv
4071.T,4071,"Plus Alpha Consulting Co.,LTD.",Growth/Prime/Standard,,jpx_startup100,jpx_startup100,0,0,0,1,jpx_startup100:constituent,https://www.jpx.co.jp/english/markets/indices/line-up/files/e_mei2_42_SU100.pdf
4074.T,4074,"LaKeel,Inc.",Growth,,growth250,growth250,0,0,1,0,growth250:constituent,https://www.jpx.co.jp/english/markets/indices/line-up/files/e_mei2_31_mothers.pdf
4088.T,4088,エア・ウォーター,Prime/TOPIX,化学,topix500,topix500,1,0,0,0,topix500:TOPIX Mid400,https://www.jpx.co.jp/automation/markets/indices/topix/files/topixweight_j.csv
4091.T,4091,日本酸素ホールディングス,Prime/TOPIX,化学,topix500,topix500|jpx_prime150,1,1,0,0,topix500:TOPIX Mid400|jpx_prime150:constituent,https://www.jpx.co.jp/automation/markets/indices/topix/files/topixweight_j.csv|https://www.jpx.co.jp/automation/markets/indices/jpx-prime150/files/jpxprime150weight_j.csv
410A.T,410A,"GMO Commerce,Inc.",Growth,,growth250,growth250,0,0,1,0,growth250:constituent,https://www.jpx.co.jp/english/markets/indices/line-up/files/e_mei2_31_mothers.pdf
4114.T,4114,日本触媒,Prime/TOPIX,化学,topix500,topix500,1,0,0,0,topix500:TOPIX Mid400,https://www.jpx.co.jp/automation/markets/indices/topix/files/topixweight_j.csv
4118.T,4118,カネカ,Prime/TOPIX,化学,topix500,topix500,1,0,0,0,topix500:TOPIX Mid400,https://www.jpx.co.jp/automation/markets/indices/topix/files/topixweight_j.csv
4151.T,4151,協和キリン,Prime/TOPIX,医薬品,topix500,topix500|jpx_prime150,1,1,0,0,topix500:TOPIX Mid400|jpx_prime150:constituent,https://www.jpx.co.jp/automation/markets/indices/topix/files/topixweight_j.csv|https://www.jpx.co.jp/automation/markets/indices/jpx-prime150/files/jpxprime150weight_j.csv
415A.T,415A,"GMO TECH Holdings,Inc.",Growth,,growth250,growth250,0,0,1,0,growth250:constituent,https://www.jpx.co.jp/english/markets/indices/line-up/files/e_mei2_31_mothers.pdf
4165.T,4165,"PLAID,Inc.",Growth,,growth250,growth250|jpx_startup100,0,0,1,1,growth250:constituent|jpx_startup100:constituent,https://www.jpx.co.jp/english/markets/indices/line-up/files/e_mei2_31_mothers.pdf|https://www.jpx.co.jp/english/markets/indices/line-up/files/e_mei2_42_SU100.pdf
4168.T,4168,"Yappli,Inc.",Growth,,growth250,growth250,0,0,1,0,growth250:constituent,https://www.jpx.co.jp/english/markets/indices/line-up/files/e_mei2_31_mothers.pdf
4169.T,4169,ENECHANGE Ltd.,Growth,,growth250,growth250,0,0,1,0,growth250:constituent,https://www.jpx.co.jp/english/markets/indices/line-up/files/e_mei2_31_mothers.pdf
4175.T,4175,coly Inc.,Growth,,growth250,growth250,0,0,1,0,growth250:constituent,https://www.jpx.co.jp/english/markets/indices/line-up/files/e_mei2_31_mothers.pdf
4176.T,4176,coconala Inc.,Growth,,growth250,growth250,0,0,1,0,growth250:constituent,https://www.jpx.co.jp/english/markets/indices/line-up/files/e_mei2_31_mothers.pdf
417A.T,417A,ブルーゾーンホールディングス,Prime/TOPIX,小売業,topix500,topix500,1,0,0,0,topix500:TOPIX Mid400,https://www.jpx.co.jp/automation/markets/indices/topix/files/topixweight_j.csv
4180.T,4180,"Appier Group,Inc.",Growth/Prime/Standard,,jpx_startup100,jpx_startup100,0,0,0,1,jpx_startup100:constituent,https://www.jpx.co.jp/english/markets/indices/line-up/files/e_mei2_42_SU100.pdf
4182.T,4182,三菱瓦斯化学,Prime/TOPIX,化学,topix500,topix500,1,0,0,0,topix500:TOPIX Mid400,https://www.jpx.co.jp/automation/markets/indices/topix/files/topixweight_j.csv
4183.T,4183,三井化学,Prime/TOPIX,化学,topix500,topix500,1,0,0,0,topix500:TOPIX Mid400,https://www.jpx.co.jp/automation/markets/indices/topix/files/topixweight_j.csv
4186.T,4186,東京応化工業,Prime/TOPIX,化学,topix500,topix500,1,0,0,0,topix500:TOPIX Mid400,https://www.jpx.co.jp/automation/markets/indices/topix/files/topixweight_j.csv
4188.T,4188,三菱ケミカルグループ,Prime/TOPIX,化学,topix500,topix500,1,0,0,0,topix500:TOPIX Large70,https://www.jpx.co.jp/automation/markets/indices/topix/files/topixweight_j.csv
4192.T,4192,SpiderPlus & Co.,Growth,,growth250,growth250,0,0,1,0,growth250:constituent,https://www.jpx.co.jp/english/markets/indices/line-up/files/e_mei2_31_mothers.pdf
4194.T,4194,ビジョナル,Prime/TOPIX,情報・通信業,topix500,topix500|jpx_prime150|jpx_startup100,1,1,0,1,topix500:TOPIX Mid400|jpx_prime150:constituent|jpx_startup100:constituent,https://www.jpx.co.jp/automation/markets/indices/topix/files/topixweight_j.csv|https://www.jpx.co.jp/automation/markets/indices/jpx-prime150/files/jpxprime150weight_j.csv|https://www.jpx.co.jp/english/markets/indices/line-up/files/e_mei2_42_SU100.pdf
4202.T,4202,ダイセル,Prime/TOPIX,化学,topix500,topix500,1,0,0,0,topix500:TOPIX Mid400,https://www.jpx.co.jp/automation/markets/indices/topix/files/topixweight_j.csv
4203.T,4203,住友ベークライト,Prime/TOPIX,化学,topix500,topix500,1,0,0,0,topix500:TOPIX Mid400,https://www.jpx.co.jp/automation/markets/indices/topix/files/topixweight_j.csv
4204.T,4204,積水化学工業,Prime/TOPIX,化学,topix500,topix500,1,0,0,0,topix500:TOPIX Mid400,https://www.jpx.co.jp/automation/markets/indices/topix/files/topixweight_j.csv
4205.T,4205,日本ゼオン,Prime/TOPIX,化学,topix500,topix500,1,0,0,0,topix500:TOPIX Mid400,https://www.jpx.co.jp/automation/markets/indices/topix/files/topixweight_j.csv
4206.T,4206,アイカ工業,Prime/TOPIX,化学,topix500,topix500,1,0,0,0,topix500:TOPIX Mid400,https://www.jpx.co.jp/automation/markets/indices/topix/files/topixweight_j.csv
4208.T,4208,ＵＢＥ,Prime/TOPIX,化学,topix500,topix500,1,0,0,0,topix500:TOPIX Mid400,https://www.jpx.co.jp/automation/markets/indices/topix/files/topixweight_j.csv
4258.T,4258,AMIYA Corporation,Growth,,growth250,growth250,0,0,1,0,growth250:constituent,https://www.jpx.co.jp/english/markets/indices/line-up/files/e_mei2_31_mothers.pdf
4259.T,4259,ExaWizards Inc.,Growth,,growth250,growth250|jpx_startup100,0,0,1,1,growth250:constituent|jpx_startup100:constituent,https://www.jpx.co.jp/english/markets/indices/line-up/files/e_mei2_31_mothers.pdf|https://www.jpx.co.jp/english/markets/indices/line-up/files/e_mei2_42_SU100.pdf
4263.T,4263,"SUSMED,Inc.",Growth,,growth250,growth250,0,0,1,0,growth250:constituent,https://www.jpx.co.jp/english/markets/indices/line-up/files/e_mei2_31_mothers.pdf
4264.T,4264,"SECURE,INC.",Growth,,growth250,growth250,0,0,1,0,growth250:constituent,https://www.jpx.co.jp/english/markets/indices/line-up/files/e_mei2_31_mothers.pdf
4270.T,4270,BeeX Inc.,Growth,,growth250,growth250,0,0,1,0,growth250:constituent,https://www.jpx.co.jp/english/markets/indices/line-up/files/e_mei2_31_mothers.pdf
4272.T,4272,日本化薬,Prime/TOPIX,化学,topix500,topix500,1,0,0,0,topix500:TOPIX Mid400,https://www.jpx.co.jp/automation/markets/indices/topix/files/topixweight_j.csv
4307.T,4307,野村総合研究所,Prime/TOPIX,情報・通信業,topix500,topix500|jpx_prime150,1,1,0,0,topix500:TOPIX Large70|jpx_prime150:constituent,https://www.jpx.co.jp/automation/markets/indices/topix/files/topixweight_j.csv|https://www.jpx.co.jp/automation/markets/indices/jpx-prime150/files/jpxprime150weight_j.csv
4308.T,4308,J-Stream Inc.,Growth,,growth250,growth250,0,0,1,0,growth250:constituent,https://www.jpx.co.jp/english/markets/indices/line-up/files/e_mei2_31_mothers.pdf
4324.T,4324,電通グループ,Prime/TOPIX,サービス業,topix500,topix500|jpx_prime150,1,1,0,0,topix500:TOPIX Mid400|jpx_prime150:constituent,https://www.jpx.co.jp/automation/markets/indices/topix/files/topixweight_j.csv|https://www.jpx.co.jp/automation/markets/indices/jpx-prime150/files/jpxprime150weight_j.csv
4371.T,4371,Core Concept Technologies Inc.,Growth,,growth250,growth250|jpx_startup100,0,0,1,1,growth250:constituent|jpx_startup100:constituent,https://www.jpx.co.jp/english/markets/indices/line-up/files/e_mei2_31_mothers.pdf|https://www.jpx.co.jp/english/markets/indices/line-up/files/e_mei2_42_SU100.pdf
4374.T,4374,ROBOT PAYMENT INC.,Growth,,growth250,growth250,0,0,1,0,growth250:constituent,https://www.jpx.co.jp/english/markets/indices/line-up/files/e_mei2_31_mothers.pdf
4375.T,4375,Safie Inc.,Growth,,growth250,growth250|jpx_startup100,0,0,1,1,growth250:constituent|jpx_startup100:constituent,https://www.jpx.co.jp/english/markets/indices/line-up/files/e_mei2_31_mothers.pdf|https://www.jpx.co.jp/english/markets/indices/line-up/files/e_mei2_42_SU100.pdf
4376.T,4376,Kufu Company Holdings Inc.,Growth,,growth250,growth250,0,0,1,0,growth250:constituent,https://www.jpx.co.jp/english/markets/indices/line-up/files/e_mei2_31_mothers.pdf
4377.T,4377,ONE CAREER Inc.,Growth,,growth250,growth250|jpx_startup100,0,0,1,1,growth250:constituent|jpx_startup100:constituent,https://www.jpx.co.jp/english/markets/indices/line-up/files/e_mei2_31_mothers.pdf|https://www.jpx.co.jp/english/markets/indices/line-up/files/e_mei2_42_SU100.pdf
4384.T,4384,RAKSUL INC.,Growth/Prime/Standard,,jpx_startup100,jpx_startup100,0,0,0,1,jpx_startup100:constituent,https://www.jpx.co.jp/english/markets/indices/line-up/files/e_mei2_42_SU100.pdf
4385.T,4385,メルカリ,Prime/TOPIX,情報・通信業,topix500,topix500|jpx_prime150,1,1,0,0,topix500:TOPIX Mid400|jpx_prime150:constituent,https://www.jpx.co.jp/automation/markets/indices/topix/files/topixweight_j.csv|https://www.jpx.co.jp/automation/markets/indices/jpx-prime150/files/jpxprime150weight_j.csv
4389.T,4389,"Property Data Bank,Inc.",Growth,,growth250,growth250,0,0,1,0,growth250:constituent,https://www.jpx.co.jp/english/markets/indices/line-up/files/e_mei2_31_mothers.pdf
4393.T,4393,"Bank of Innovation,Inc.",Growth,,growth250,growth250|jpx_startup100,0,0,1,1,growth250:constituent|jpx_startup100:constituent,https://www.jpx.co.jp/english/markets/indices/line-up/files/e_mei2_31_mothers.pdf|https://www.jpx.co.jp/english/markets/indices/line-up/files/e_mei2_42_SU100.pdf
4397.T,4397,TeamSpirit Inc.,Growth,,growth250,growth250,0,0,1,0,growth250:constituent,https://www.jpx.co.jp/english/markets/indices/line-up/files/e_mei2_31_mothers.pdf
4401.T,4401,ＡＤＥＫＡ,Prime/TOPIX,化学,topix500,topix500,1,0,0,0,topix500:TOPIX Mid400,https://www.jpx.co.jp/automation/markets/indices/topix/files/topixweight_j.csv
4403.T,4403,日油,Prime/TOPIX,化学,topix500,topix500,1,0,0,0,topix500:TOPIX Mid400,https://www.jpx.co.jp/automation/markets/indices/topix/files/topixweight_j.csv
4412.T,4412,"Science Arts,Inc.",Growth,,growth250,growth250,0,0,1,0,growth250:constituent,https://www.jpx.co.jp/english/markets/indices/line-up/files/e_mei2_31_mothers.pdf
4413.T,4413,"baudroie,inc.",Growth/Prime/Standard,,jpx_startup100,jpx_startup100,0,0,0,1,jpx_startup100:constituent,https://www.jpx.co.jp/english/markets/indices/line-up/files/e_mei2_42_SU100.pdf
4414.T,4414,"FLECT Co.,Ltd.",Growth,,growth250,growth250,0,0,1,0,growth250:constituent,https://www.jpx.co.jp/english/markets/indices/line-up/files/e_mei2_31_mothers.pdf
4417.T,4417,Global Security Experts Inc.,Growth,,growth250,growth250|jpx_startup100,0,0,1,1,growth250:constituent|jpx_startup100:constituent,https://www.jpx.co.jp/english/markets/indices/line-up/files/e_mei2_31_mothers.pdf|https://www.jpx.co.jp/english/markets/indices/line-up/files/e_mei2_42_SU100.pdf
4418.T,4418,Japan Data Science Consortium Co.Ltd.,Growth,,growth250,growth250,0,0,1,0,growth250:constituent,https://www.jpx.co.jp/english/markets/indices/line-up/files/e_mei2_31_mothers.pdf
4419.T,4419,Finatext Holdings Ltd.,Growth,,growth250,growth250|jpx_startup100,0,0,1,1,growth250:constituent|jpx_startup100:constituent,https://www.jpx.co.jp/english/markets/indices/line-up/files/e_mei2_31_mothers.pdf|https://www.jpx.co.jp/english/markets/indices/line-up/files/e_mei2_42_SU100.pdf
4425.T,4425,Kudan Inc.,Growth,,growth250,growth250,0,0,1,0,growth250:constituent,https://www.jpx.co.jp/english/markets/indices/line-up/files/e_mei2_31_mothers.pdf
4431.T,4431,"Smaregi,Inc.",Growth,,growth250,growth250|jpx_startup100,0,0,1,1,growth250:constituent|jpx_startup100:constituent,https://www.jpx.co.jp/english/markets/indices/line-up/files/e_mei2_31_mothers.pdf|https://www.jpx.co.jp/english/markets/indices/line-up/files/e_mei2_42_SU100.pdf
4436.T,4436,"MINKABU THE INFONOID,Inc.",Growth,,growth250,growth250,0,0,1,0,growth250:constituent,https://www.jpx.co.jp/english/markets/indices/line-up/files/e_mei2_31_mothers.pdf
4442.T,4442,"VALTES HOLDINGS CO.,LTD.",Growth,,growth250,growth250,0,0,1,0,growth250:constituent,https://www.jpx.co.jp/english/markets/indices/line-up/files/e_mei2_31_mothers.pdf
4443.T,4443,"Sansan,Inc.",Growth/Prime/Standard,,jpx_startup100,jpx_startup100,0,0,0,1,jpx_startup100:constituent,https://www.jpx.co.jp/english/markets/indices/line-up/files/e_mei2_42_SU100.pdf
4448.T,4448,"kubell Co.,Ltd.",Growth,,growth250,growth250,0,0,1,0,growth250:constituent,https://www.jpx.co.jp/english/markets/indices/line-up/files/e_mei2_31_mothers.pdf
4449.T,4449,giftee Inc.,Growth/Prime/Standard,,jpx_startup100,jpx_startup100,0,0,0,1,jpx_startup100:constituent,https://www.jpx.co.jp/english/markets/indices/line-up/files/e_mei2_42_SU100.pdf
4452.T,4452,花王,Prime/TOPIX,化学,topix500,topix500|jpx_prime150,1,1,0,0,topix500:TOPIX Large70|jpx_prime150:constituent,https://www.jpx.co.jp/automation/markets/indices/topix/files/topixweight_j.csv|https://www.jpx.co.jp/automation/markets/indices/jpx-prime150/files/jpxprime150weight_j.csv
4475.T,4475,HENNGE K.K.,Growth,,growth250,growth250|jpx_startup100,0,0,1,1,growth250:constituent|jpx_startup100:constituent,https://www.jpx.co.jp/english/markets/indices/line-up/files/e_mei2_31_mothers.pdf|https://www.jpx.co.jp/english/markets/indices/line-up/files/e_mei2_42_SU100.pdf
4477.T,4477,"BASE,Inc.",Growth,,growth250,growth250|jpx_startup100,0,0,1,1,growth250:constituent|jpx_startup100:constituent,https://www.jpx.co.jp/english/markets/indices/line-up/files/e_mei2_31_mothers.pdf|https://www.jpx.co.jp/english/markets/indices/line-up/files/e_mei2_42_SU100.pdf
4478.T,4478,freee K.K.,Growth,,growth250,growth250|jpx_startup100,0,0,1,1,growth250:constituent|jpx_startup100:constituent,https://www.jpx.co.jp/english/markets/indices/line-up/files/e_mei2_31_mothers.pdf|https://www.jpx.co.jp/english/markets/indices/line-up/files/e_mei2_42_SU100.pdf
4479.T,4479,"Makuake,Inc.",Growth,,growth250,growth250,0,0,1,0,growth250:constituent,https://www.jpx.co.jp/english/markets/indices/line-up/files/e_mei2_31_mothers.pdf
4480.T,4480,"MEDLEY,INC.",Growth/Prime/Standard,,jpx_startup100,jpx_startup100,0,0,0,1,jpx_startup100:constituent,https://www.jpx.co.jp/english/markets/indices/line-up/files/e_mei2_42_SU100.pdf
4482.T,4482,WILLs Inc.,Growth,,growth250,growth250,0,0,1,0,growth250:constituent,https://www.jpx.co.jp/english/markets/indices/line-up/files/e_mei2_31_mothers.pdf
4483.T,4483,JMDC Inc.,Growth/Prime/Standard,,jpx_startup100,jpx_startup100,0,0,0,1,jpx_startup100:constituent,https://www.jpx.co.jp/english/markets/indices/line-up/files/e_mei2_42_SU100.pdf
4488.T,4488,AI inside Inc.,Growth,,growth250,growth250,0,0,1,0,growth250:constituent,https://www.jpx.co.jp/english/markets/indices/line-up/files/e_mei2_31_mothers.pdf
4490.T,4490,VisasQ Inc.,Growth,,growth250,growth250,0,0,1,0,growth250:constituent,https://www.jpx.co.jp/english/markets/indices/line-up/files/e_mei2_31_mothers.pdf
4493.T,4493,"Cyber Security Cloud,Inc.",Growth,,growth250,growth250,0,0,1,0,growth250:constituent,https://www.jpx.co.jp/english/markets/indices/line-up/files/e_mei2_31_mothers.pdf
4495.T,4495,"i Cubed Systems,Inc.",Growth,,growth250,growth250,0,0,1,0,growth250:constituent,https://www.jpx.co.jp/english/markets/indices/line-up/files/e_mei2_31_mothers.pdf
4498.T,4498,"Cybertrust Japan Co.,Ltd.",Growth,,growth250,growth250,0,0,1,0,growth250:constituent,https://www.jpx.co.jp/english/markets/indices/line-up/files/e_mei2_31_mothers.pdf
4502.T,4502,武田薬品工業,Prime/TOPIX,医薬品,topix500,topix500,1,0,0,0,topix500:TOPIX Core30,https://www.jpx.co.jp/automation/markets/indices/topix/files/topixweight_j.csv
4503.T,4503,アステラス製薬,Prime/TOPIX,医薬品,topix500,topix500|jpx_prime150,1,1,0,0,topix500:TOPIX Large70|jpx_prime150:constituent,https://www.jpx.co.jp/automation/markets/indices/topix/files/topixweight_j.csv|https://www.jpx.co.jp/automation/markets/indices/jpx-prime150/files/jpxprime150weight_j.csv
4506.T,4506,住友ファーマ,Prime/TOPIX,医薬品,topix500,topix500,1,0,0,0,topix500:TOPIX Mid400,https://www.jpx.co.jp/automation/markets/indices/topix/files/topixweight_j.csv
4507.T,4507,塩野義製薬,Prime/TOPIX,医薬品,topix500,topix500|jpx_prime150,1,1,0,0,topix500:TOPIX Large70|jpx_prime150:constituent,https://www.jpx.co.jp/automation/markets/indices/topix/files/topixweight_j.csv|https://www.jpx.co.jp/automation/markets/indices/jpx-prime150/files/jpxprime150weight_j.csv
4516.T,4516,日本新薬,Prime/TOPIX,医薬品,topix500,topix500,1,0,0,0,topix500:TOPIX Mid400,https://www.jpx.co.jp/automation/markets/indices/topix/files/topixweight_j.csv
4519.T,4519,中外製薬,Prime/TOPIX,医薬品,topix500,topix500|jpx_prime150,1,1,0,0,topix500:TOPIX Large70|jpx_prime150:constituent,https://www.jpx.co.jp/automation/markets/indices/topix/files/topixweight_j.csv|https://www.jpx.co.jp/automation/markets/indices/jpx-prime150/files/jpxprime150weight_j.csv
4523.T,4523,エーザイ,Prime/TOPIX,医薬品,topix500,topix500|jpx_prime150,1,1,0,0,topix500:TOPIX Mid400|jpx_prime150:constituent,https://www.jpx.co.jp/automation/markets/indices/topix/files/topixweight_j.csv|https://www.jpx.co.jp/automation/markets/indices/jpx-prime150/files/jpxprime150weight_j.csv
4527.T,4527,ロート製薬,Prime/TOPIX,医薬品,topix500,topix500,1,0,0,0,topix500:TOPIX Mid400,https://www.jpx.co.jp/automation/markets/indices/topix/files/topixweight_j.csv
4528.T,4528,小野薬品工業,Prime/TOPIX,医薬品,topix500,topix500,1,0,0,0,topix500:TOPIX Mid400,https://www.jpx.co.jp/automation/markets/indices/topix/files/topixweight_j.csv
4530.T,4530,久光製薬,Prime/TOPIX,医薬品,topix500,topix500,1,0,0,0,topix500:TOPIX Mid400,https://www.jpx.co.jp/automation/markets/indices/topix/files/topixweight_j.csv
4536.T,4536,参天製薬,Prime/TOPIX,医薬品,topix500,topix500,1,0,0,0,topix500:TOPIX Mid400,https://www.jpx.co.jp/automation/markets/indices/topix/files/topixweight_j.csv
4540.T,4540,ツムラ,Prime/TOPIX,医薬品,topix500,topix500,1,0,0,0,topix500:TOPIX Mid400,https://www.jpx.co.jp/automation/markets/indices/topix/files/topixweight_j.csv
4543.T,4543,テルモ,Prime/TOPIX,精密機器,topix500,topix500|jpx_prime150,1,1,0,0,topix500:TOPIX Large70|jpx_prime150:constituent,https://www.jpx.co.jp/automation/markets/indices/topix/files/topixweight_j.csv|https://www.jpx.co.jp/automation/markets/indices/jpx-prime150/files/jpxprime150weight_j.csv
4544.T,4544,Ｈ．Ｕ．グループホールディングス,Prime/TOPIX,サービス業,topix500,topix500,1,0,0,0,topix500:TOPIX Mid400,https://www.jpx.co.jp/automation/markets/indices/topix/files/topixweight_j.csv
4563.T,4563,"AnGes,Inc.",Growth,,growth250,growth250|jpx_startup100,0,0,1,1,growth250:constituent|jpx_startup100:constituent,https://www.jpx.co.jp/english/markets/indices/line-up/files/e_mei2_31_mothers.pdf|https://www.jpx.co.jp/english/markets/indices/line-up/files/e_mei2_42_SU100.pdf
4564.T,4564,"OncoTherapy Science,Inc.",Growth,,growth250,growth250,0,0,1,0,growth250:constituent,https://www.jpx.co.jp/english/markets/indices/line-up/files/e_mei2_31_mothers.pdf
4565.T,4565,"Nxera Pharma Co.,Ltd.",Growth/Prime/Standard,,jpx_startup100,jpx_startup100,0,0,0,1,jpx_startup100:constituent,https://www.jpx.co.jp/english/markets/indices/line-up/files/e_mei2_42_SU100.pdf
4568.T,4568,第一三共,Prime/TOPIX,医薬品,topix500,topix500|jpx_prime150,1,1,0,0,topix500:TOPIX Core30|jpx_prime150:constituent,https://www.jpx.co.jp/automation/markets/indices/topix/files/topixweight_j.csv|https://www.jpx.co.jp/automation/markets/indices/jpx-prime150/files/jpxprime150weight_j.csv
4571.T,4571,"NANO MRNA Co.,Ltd.",Growth,,growth250,growth250,0,0,1,0,growth250:constituent,https://www.jpx.co.jp/english/markets/indices/line-up/files/e_mei2_31_mothers.pdf
4572.T,4572,"Carna Biosciences,Inc.",Growth,,growth250,growth250,0,0,1,0,growth250:constituent,https://www.jpx.co.jp/english/markets/indices/line-up/files/e_mei2_31_mothers.pdf
4575.T,4575,"CanBas Co.,Ltd.",Growth,,growth250,growth250|jpx_startup100,0,0,1,1,growth250:constituent|jpx_startup100:constituent,https://www.jpx.co.jp/english/markets/indices/line-up/files/e_mei2_31_mothers.pdf|https://www.jpx.co.jp/english/markets/indices/line-up/files/e_mei2_42_SU100.pdf
4578.T,4578,大塚ホールディングス,Prime/TOPIX,医薬品,topix500,topix500|jpx_prime150,1,1,0,0,topix500:TOPIX Large70|jpx_prime150:constituent,https://www.jpx.co.jp/automation/markets/indices/topix/files/topixweight_j.csv|https://www.jpx.co.jp/automation/markets/indices/jpx-prime150/files/jpxprime150weight_j.csv
4579.T,4579,RaQualia Pharma Inc.,Growth,,growth250,growth250,0,0,1,0,growth250:constituent,https://www.jpx.co.jp/english/markets/indices/line-up/files/e_mei2_31_mothers.pdf
4582.T,4582,SymBio,Growth,,growth250,growth250,0,0,1,0,growth250:constituent,https://www.jpx.co.jp/english/markets/indices/line-up/files/e_mei2_31_mothers.pdf
4583.T,4583,Chiome Bioscience Inc.,Growth,,growth250,growth250,0,0,1,0,growth250:constituent,https://www.jpx.co.jp/english/markets/indices/line-up/files/e_mei2_31_mothers.pdf
4584.T,4584,Kidswell Bio Corporation,Growth,,growth250,growth250,0,0,1,0,growth250:constituent,https://www.jpx.co.jp/english/markets/indices/line-up/files/e_mei2_31_mothers.pdf
4587.T,4587,ペプチドリーム,Prime/TOPIX,医薬品,topix500,topix500,1,0,0,0,topix500:TOPIX Mid400,https://www.jpx.co.jp/automation/markets/indices/topix/files/topixweight_j.csv
4588.T,4588,Oncolys BioPharma Inc.,Growth,,growth250,growth250,0,0,1,0,growth250:constituent,https://www.jpx.co.jp/english/markets/indices/line-up/files/e_mei2_31_mothers.pdf
4592.T,4592,SanBio Company Limited,Growth,,growth250,growth250|jpx_startup100,0,0,1,1,growth250:constituent|jpx_startup100:constituent,https://www.jpx.co.jp/english/markets/indices/line-up/files/e_mei2_31_mothers.pdf|https://www.jpx.co.jp/english/markets/indices/line-up/files/e_mei2_42_SU100.pdf
4593.T,4593,HEALIOS K.K.,Growth,,growth250,growth250|jpx_startup100,0,0,1,1,growth250:constituent|jpx_startup100:constituent,https://www.jpx.co.jp/english/markets/indices/line-up/files/e_mei2_31_mothers.pdf|https://www.jpx.co.jp/english/markets/indices/line-up/files/e_mei2_42_SU100.pdf
4594.T,4594,"BrightPath Biotherapeutics Co.,Ltd.",Growth,,growth250,growth250,0,0,1,0,growth250:constituent,https://www.jpx.co.jp/english/markets/indices/line-up/files/e_mei2_31_mothers.pdf
4597.T,4597,Solasia Pharma K.K.,Growth,,growth250,growth250,0,0,1,0,growth250:constituent,https://www.jpx.co.jp/english/markets/indices/line-up/files/e_mei2_31_mothers.pdf
4599.T,4599,StemRIM Inc.,Growth,,growth250,growth250,0,0,1,0,growth250:constituent,https://www.jpx.co.jp/english/markets/indices/line-up/files/e_mei2_31_mothers.pdf
4612.T,4612,日本ペイントホールディングス,Prime/TOPIX,化学,topix500,topix500|jpx_prime150,1,1,0,0,topix500:TOPIX Mid400|jpx_prime150:constituent,https://www.jpx.co.jp/automation/markets/indices/topix/files/topixweight_j.csv|https://www.jpx.co.jp/automation/markets/indices/jpx-prime150/files/jpxprime150weight_j.csv
4613.T,4613,関西ペイント,Prime/TOPIX,化学,topix500,topix500,1,0,0,0,topix500:TOPIX Mid400,https://www.jpx.co.jp/automation/markets/indices/topix/files/topixweight_j.csv
4626.T,4626,太陽ホールディングス,Prime/TOPIX,化学,topix500,topix500,1,0,0,0,topix500:TOPIX Mid400,https://www.jpx.co.jp/automation/markets/indices/topix/files/topixweight_j.csv
4631.T,4631,ＤＩＣ,Prime/TOPIX,化学,topix500,topix500,1,0,0,0,topix500:TOPIX Mid400,https://www.jpx.co.jp/automation/markets/indices/topix/files/topixweight_j.csv
464A.T,464A,QPS Holdings Inc.,Growth/Prime/Standard,,jpx_startup100,jpx_startup100,0,0,0,1,jpx_startup100:constituent,https://www.jpx.co.jp/english/markets/indices/line-up/files/e_mei2_42_SU100.pdf
4661.T,4661,オリエンタルランド,Prime/TOPIX,サービス業,topix500,topix500|jpx_prime150,1,1,0,0,topix500:TOPIX Large70|jpx_prime150:constituent,https://www.jpx.co.jp/automation/markets/indices/topix/files/topixweight_j.csv|https://www.jpx.co.jp/automation/markets/indices/jpx-prime150/files/jpxprime150weight_j.csv
4665.T,4665,ダスキン,Prime/TOPIX,サービス業,topix500,topix500,1,0,0,0,topix500:TOPIX Mid400,https://www.jpx.co.jp/automation/markets/indices/topix/files/topixweight_j.csv
4666.T,4666,パーク２４,Prime/TOPIX,不動産業,topix500,topix500|jpx_prime150,1,1,0,0,topix500:TOPIX Mid400|jpx_prime150:constituent,https://www.jpx.co.jp/automation/markets/indices/topix/files/topixweight_j.csv|https://www.jpx.co.jp/automation/markets/indices/jpx-prime150/files/jpxprime150weight_j.csv
4676.T,4676,フジ・メディア・ホールディングス,Prime/TOPIX,情報・通信業,topix500,topix500,1,0,0,0,topix500:TOPIX Mid400,https://www.jpx.co.jp/automation/markets/indices/topix/files/topixweight_j.csv
4680.T,4680,ラウンドワン,Prime/TOPIX,サービス業,topix500,topix500,1,0,0,0,topix500:TOPIX Mid400,https://www.jpx.co.jp/automation/markets/indices/topix/files/topixweight_j.csv
4681.T,4681,リゾートトラスト,Prime/TOPIX,サービス業,topix500,topix500,1,0,0,0,topix500:TOPIX Mid400,https://www.jpx.co.jp/automation/markets/indices/topix/files/topixweight_j.csv
4684.T,4684,オービック,Prime/TOPIX,情報・通信業,topix500,topix500|jpx_prime150,1,1,0,0,topix500:TOPIX Mid400|jpx_prime150:constituent,https://www.jpx.co.jp/automation/markets/indices/topix/files/topixweight_j.csv|https://www.jpx.co.jp/automation/markets/indices/jpx-prime150/files/jpxprime150weight_j.csv
4689.T,4689,ＬＩＮＥヤフー,Prime/TOPIX,情報・通信業,topix500,topix500|jpx_prime150,1,1,0,0,topix500:TOPIX Large70|jpx_prime150:constituent,https://www.jpx.co.jp/automation/markets/indices/topix/files/topixweight_j.csv|https://www.jpx.co.jp/automation/markets/indices/jpx-prime150/files/jpxprime150weight_j.csv
4704.T,4704,トレンドマイクロ,Prime/TOPIX,情報・通信業,topix500,topix500,1,0,0,0,topix500:TOPIX Mid400,https://www.jpx.co.jp/automation/markets/indices/topix/files/topixweight_j.csv
4716.T,4716,日本オラクル,Prime/TOPIX,情報・通信業,topix500,topix500,1,0,0,0,topix500:TOPIX Mid400,https://www.jpx.co.jp/automation/markets/indices/topix/files/topixweight_j.csv
4732.T,4732,ユー・エス・エス,Prime/TOPIX,サービス業,topix500,topix500|jpx_prime150,1,1,0,0,topix500:TOPIX Mid400|jpx_prime150:constituent,https://www.jpx.co.jp/automation/markets/indices/topix/files/topixweight_j.csv|https://www.jpx.co.jp/automation/markets/indices/jpx-prime150/files/jpxprime150weight_j.csv
4733.T,4733,オービックビジネスコンサルタント,Prime/TOPIX,情報・通信業,topix500,topix500,1,0,0,0,topix500:TOPIX Mid400,https://www.jpx.co.jp/automation/markets/indices/topix/files/topixweight_j.csv
4751.T,4751,サイバーエージェント,Prime/TOPIX,サービス業,topix500,topix500,1,0,0,0,topix500:TOPIX Mid400,https://www.jpx.co.jp/automation/markets/indices/topix/files/topixweight_j.csv
4755.T,4755,楽天グループ,Prime/TOPIX,サービス業,topix500,topix500,1,0,0,0,topix500:TOPIX Mid400,https://www.jpx.co.jp/automation/markets/indices/topix/files/topixweight_j.csv
4768.T,4768,大塚商会,Prime/TOPIX,情報・通信業,topix500,topix500,1,0,0,0,topix500:TOPIX Mid400,https://www.jpx.co.jp/automation/markets/indices/topix/files/topixweight_j.csv
4772.T,4772,"SM ENTERTAINMENT JAPAN Co.,Ltd.",Growth,,growth250,growth250,0,0,1,0,growth250:constituent,https://www.jpx.co.jp/english/markets/indices/line-up/files/e_mei2_31_mothers.pdf
4811.T,4811,DreamArts Corporation,Growth,,growth250,growth250,0,0,1,0,growth250:constituent,https://www.jpx.co.jp/english/markets/indices/line-up/files/e_mei2_31_mothers.pdf
4812.T,4812,電通総研,Prime,情報・通信業,jpx_prime150,jpx_prime150,0,1,0,0,jpx_prime150:constituent,https://www.jpx.co.jp/automation/markets/indices/jpx-prime150/files/jpxprime150weight_j.csv
4882.T,4882,Perseus Proteomics Inc.,Growth,,growth250,growth250,0,0,1,0,growth250:constituent,https://www.jpx.co.jp/english/markets/indices/line-up/files/e_mei2_31_mothers.pdf
4887.T,4887,サワイグループホールディングス,Prime/TOPIX,医薬品,topix500,topix500,1,0,0,0,topix500:TOPIX Mid400,https://www.jpx.co.jp/automation/markets/indices/topix/files/topixweight_j.csv
4888.T,4888,STELLA PHARMA CORPORATION,Growth,,growth250,growth250,0,0,1,0,growth250:constituent,https://www.jpx.co.jp/english/markets/indices/line-up/files/e_mei2_31_mothers.pdf
4889.T,4889,Renascience Inc.,Growth,,growth250,growth250,0,0,1,0,growth250:constituent,https://www.jpx.co.jp/english/markets/indices/line-up/files/e_mei2_31_mothers.pdf
4890.T,4890,Tsubota Laboratory Incorporated,Growth,,growth250,growth250,0,0,1,0,growth250:constituent,https://www.jpx.co.jp/english/markets/indices/line-up/files/e_mei2_31_mothers.pdf
4891.T,4891,"TMS Co.,Ltd.",Growth,,growth250,growth250,0,0,1,0,growth250:constituent,https://www.jpx.co.jp/english/markets/indices/line-up/files/e_mei2_31_mothers.pdf
4893.T,4893,Noile-Immune Biotech Inc.,Growth,,growth250,growth250,0,0,1,0,growth250:constituent,https://www.jpx.co.jp/english/markets/indices/line-up/files/e_mei2_31_mothers.pdf
4894.T,4894,Cuorips Inc.,Growth,,growth250,growth250|jpx_startup100,0,0,1,1,growth250:constituent|jpx_startup100:constituent,https://www.jpx.co.jp/english/markets/indices/line-up/files/e_mei2_31_mothers.pdf|https://www.jpx.co.jp/english/markets/indices/line-up/files/e_mei2_42_SU100.pdf
4896.T,4896,"K Pharma,Inc.",Growth,,growth250,growth250,0,0,1,0,growth250:constituent,https://www.jpx.co.jp/english/markets/indices/line-up/files/e_mei2_31_mothers.pdf
4901.T,4901,富士フイルムホールディングス,Prime/TOPIX,化学,topix500,topix500|jpx_prime150,1,1,0,0,topix500:TOPIX Large70|jpx_prime150:constituent,https://www.jpx.co.jp/automation/markets/indices/topix/files/topixweight_j.csv|https://www.jpx.co.jp/automation/markets/indices/jpx-prime150/files/jpxprime150weight_j.csv
4902.T,4902,コニカミノルタ,Prime/TOPIX,電気機器,topix500,topix500,1,0,0,0,topix500:TOPIX Mid400,https://www.jpx.co.jp/automation/markets/indices/topix/files/topixweight_j.csv
4911.T,4911,資生堂,Prime/TOPIX,化学,topix500,topix500|jpx_prime150,1,1,0,0,topix500:TOPIX Mid400|jpx_prime150:constituent,https://www.jpx.co.jp/automation/markets/indices/topix/files/topixweight_j.csv|https://www.jpx.co.jp/automation/markets/indices/jpx-prime150/files/jpxprime150weight_j.csv
4912.T,4912,ライオン,Prime/TOPIX,化学,topix500,topix500,1,0,0,0,topix500:TOPIX Mid400,https://www.jpx.co.jp/automation/markets/indices/topix/files/topixweight_j.csv
4922.T,4922,コーセーホールディングス,Prime/TOPIX,化学,topix500,topix500,1,0,0,0,topix500:TOPIX Mid400,https://www.jpx.co.jp/automation/markets/indices/topix/files/topixweight_j.csv
4927.T,4927,ポーラ・オルビスホールディングス,Prime/TOPIX,化学,topix500,topix500,1,0,0,0,topix500:TOPIX Mid400,https://www.jpx.co.jp/automation/markets/indices/topix/files/topixweight_j.csv
4967.T,4967,小林製薬,Prime/TOPIX,化学,topix500,topix500,1,0,0,0,topix500:TOPIX Mid400,https://www.jpx.co.jp/automation/markets/indices/topix/files/topixweight_j.csv
4978.T,4978,ReproCELL Incorporated,Growth,,growth250,growth250,0,0,1,0,growth250:constituent,https://www.jpx.co.jp/english/markets/indices/line-up/files/e_mei2_31_mothers.pdf
4980.T,4980,デクセリアルズ,Prime/TOPIX,化学,topix500,topix500|jpx_prime150,1,1,0,0,topix500:TOPIX Mid400|jpx_prime150:constituent,https://www.jpx.co.jp/automation/markets/indices/topix/files/topixweight_j.csv|https://www.jpx.co.jp/automation/markets/indices/jpx-prime150/files/jpxprime150weight_j.csv
5016.T,5016,ＪＸ金属,Prime/TOPIX,非鉄金属,topix500,topix500,1,0,0,0,topix500:TOPIX Mid400,https://www.jpx.co.jp/automation/markets/indices/topix/files/topixweight_j.csv
5019.T,5019,出光興産,Prime/TOPIX,石油・石炭製品,topix500,topix500,1,0,0,0,topix500:TOPIX Mid400,https://www.jpx.co.jp/automation/markets/indices/topix/files/topixweight_j.csv
5020.T,5020,ＥＮＥＯＳホールディングス,Prime/TOPIX,石油・石炭製品,topix500,topix500,1,0,0,0,topix500:TOPIX Large70,https://www.jpx.co.jp/automation/markets/indices/topix/files/topixweight_j.csv
5021.T,5021,コスモエネルギーホールディングス,Prime/TOPIX,石油・石炭製品,topix500,topix500,1,0,0,0,topix500:TOPIX Mid400,https://www.jpx.co.jp/automation/markets/indices/topix/files/topixweight_j.csv
5026.T,5026,"TRIPLEIZE CO.,LTD.",Growth,,growth250,growth250,0,0,1,0,growth250:constituent,https://www.jpx.co.jp/english/markets/indices/line-up/files/e_mei2_31_mothers.pdf
5027.T,5027,AnyMind Group Inc.,Growth,,growth250,growth250|jpx_startup100,0,0,1,1,growth250:constituent|jpx_startup100:constituent,https://www.jpx.co.jp/english/markets/indices/line-up/files/e_mei2_31_mothers.pdf|https://www.jpx.co.jp/english/markets/indices/line-up/files/e_mei2_42_SU100.pdf
5032.T,5032,ＡＮＹＣＯＬＯＲ,Prime,情報・通信業,jpx_prime150,jpx_prime150|jpx_startup100,0,1,0,1,jpx_prime150:constituent|jpx_startup100:constituent,https://www.jpx.co.jp/automation/markets/indices/jpx-prime150/files/jpxprime150weight_j.csv|https://www.jpx.co.jp/english/markets/indices/line-up/files/e_mei2_42_SU100.pdf
5034.T,5034,"unerry,Inc.",Growth,,growth250,growth250,0,0,1,0,growth250:constituent,https://www.jpx.co.jp/english/markets/indices/line-up/files/e_mei2_31_mothers.pdf
5038.T,5038,"eWeLL Co.,Ltd.",Growth,,growth250,growth250|jpx_startup100,0,0,1,1,growth250:constituent|jpx_startup100:constituent,https://www.jpx.co.jp/english/markets/indices/line-up/files/e_mei2_31_mothers.pdf|https://www.jpx.co.jp/english/markets/indices/line-up/files/e_mei2_42_SU100.pdf
5076.T,5076,インフロニア・ホールディングス,Prime/TOPIX,建設業,topix500,topix500,1,0,0,0,topix500:TOPIX Mid400,https://www.jpx.co.jp/automation/markets/indices/topix/files/topixweight_j.csv
5101.T,5101,横浜ゴム,Prime/TOPIX,ゴム製品,topix500,topix500,1,0,0,0,topix500:TOPIX Mid400,https://www.jpx.co.jp/automation/markets/indices/topix/files/topixweight_j.csv
5105.T,5105,ＴＯＹＯ ＴＩＲＥ,Prime/TOPIX,ゴム製品,topix500,topix500,1,0,0,0,topix500:TOPIX Mid400,https://www.jpx.co.jp/automation/markets/indices/topix/files/topixweight_j.csv
5108.T,5108,ブリヂストン,Prime/TOPIX,ゴム製品,topix500,topix500|jpx_prime150,1,1,0,0,topix500:TOPIX Large70|jpx_prime150:constituent,https://www.jpx.co.jp/automation/markets/indices/topix/files/topixweight_j.csv|https://www.jpx.co.jp/automation/markets/indices/jpx-prime150/files/jpxprime150weight_j.csv
5110.T,5110,住友ゴム工業,Prime/TOPIX,ゴム製品,topix500,topix500,1,0,0,0,topix500:TOPIX Mid400,https://www.jpx.co.jp/automation/markets/indices/topix/files/topixweight_j.csv
5129.T,5129,FIXER Inc.,Growth,,growth250,growth250,0,0,1,0,growth250:constituent,https://www.jpx.co.jp/english/markets/indices/line-up/files/e_mei2_31_mothers.pdf
5132.T,5132,"pluszero,Inc.",Growth,,growth250,growth250,0,0,1,0,growth250:constituent,https://www.jpx.co.jp/english/markets/indices/line-up/files/e_mei2_31_mothers.pdf
5136.T,5136,"tripla Co.,Ltd.",Growth,,growth250,growth250,0,0,1,0,growth250:constituent,https://www.jpx.co.jp/english/markets/indices/line-up/files/e_mei2_31_mothers.pdf
5137.T,5137,SmartDrive inc.,Growth,,growth250,growth250,0,0,1,0,growth250:constituent,https://www.jpx.co.jp/english/markets/indices/line-up/files/e_mei2_31_mothers.pdf
5139.T,5139,OpenWork Inc.,Growth,,growth250,growth250|jpx_startup100,0,0,1,1,growth250:constituent|jpx_startup100:constituent,https://www.jpx.co.jp/english/markets/indices/line-up/files/e_mei2_31_mothers.pdf|https://www.jpx.co.jp/english/markets/indices/line-up/files/e_mei2_42_SU100.pdf
5201.T,5201,ＡＧＣ,Prime/TOPIX,ガラス・土石製品,topix500,topix500,1,0,0,0,topix500:TOPIX Mid400,https://www.jpx.co.jp/automation/markets/indices/topix/files/topixweight_j.csv
5214.T,5214,日本電気硝子,Prime/TOPIX,ガラス・土石製品,topix500,topix500,1,0,0,0,topix500:TOPIX Mid400,https://www.jpx.co.jp/automation/markets/indices/topix/files/topixweight_j.csv
5232.T,5232,住友大阪セメント,Prime/TOPIX,ガラス・土石製品,topix500,topix500,1,0,0,0,topix500:TOPIX Mid400,https://www.jpx.co.jp/automation/markets/indices/topix/files/topixweight_j.csv
5233.T,5233,太平洋セメント,Prime/TOPIX,ガラス・土石製品,topix500,topix500,1,0,0,0,topix500:TOPIX Mid400,https://www.jpx.co.jp/automation/markets/indices/topix/files/topixweight_j.csv
5243.T,5243,note inc.,Growth,,growth250,growth250|jpx_startup100,0,0,1,1,growth250:constituent|jpx_startup100:constituent,https://www.jpx.co.jp/english/markets/indices/line-up/files/e_mei2_31_mothers.pdf|https://www.jpx.co.jp/english/markets/indices/line-up/files/e_mei2_42_SU100.pdf
5244.T,5244,"jig.jp co.,ltd.",Growth,,growth250,growth250,0,0,1,0,growth250:constituent,https://www.jpx.co.jp/english/markets/indices/line-up/files/e_mei2_31_mothers.pdf
5246.T,5246,"ELEMENTS,Inc.",Growth,,growth250,growth250|jpx_startup100,0,0,1,1,growth250:constituent|jpx_startup100:constituent,https://www.jpx.co.jp/english/markets/indices/line-up/files/e_mei2_31_mothers.pdf|https://www.jpx.co.jp/english/markets/indices/line-up/files/e_mei2_42_SU100.pdf
5248.T,5248,"TECHNOLOGIES,Inc.",Growth,,growth250,growth250,0,0,1,0,growth250:constituent,https://www.jpx.co.jp/english/markets/indices/line-up/files/e_mei2_31_mothers.pdf
5253.T,5253,COVER Corporation,Growth,,growth250,growth250|jpx_startup100,0,0,1,1,growth250:constituent|jpx_startup100:constituent,https://www.jpx.co.jp/english/markets/indices/line-up/files/e_mei2_31_mothers.pdf|https://www.jpx.co.jp/english/markets/indices/line-up/files/e_mei2_42_SU100.pdf
5254.T,5254,Arent Inc.,Growth,,growth250,growth250|jpx_startup100,0,0,1,1,growth250:constituent|jpx_startup100:constituent,https://www.jpx.co.jp/english/markets/indices/line-up/files/e_mei2_31_mothers.pdf|https://www.jpx.co.jp/english/markets/indices/line-up/files/e_mei2_42_SU100.pdf
5255.T,5255,Monstarlab Inc.,Growth,,growth250,growth250,0,0,1,0,growth250:constituent,https://www.jpx.co.jp/english/markets/indices/line-up/files/e_mei2_31_mothers.pdf
5258.T,5258,Transaction Media Networks Inc.,Growth,,growth250,growth250,0,0,1,0,growth250:constituent,https://www.jpx.co.jp/english/markets/indices/line-up/files/e_mei2_31_mothers.pdf
5259.T,5259,BBD Initiative Inc.,Growth,,growth250,growth250,0,0,1,0,growth250:constituent,https://www.jpx.co.jp/english/markets/indices/line-up/files/e_mei2_31_mothers.pdf
5301.T,5301,東海カーボン,Prime/TOPIX,ガラス・土石製品,topix500,topix500,1,0,0,0,topix500:TOPIX Mid400,https://www.jpx.co.jp/automation/markets/indices/topix/files/topixweight_j.csv
5332.T,5332,ＴＯＴＯ,Prime/TOPIX,ガラス・土石製品,topix500,topix500,1,0,0,0,topix500:TOPIX Mid400,https://www.jpx.co.jp/automation/markets/indices/topix/files/topixweight_j.csv
5333.T,5333,日本碍子,Prime/TOPIX,ガラス・土石製品,topix500,topix500,1,0,0,0,topix500:TOPIX Mid400,https://www.jpx.co.jp/automation/markets/indices/topix/files/topixweight_j.csv
5334.T,5334,日本特殊陶業,Prime/TOPIX,ガラス・土石製品,topix500,topix500,1,0,0,0,topix500:TOPIX Mid400,https://www.jpx.co.jp/automation/markets/indices/topix/files/topixweight_j.csv
5344.T,5344,ＭＡＲＵＷＡ,Prime/TOPIX,ガラス・土石製品,topix500,topix500,1,0,0,0,topix500:TOPIX Mid400,https://www.jpx.co.jp/automation/markets/indices/topix/files/topixweight_j.csv
5393.T,5393,ニチアス,Prime/TOPIX,ガラス・土石製品,topix500,topix500,1,0,0,0,topix500:TOPIX Mid400,https://www.jpx.co.jp/automation/markets/indices/topix/files/topixweight_j.csv
5401.T,5401,日本製鉄,Prime/TOPIX,鉄鋼,topix500,topix500,1,0,0,0,topix500:TOPIX Large70,https://www.jpx.co.jp/automation/markets/indices/topix/files/topixweight_j.csv
5406.T,5406,神戸製鋼所,Prime/TOPIX,鉄鋼,topix500,topix500,1,0,0,0,topix500:TOPIX Mid400,https://www.jpx.co.jp/automation/markets/indices/topix/files/topixweight_j.csv
5411.T,5411,ＪＦＥホールディングス,Prime/TOPIX,鉄鋼,topix500,topix500,1,0,0,0,topix500:TOPIX Mid400,https://www.jpx.co.jp/automation/markets/indices/topix/files/topixweight_j.csv
5444.T,5444,大和工業,Prime/TOPIX,鉄鋼,topix500,topix500,1,0,0,0,topix500:TOPIX Mid400,https://www.jpx.co.jp/automation/markets/indices/topix/files/topixweight_j.csv
5463.T,5463,丸一鋼管,Prime/TOPIX,鉄鋼,topix500,topix500,1,0,0,0,topix500:TOPIX Mid400,https://www.jpx.co.jp/automation/markets/indices/topix/files/topixweight_j.csv
5471.T,5471,大同特殊鋼,Prime/TOPIX,鉄鋼,topix500,topix500,1,0,0,0,topix500:TOPIX Mid400,https://www.jpx.co.jp/automation/markets/indices/topix/files/topixweight_j.csv
5532.T,5532,REALGATE INC.,Growth,,growth250,growth250,0,0,1,0,growth250:constituent,https://www.jpx.co.jp/english/markets/indices/line-up/files/e_mei2_31_mothers.pdf
5570.T,5570,"JENOBA CO.,LTD.",Growth,,growth250,growth250,0,0,1,0,growth250:constituent,https://www.jpx.co.jp/english/markets/indices/line-up/files/e_mei2_31_mothers.pdf
5572.T,5572,Ridge-i Inc.,Growth,,growth250,growth250,0,0,1,0,growth250:constituent,https://www.jpx.co.jp/english/markets/indices/line-up/files/e_mei2_31_mothers.pdf
5574.T,5574,"ABEJA,Inc.",Growth,,growth250,growth250,0,0,1,0,growth250:constituent,https://www.jpx.co.jp/english/markets/indices/line-up/files/e_mei2_31_mothers.pdf
5578.T,5578,"AR advanced technology,Inc.",Growth,,growth250,growth250,0,0,1,0,growth250:constituent,https://www.jpx.co.jp/english/markets/indices/line-up/files/e_mei2_31_mothers.pdf
5582.T,5582,GRID Inc.,Growth,,growth250,growth250,0,0,1,0,growth250:constituent,https://www.jpx.co.jp/english/markets/indices/line-up/files/e_mei2_31_mothers.pdf
5586.T,5586,Laboro.AI Inc.,Growth,,growth250,growth250,0,0,1,0,growth250:constituent,https://www.jpx.co.jp/english/markets/indices/line-up/files/e_mei2_31_mothers.pdf
5588.T,5588,"Fast Accounting Co.,Ltd.",Growth,,growth250,growth250,0,0,1,0,growth250:constituent,https://www.jpx.co.jp/english/markets/indices/line-up/files/e_mei2_31_mothers.pdf
5590.T,5590,"NETSTARS Co.,Ltd.",Growth,,growth250,growth250,0,0,1,0,growth250:constituent,https://www.jpx.co.jp/english/markets/indices/line-up/files/e_mei2_31_mothers.pdf
5591.T,5591,AVILEN Inc.,Growth,,growth250,growth250,0,0,1,0,growth250:constituent,https://www.jpx.co.jp/english/markets/indices/line-up/files/e_mei2_31_mothers.pdf
5592.T,5592,"Kusurinomadoguchi,Inc.",Growth,,growth250,growth250|jpx_startup100,0,0,1,1,growth250:constituent|jpx_startup100:constituent,https://www.jpx.co.jp/english/markets/indices/line-up/files/e_mei2_31_mothers.pdf|https://www.jpx.co.jp/english/markets/indices/line-up/files/e_mei2_42_SU100.pdf
5595.T,5595,"Institute for Q-shu Pioneers of Space,Inc.",Growth,,growth250,growth250,0,0,1,0,growth250:constituent,https://www.jpx.co.jp/english/markets/indices/line-up/files/e_mei2_31_mothers.pdf
5597.T,5597,"Blue innovation Co.,Ltd.",Growth,,growth250,growth250,0,0,1,0,growth250:constituent,https://www.jpx.co.jp/english/markets/indices/line-up/files/e_mei2_31_mothers.pdf
5621.T,5621,"Human Technologies,Inc.",Growth,,growth250,growth250,0,0,1,0,growth250:constituent,https://www.jpx.co.jp/english/markets/indices/line-up/files/e_mei2_31_mothers.pdf
5631.T,5631,日本製鋼所,Prime/TOPIX,機械,topix500,topix500,1,0,0,0,topix500:TOPIX Mid400,https://www.jpx.co.jp/automation/markets/indices/topix/files/topixweight_j.csv
5706.T,5706,三井金属,Prime/TOPIX,非鉄金属,topix500,topix500|jpx_prime150,1,1,0,0,topix500:TOPIX Mid400|jpx_prime150:constituent,https://www.jpx.co.jp/automation/markets/indices/topix/files/topixweight_j.csv|https://www.jpx.co.jp/automation/markets/indices/jpx-prime150/files/jpxprime150weight_j.csv
5711.T,5711,三菱マテリアル,Prime/TOPIX,非鉄金属,topix500,topix500,1,0,0,0,topix500:TOPIX Mid400,https://www.jpx.co.jp/automation/markets/indices/topix/files/topixweight_j.csv
5713.T,5713,住友金属鉱山,Prime/TOPIX,非鉄金属,topix500,topix500,1,0,0,0,topix500:TOPIX Mid400,https://www.jpx.co.jp/automation/markets/indices/topix/files/topixweight_j.csv
5714.T,5714,ＤＯＷＡホールディングス,Prime/TOPIX,非鉄金属,topix500,topix500,1,0,0,0,topix500:TOPIX Mid400,https://www.jpx.co.jp/automation/markets/indices/topix/files/topixweight_j.csv
5801.T,5801,古河電気工業,Prime/TOPIX,非鉄金属,topix500,topix500,1,0,0,0,topix500:TOPIX Mid400,https://www.jpx.co.jp/automation/markets/indices/topix/files/topixweight_j.csv
5802.T,5802,住友電気工業,Prime/TOPIX,非鉄金属,topix500,topix500,1,0,0,0,topix500:TOPIX Large70,https://www.jpx.co.jp/automation/markets/indices/topix/files/topixweight_j.csv
5803.T,5803,フジクラ,Prime/TOPIX,非鉄金属,topix500,topix500,1,0,0,0,topix500:TOPIX Large70,https://www.jpx.co.jp/automation/markets/indices/topix/files/topixweight_j.csv
5830.T,5830,いよぎんホールディングス,Prime/TOPIX,銀行業,topix500,topix500,1,0,0,0,topix500:TOPIX Mid400,https://www.jpx.co.jp/automation/markets/indices/topix/files/topixweight_j.csv
5831.T,5831,しずおかフィナンシャルグループ,Prime/TOPIX,銀行業,topix500,topix500,1,0,0,0,topix500:TOPIX Mid400,https://www.jpx.co.jp/automation/markets/indices/topix/files/topixweight_j.csv
5832.T,5832,ちゅうぎんフィナンシャルグループ,Prime/TOPIX,銀行業,topix500,topix500,1,0,0,0,topix500:TOPIX Mid400,https://www.jpx.co.jp/automation/markets/indices/topix/files/topixweight_j.csv
5834.T,5834,SBI Leasing,Growth,,growth250,growth250,0,0,1,0,growth250:constituent,https://www.jpx.co.jp/english/markets/indices/line-up/files/e_mei2_31_mothers.pdf
5838.T,5838,楽天銀行,Prime/TOPIX,銀行業,topix500,topix500,1,0,0,0,topix500:TOPIX Mid400,https://www.jpx.co.jp/automation/markets/indices/topix/files/topixweight_j.csv
5842.T,5842,Integral Corporation,Growth,,growth250,growth250|jpx_startup100,0,0,1,1,growth250:constituent|jpx_startup100:constituent,https://www.jpx.co.jp/english/markets/indices/line-up/files/e_mei2_31_mothers.pdf|https://www.jpx.co.jp/english/markets/indices/line-up/files/e_mei2_42_SU100.pdf
5844.T,5844,京都フィナンシャルグループ,Prime/TOPIX,銀行業,topix500,topix500,1,0,0,0,topix500:TOPIX Mid400,https://www.jpx.co.jp/automation/markets/indices/topix/files/topixweight_j.csv
5888.T,5888,"DAIWA CYCLE CO.,LTD.",Growth,,growth250,growth250,0,0,1,0,growth250:constituent,https://www.jpx.co.jp/english/markets/indices/line-up/files/e_mei2_31_mothers.pdf
5892.T,5892,"yutori,Inc.",Growth,,growth250,growth250,0,0,1,0,growth250:constituent,https://www.jpx.co.jp/english/markets/indices/line-up/files/e_mei2_31_mothers.pdf
5901.T,5901,東洋製罐グループホールディングス,Prime/TOPIX,金属製品,topix500,topix500,1,0,0,0,topix500:TOPIX Mid400,https://www.jpx.co.jp/automation/markets/indices/topix/files/topixweight_j.csv
5929.T,5929,三和ホールディングス,Prime/TOPIX,金属製品,topix500,topix500|jpx_prime150,1,1,0,0,topix500:TOPIX Mid400|jpx_prime150:constituent,https://www.jpx.co.jp/automation/markets/indices/topix/files/topixweight_j.csv|https://www.jpx.co.jp/automation/markets/indices/jpx-prime150/files/jpxprime150weight_j.csv
5938.T,5938,ＬＩＸＩＬ,Prime/TOPIX,金属製品,topix500,topix500,1,0,0,0,topix500:TOPIX Mid400,https://www.jpx.co.jp/automation/markets/indices/topix/files/topixweight_j.csv
5947.T,5947,リンナイ,Prime/TOPIX,金属製品,topix500,topix500,1,0,0,0,topix500:TOPIX Mid400,https://www.jpx.co.jp/automation/markets/indices/topix/files/topixweight_j.csv
5991.T,5991,日本発條,Prime/TOPIX,金属製品,topix500,topix500,1,0,0,0,topix500:TOPIX Mid400,https://www.jpx.co.jp/automation/markets/indices/topix/files/topixweight_j.csv
6005.T,6005,三浦工業,Prime/TOPIX,機械,topix500,topix500,1,0,0,0,topix500:TOPIX Mid400,https://www.jpx.co.jp/automation/markets/indices/topix/files/topixweight_j.csv
6027.T,6027,"Bengo4.com,Inc.",Growth,,growth250,growth250|jpx_startup100,0,0,1,1,growth250:constituent|jpx_startup100:constituent,https://www.jpx.co.jp/english/markets/indices/line-up/files/e_mei2_31_mothers.pdf|https://www.jpx.co.jp/english/markets/indices/line-up/files/e_mei2_42_SU100.pdf
6030.T,6030,"Adventure,Inc.",Growth,,growth250,growth250|jpx_startup100,0,0,1,1,growth250:constituent|jpx_startup100:constituent,https://www.jpx.co.jp/english/markets/indices/line-up/files/e_mei2_31_mothers.pdf|https://www.jpx.co.jp/english/markets/indices/line-up/files/e_mei2_42_SU100.pdf
6031.T,6031,ZETA INC.,Growth,,growth250,growth250,0,0,1,0,growth250:constituent,https://www.jpx.co.jp/english/markets/indices/line-up/files/e_mei2_31_mothers.pdf
6039.T,6039,"Japan Animal Referral Medical Center Co.,Ltd.",Growth,,growth250,growth250,0,0,1,0,growth250:constituent,https://www.jpx.co.jp/english/markets/indices/line-up/files/e_mei2_31_mothers.pdf
6040.T,6040,"Nippon Ski Resort Development Co.,Ltd.",Growth,,growth250,growth250,0,0,1,0,growth250:constituent,https://www.jpx.co.jp/english/markets/indices/line-up/files/e_mei2_31_mothers.pdf
6045.T,6045,"Rentracks CO.,LTD.",Growth,,growth250,growth250,0,0,1,0,growth250:constituent,https://www.jpx.co.jp/english/markets/indices/line-up/files/e_mei2_31_mothers.pdf
6069.T,6069,"Trenders,Inc.",Growth,,growth250,growth250,0,0,1,0,growth250:constituent,https://www.jpx.co.jp/english/markets/indices/line-up/files/e_mei2_31_mothers.pdf
6086.T,6086,"Shin Maint Holdings Co.,Ltd.",Growth,,growth250,growth250,0,0,1,0,growth250:constituent,https://www.jpx.co.jp/english/markets/indices/line-up/files/e_mei2_31_mothers.pdf
6094.T,6094,"FreakOut Holdings,inc.",Growth,,growth250,growth250,0,0,1,0,growth250:constituent,https://www.jpx.co.jp/english/markets/indices/line-up/files/e_mei2_31_mothers.pdf
6098.T,6098,リクルートホールディングス,Prime/TOPIX,サービス業,topix500,topix500|jpx_prime150,1,1,0,0,topix500:TOPIX Core30|jpx_prime150:constituent,https://www.jpx.co.jp/automation/markets/indices/topix/files/topixweight_j.csv|https://www.jpx.co.jp/automation/markets/indices/jpx-prime150/files/jpxprime150weight_j.csv
6113.T,6113,アマダ,Prime/TOPIX,機械,topix500,topix500,1,0,0,0,topix500:TOPIX Mid400,https://www.jpx.co.jp/automation/markets/indices/topix/files/topixweight_j.csv
6134.T,6134,ＦＵＪＩ,Prime/TOPIX,機械,topix500,topix500,1,0,0,0,topix500:TOPIX Mid400,https://www.jpx.co.jp/automation/markets/indices/topix/files/topixweight_j.csv
6136.T,6136,オーエスジー,Prime/TOPIX,機械,topix500,topix500,1,0,0,0,topix500:TOPIX Mid400,https://www.jpx.co.jp/automation/markets/indices/topix/files/topixweight_j.csv
6141.T,6141,ＤＭＧ森精機,Prime/TOPIX,機械,topix500,topix500,1,0,0,0,topix500:TOPIX Mid400,https://www.jpx.co.jp/automation/markets/indices/topix/files/topixweight_j.csv
6146.T,6146,ディスコ,Prime/TOPIX,機械,topix500,topix500|jpx_prime150,1,1,0,0,topix500:TOPIX Large70|jpx_prime150:constituent,https://www.jpx.co.jp/automation/markets/indices/topix/files/topixweight_j.csv|https://www.jpx.co.jp/automation/markets/indices/jpx-prime150/files/jpxprime150weight_j.csv
6176.T,6176,Brangista Inc.,Growth,,growth250,growth250,0,0,1,0,growth250:constituent,https://www.jpx.co.jp/english/markets/indices/line-up/files/e_mei2_31_mothers.pdf
6178.T,6178,日本郵政,Prime/TOPIX,サービス業,topix500,topix500,1,0,0,0,topix500:TOPIX Large70,https://www.jpx.co.jp/automation/markets/indices/topix/files/topixweight_j.csv
6180.T,6180,"GMO Media,Inc.",Growth,,growth250,growth250,0,0,1,0,growth250:constituent,https://www.jpx.co.jp/english/markets/indices/line-up/files/e_mei2_31_mothers.pdf
6182.T,6182,MetaReal Corporation,Growth,,growth250,growth250,0,0,1,0,growth250:constituent,https://www.jpx.co.jp/english/markets/indices/line-up/files/e_mei2_31_mothers.pdf
6196.T,6196,"Strike Company,Limited",Growth/Prime/Standard,,jpx_startup100,jpx_startup100,0,0,0,1,jpx_startup100:constituent,https://www.jpx.co.jp/english/markets/indices/line-up/files/e_mei2_42_SU100.pdf
6200.T,6200,"Insource Co.,Ltd.",Growth/Prime/Standard,,jpx_startup100,jpx_startup100,0,0,0,1,jpx_startup100:constituent,https://www.jpx.co.jp/english/markets/indices/line-up/files/e_mei2_42_SU100.pdf
6201.T,6201,豊田自動織機,Prime/TOPIX,輸送用機器,topix500,topix500,1,0,0,0,topix500:TOPIX Large70,https://www.jpx.co.jp/automation/markets/indices/topix/files/topixweight_j.csv
6224.T,6224,"JRC Co.,Ltd.",Growth,,growth250,growth250,0,0,1,0,growth250:constituent,https://www.jpx.co.jp/english/markets/indices/line-up/files/e_mei2_31_mothers.pdf
6232.T,6232,ACSL Ltd.,Growth,,growth250,growth250,0,0,1,0,growth250:constituent,https://www.jpx.co.jp/english/markets/indices/line-up/files/e_mei2_31_mothers.pdf
6255.T,6255,NPC Incorporated,Growth,,growth250,growth250,0,0,1,0,growth250:constituent,https://www.jpx.co.jp/english/markets/indices/line-up/files/e_mei2_31_mothers.pdf
6268.T,6268,ナブテスコ,Prime/TOPIX,機械,topix500,topix500,1,0,0,0,topix500:TOPIX Mid400,https://www.jpx.co.jp/automation/markets/indices/topix/files/topixweight_j.csv
6269.T,6269,三井海洋開発,Prime/TOPIX,機械,topix500,topix500,1,0,0,0,topix500:TOPIX Mid400,https://www.jpx.co.jp/automation/markets/indices/topix/files/topixweight_j.csv
6273.T,6273,ＳＭＣ,Prime/TOPIX,機械,topix500,topix500|jpx_prime150,1,1,0,0,topix500:TOPIX Large70|jpx_prime150:constituent,https://www.jpx.co.jp/automation/markets/indices/topix/files/topixweight_j.csv|https://www.jpx.co.jp/automation/markets/indices/jpx-prime150/files/jpxprime150weight_j.csv
6301.T,6301,小松製作所,Prime/TOPIX,機械,topix500,topix500|jpx_prime150,1,1,0,0,topix500:TOPIX Large70|jpx_prime150:constituent,https://www.jpx.co.jp/automation/markets/indices/topix/files/topixweight_j.csv|https://www.jpx.co.jp/automation/markets/indices/jpx-prime150/files/jpxprime150weight_j.csv
6302.T,6302,住友重機械工業,Prime/TOPIX,機械,topix500,topix500,1,0,0,0,topix500:TOPIX Mid400,https://www.jpx.co.jp/automation/markets/indices/topix/files/topixweight_j.csv
6305.T,6305,日立建機,Prime/TOPIX,機械,topix500,topix500,1,0,0,0,topix500:TOPIX Mid400,https://www.jpx.co.jp/automation/markets/indices/topix/files/topixweight_j.csv
6323.T,6323,ローツェ,Prime/TOPIX,機械,topix500,topix500|jpx_prime150,1,1,0,0,topix500:TOPIX Mid400|jpx_prime150:constituent,https://www.jpx.co.jp/automation/markets/indices/topix/files/topixweight_j.csv|https://www.jpx.co.jp/automation/markets/indices/jpx-prime150/files/jpxprime150weight_j.csv
6326.T,6326,クボタ,Prime/TOPIX,機械,topix500,topix500,1,0,0,0,topix500:TOPIX Large70,https://www.jpx.co.jp/automation/markets/indices/topix/files/topixweight_j.csv
6361.T,6361,荏原製作所,Prime/TOPIX,機械,topix500,topix500,1,0,0,0,topix500:TOPIX Mid400,https://www.jpx.co.jp/automation/markets/indices/topix/files/topixweight_j.csv
6367.T,6367,ダイキン工業,Prime/TOPIX,機械,topix500,topix500|jpx_prime150,1,1,0,0,topix500:TOPIX Core30|jpx_prime150:constituent,https://www.jpx.co.jp/automation/markets/indices/topix/files/topixweight_j.csv|https://www.jpx.co.jp/automation/markets/indices/jpx-prime150/files/jpxprime150weight_j.csv
6368.T,6368,オルガノ,Prime/TOPIX,機械,topix500,topix500|jpx_prime150,1,1,0,0,topix500:TOPIX Mid400|jpx_prime150:constituent,https://www.jpx.co.jp/automation/markets/indices/topix/files/topixweight_j.csv|https://www.jpx.co.jp/automation/markets/indices/jpx-prime150/files/jpxprime150weight_j.csv
6370.T,6370,栗田工業,Prime/TOPIX,機械,topix500,topix500,1,0,0,0,topix500:TOPIX Mid400,https://www.jpx.co.jp/automation/markets/indices/topix/files/topixweight_j.csv
6383.T,6383,ダイフク,Prime/TOPIX,機械,topix500,topix500|jpx_prime150,1,1,0,0,topix500:TOPIX Mid400|jpx_prime150:constituent,https://www.jpx.co.jp/automation/markets/indices/topix/files/topixweight_j.csv|https://www.jpx.co.jp/automation/markets/indices/jpx-prime150/files/jpxprime150weight_j.csv
6417.T,6417,ＳＡＮＫＹＯ,Prime/TOPIX,機械,topix500,topix500|jpx_prime150,1,1,0,0,topix500:TOPIX Mid400|jpx_prime150:constituent,https://www.jpx.co.jp/automation/markets/indices/topix/files/topixweight_j.csv|https://www.jpx.co.jp/automation/markets/indices/jpx-prime150/files/jpxprime150weight_j.csv
6436.T,6436,アマノ,Prime/TOPIX,機械,topix500,topix500,1,0,0,0,topix500:TOPIX Mid400,https://www.jpx.co.jp/automation/markets/indices/topix/files/topixweight_j.csv
6448.T,6448,ブラザー工業,Prime/TOPIX,電気機器,topix500,topix500,1,0,0,0,topix500:TOPIX Mid400,https://www.jpx.co.jp/automation/markets/indices/topix/files/topixweight_j.csv
6457.T,6457,グローリー,Prime/TOPIX,機械,topix500,topix500,1,0,0,0,topix500:TOPIX Mid400,https://www.jpx.co.jp/automation/markets/indices/topix/files/topixweight_j.csv
6460.T,6460,セガサミーホールディングス,Prime/TOPIX,機械,topix500,topix500,1,0,0,0,topix500:TOPIX Mid400,https://www.jpx.co.jp/automation/markets/indices/topix/files/topixweight_j.csv
6465.T,6465,ホシザキ,Prime/TOPIX,機械,topix500,topix500,1,0,0,0,topix500:TOPIX Mid400,https://www.jpx.co.jp/automation/markets/indices/topix/files/topixweight_j.csv
6471.T,6471,日本精工,Prime/TOPIX,機械,topix500,topix500,1,0,0,0,topix500:TOPIX Mid400,https://www.jpx.co.jp/automation/markets/indices/topix/files/topixweight_j.csv
6472.T,6472,ＮＴＮ,Prime/TOPIX,機械,topix500,topix500,1,0,0,0,topix500:TOPIX Mid400,https://www.jpx.co.jp/automation/markets/indices/topix/files/topixweight_j.csv
6473.T,6473,ジェイテクト,Prime/TOPIX,機械,topix500,topix500,1,0,0,0,topix500:TOPIX Mid400,https://www.jpx.co.jp/automation/markets/indices/topix/files/topixweight_j.csv
6479.T,6479,ミネベアミツミ,Prime/TOPIX,電気機器,topix500,topix500|jpx_prime150,1,1,0,0,topix500:TOPIX Mid400|jpx_prime150:constituent,https://www.jpx.co.jp/automation/markets/indices/topix/files/topixweight_j.csv|https://www.jpx.co.jp/automation/markets/indices/jpx-prime150/files/jpxprime150weight_j.csv
6481.T,6481,ＴＨＫ,Prime/TOPIX,機械,topix500,topix500,1,0,0,0,topix500:TOPIX Mid400,https://www.jpx.co.jp/automation/markets/indices/topix/files/topixweight_j.csv
6501.T,6501,日立製作所,Prime/TOPIX,電気機器,topix500,topix500|jpx_prime150,1,1,0,0,topix500:TOPIX Core30|jpx_prime150:constituent,https://www.jpx.co.jp/automation/markets/indices/topix/files/topixweight_j.csv|https://www.jpx.co.jp/automation/markets/indices/jpx-prime150/files/jpxprime150weight_j.csv
6503.T,6503,三菱電機,Prime/TOPIX,電気機器,topix500,topix500|jpx_prime150,1,1,0,0,topix500:TOPIX Core30|jpx_prime150:constituent,https://www.jpx.co.jp/automation/markets/indices/topix/files/topixweight_j.csv|https://www.jpx.co.jp/automation/markets/indices/jpx-prime150/files/jpxprime150weight_j.csv
6504.T,6504,富士電機,Prime/TOPIX,電気機器,topix500,topix500,1,0,0,0,topix500:TOPIX Mid400,https://www.jpx.co.jp/automation/markets/indices/topix/files/topixweight_j.csv
6506.T,6506,安川電機,Prime/TOPIX,電気機器,topix500,topix500|jpx_prime150,1,1,0,0,topix500:TOPIX Mid400|jpx_prime150:constituent,https://www.jpx.co.jp/automation/markets/indices/topix/files/topixweight_j.csv|https://www.jpx.co.jp/automation/markets/indices/jpx-prime150/files/jpxprime150weight_j.csv
6521.T,6521,OXIDE Corporation,Growth,,growth250,growth250,0,0,1,0,growth250:constituent,https://www.jpx.co.jp/english/markets/indices/line-up/files/e_mei2_31_mothers.pdf
6525.T,6525,ＫＯＫＵＳＡＩ ＥＬＥＣＴＲＩＣ,Prime/TOPIX,電気機器,topix500,topix500,1,0,0,0,topix500:TOPIX Mid400,https://www.jpx.co.jp/automation/markets/indices/topix/files/topixweight_j.csv
6526.T,6526,ソシオネクスト,Prime/TOPIX,電気機器,topix500,topix500,1,0,0,0,topix500:TOPIX Mid400,https://www.jpx.co.jp/automation/markets/indices/topix/files/topixweight_j.csv
6532.T,6532,ベイカレント,Prime/TOPIX,サービス業,topix500,topix500|jpx_prime150|jpx_startup100,1,1,0,1,topix500:TOPIX Mid400|jpx_prime150:constituent|jpx_startup100:constituent,https://www.jpx.co.jp/automation/markets/indices/topix/files/topixweight_j.csv|https://www.jpx.co.jp/automation/markets/indices/jpx-prime150/files/jpxprime150weight_j.csv|https://www.jpx.co.jp/english/markets/indices/line-up/files/e_mei2_42_SU100.pdf
6544.T,6544,ジャパンエレベーターサービスホールディングス,Prime/TOPIX,サービス業,topix500,topix500|jpx_prime150|jpx_startup100,1,1,0,1,topix500:TOPIX Mid400|jpx_prime150:constituent|jpx_startup100:constituent,https://www.jpx.co.jp/automation/markets/indices/topix/files/topixweight_j.csv|https://www.jpx.co.jp/automation/markets/indices/jpx-prime150/files/jpxprime150weight_j.csv|https://www.jpx.co.jp/english/markets/indices/line-up/files/e_mei2_42_SU100.pdf
6554.T,6554,"SUS Co.,Ltd.",Growth,,growth250,growth250,0,0,1,0,growth250:constituent,https://www.jpx.co.jp/english/markets/indices/line-up/files/e_mei2_31_mothers.pdf
6557.T,6557,AIAI Group Corporation,Growth,,growth250,growth250,0,0,1,0,growth250:constituent,https://www.jpx.co.jp/english/markets/indices/line-up/files/e_mei2_31_mothers.pdf
6561.T,6561,"HANATOUR JAPAN CO.,LTD.",Growth,,growth250,growth250,0,0,1,0,growth250:constituent,https://www.jpx.co.jp/english/markets/indices/line-up/files/e_mei2_31_mothers.pdf
6562.T,6562,"Geniee,Inc.",Growth,,growth250,growth250|jpx_startup100,0,0,1,1,growth250:constituent|jpx_startup100:constituent,https://www.jpx.co.jp/english/markets/indices/line-up/files/e_mei2_31_mothers.pdf|https://www.jpx.co.jp/english/markets/indices/line-up/files/e_mei2_42_SU100.pdf
6568.T,6568,"KNC Laboratories Co.,Ltd.",Growth,,growth250,growth250,0,0,1,0,growth250:constituent,https://www.jpx.co.jp/english/markets/indices/line-up/files/e_mei2_31_mothers.pdf
6574.T,6574,Convano Inc.,Growth,,growth250,growth250,0,0,1,0,growth250:constituent,https://www.jpx.co.jp/english/markets/indices/line-up/files/e_mei2_31_mothers.pdf
6580.T,6580,"Writeup Co.,Ltd.",Growth,,growth250,growth250,0,0,1,0,growth250:constituent,https://www.jpx.co.jp/english/markets/indices/line-up/files/e_mei2_31_mothers.pdf
6586.T,6586,マキタ,Prime/TOPIX,機械,topix500,topix500|jpx_prime150,1,1,0,0,topix500:TOPIX Mid400|jpx_prime150:constituent,https://www.jpx.co.jp/automation/markets/indices/topix/files/topixweight_j.csv|https://www.jpx.co.jp/automation/markets/indices/jpx-prime150/files/jpxprime150weight_j.csv
6592.T,6592,マブチモーター,Prime/TOPIX,電気機器,topix500,topix500,1,0,0,0,topix500:TOPIX Mid400,https://www.jpx.co.jp/automation/markets/indices/topix/files/topixweight_j.csv
6612.T,6612,BALMUDA Inc.,Growth,,growth250,growth250,0,0,1,0,growth250:constituent,https://www.jpx.co.jp/english/markets/indices/line-up/files/e_mei2_31_mothers.pdf
6613.T,6613,"QD Laser,Inc.",Growth,,growth250,growth250,0,0,1,0,growth250:constituent,https://www.jpx.co.jp/english/markets/indices/line-up/files/e_mei2_31_mothers.pdf
6632.T,6632,ＪＶＣケンウッド,Prime/TOPIX,電気機器,topix500,topix500,1,0,0,0,topix500:TOPIX Mid400,https://www.jpx.co.jp/automation/markets/indices/topix/files/topixweight_j.csv
6645.T,6645,オムロン,Prime/TOPIX,電気機器,topix500,topix500,1,0,0,0,topix500:TOPIX Mid400,https://www.jpx.co.jp/automation/markets/indices/topix/files/topixweight_j.csv
6674.T,6674,ジーエス・ユアサ コーポレーション,Prime/TOPIX,電気機器,topix500,topix500,1,0,0,0,topix500:TOPIX Mid400,https://www.jpx.co.jp/automation/markets/indices/topix/files/topixweight_j.csv
6701.T,6701,日本電気,Prime/TOPIX,電気機器,topix500,topix500|jpx_prime150,1,1,0,0,topix500:TOPIX Large70|jpx_prime150:constituent,https://www.jpx.co.jp/automation/markets/indices/topix/files/topixweight_j.csv|https://www.jpx.co.jp/automation/markets/indices/jpx-prime150/files/jpxprime150weight_j.csv
6702.T,6702,富士通,Prime/TOPIX,電気機器,topix500,topix500|jpx_prime150,1,1,0,0,topix500:TOPIX Large70|jpx_prime150:constituent,https://www.jpx.co.jp/automation/markets/indices/topix/files/topixweight_j.csv|https://www.jpx.co.jp/automation/markets/indices/jpx-prime150/files/jpxprime150weight_j.csv
6707.T,6707,サンケン電気,Prime/TOPIX,電気機器,topix500,topix500,1,0,0,0,topix500:TOPIX Mid400,https://www.jpx.co.jp/automation/markets/indices/topix/files/topixweight_j.csv
6723.T,6723,ルネサスエレクトロニクス,Prime/TOPIX,電気機器,topix500,topix500|jpx_prime150,1,1,0,0,topix500:TOPIX Large70|jpx_prime150:constituent,https://www.jpx.co.jp/automation/markets/indices/topix/files/topixweight_j.csv|https://www.jpx.co.jp/automation/markets/indices/jpx-prime150/files/jpxprime150weight_j.csv
6724.T,6724,セイコーエプソン,Prime/TOPIX,電気機器,topix500,topix500,1,0,0,0,topix500:TOPIX Mid400,https://www.jpx.co.jp/automation/markets/indices/topix/files/topixweight_j.csv
6728.T,6728,アルバック,Prime/TOPIX,電気機器,topix500,topix500,1,0,0,0,topix500:TOPIX Mid400,https://www.jpx.co.jp/automation/markets/indices/topix/files/topixweight_j.csv
6752.T,6752,パナソニック ホールディングス,Prime/TOPIX,電気機器,topix500,topix500,1,0,0,0,topix500:TOPIX Large70,https://www.jpx.co.jp/automation/markets/indices/topix/files/topixweight_j.csv
6753.T,6753,シャープ,Prime/TOPIX,電気機器,topix500,topix500,1,0,0,0,topix500:TOPIX Mid400,https://www.jpx.co.jp/automation/markets/indices/topix/files/topixweight_j.csv
6754.T,6754,アンリツ,Prime/TOPIX,電気機器,topix500,topix500,1,0,0,0,topix500:TOPIX Mid400,https://www.jpx.co.jp/automation/markets/indices/topix/files/topixweight_j.csv
6758.T,6758,ソニーグループ,Prime/TOPIX,電気機器,topix500,topix500|jpx_prime150,1,1,0,0,topix500:TOPIX Core30|jpx_prime150:constituent,https://www.jpx.co.jp/automation/markets/indices/topix/files/topixweight_j.csv|https://www.jpx.co.jp/automation/markets/indices/jpx-prime150/files/jpxprime150weight_j.csv
6762.T,6762,ＴＤＫ,Prime/TOPIX,電気機器,topix500,topix500|jpx_prime150,1,1,0,0,topix500:TOPIX Large70|jpx_prime150:constituent,https://www.jpx.co.jp/automation/markets/indices/topix/files/topixweight_j.csv|https://www.jpx.co.jp/automation/markets/indices/jpx-prime150/files/jpxprime150weight_j.csv
6770.T,6770,アルプスアルパイン,Prime/TOPIX,電気機器,topix500,topix500,1,0,0,0,topix500:TOPIX Mid400,https://www.jpx.co.jp/automation/markets/indices/topix/files/topixweight_j.csv
6806.T,6806,ヒロセ電機,Prime/TOPIX,電気機器,topix500,topix500,1,0,0,0,topix500:TOPIX Mid400,https://www.jpx.co.jp/automation/markets/indices/topix/files/topixweight_j.csv
6841.T,6841,横河電機,Prime/TOPIX,電気機器,topix500,topix500,1,0,0,0,topix500:TOPIX Mid400,https://www.jpx.co.jp/automation/markets/indices/topix/files/topixweight_j.csv
6845.T,6845,アズビル,Prime/TOPIX,電気機器,topix500,topix500,1,0,0,0,topix500:TOPIX Mid400,https://www.jpx.co.jp/automation/markets/indices/topix/files/topixweight_j.csv
6849.T,6849,日本光電工業,Prime/TOPIX,電気機器,topix500,topix500,1,0,0,0,topix500:TOPIX Mid400,https://www.jpx.co.jp/automation/markets/indices/topix/files/topixweight_j.csv
6856.T,6856,堀場製作所,Prime/TOPIX,電気機器,topix500,topix500,1,0,0,0,topix500:TOPIX Mid400,https://www.jpx.co.jp/automation/markets/indices/topix/files/topixweight_j.csv
6857.T,6857,アドバンテスト,Prime/TOPIX,電気機器,topix500,topix500|jpx_prime150,1,1,0,0,topix500:TOPIX Core30|jpx_prime150:constituent,https://www.jpx.co.jp/automation/markets/indices/topix/files/topixweight_j.csv|https://www.jpx.co.jp/automation/markets/indices/jpx-prime150/files/jpxprime150weight_j.csv
6861.T,6861,キーエンス,Prime/TOPIX,電気機器,topix500,topix500|jpx_prime150,1,1,0,0,topix500:TOPIX Core30|jpx_prime150:constituent,https://www.jpx.co.jp/automation/markets/indices/topix/files/topixweight_j.csv|https://www.jpx.co.jp/automation/markets/indices/jpx-prime150/files/jpxprime150weight_j.csv
6869.T,6869,シスメックス,Prime/TOPIX,電気機器,topix500,topix500|jpx_prime150,1,1,0,0,topix500:TOPIX Mid400|jpx_prime150:constituent,https://www.jpx.co.jp/automation/markets/indices/topix/files/topixweight_j.csv|https://www.jpx.co.jp/automation/markets/indices/jpx-prime150/files/jpxprime150weight_j.csv
6902.T,6902,デンソー,Prime/TOPIX,輸送用機器,topix500,topix500|jpx_prime150,1,1,0,0,topix500:TOPIX Large70|jpx_prime150:constituent,https://www.jpx.co.jp/automation/markets/indices/topix/files/topixweight_j.csv|https://www.jpx.co.jp/automation/markets/indices/jpx-prime150/files/jpxprime150weight_j.csv
6920.T,6920,レーザーテック,Prime/TOPIX,電気機器,topix500,topix500|jpx_prime150,1,1,0,0,topix500:TOPIX Large70|jpx_prime150:constituent,https://www.jpx.co.jp/automation/markets/indices/topix/files/topixweight_j.csv|https://www.jpx.co.jp/automation/markets/indices/jpx-prime150/files/jpxprime150weight_j.csv
6923.T,6923,スタンレー電気,Prime/TOPIX,電気機器,topix500,topix500,1,0,0,0,topix500:TOPIX Mid400,https://www.jpx.co.jp/automation/markets/indices/topix/files/topixweight_j.csv
6925.T,6925,ウシオ電機,Prime/TOPIX,電気機器,topix500,topix500,1,0,0,0,topix500:TOPIX Mid400,https://www.jpx.co.jp/automation/markets/indices/topix/files/topixweight_j.csv
6951.T,6951,日本電子,Prime/TOPIX,電気機器,topix500,topix500,1,0,0,0,topix500:TOPIX Mid400,https://www.jpx.co.jp/automation/markets/indices/topix/files/topixweight_j.csv
6952.T,6952,カシオ計算機,Prime/TOPIX,電気機器,topix500,topix500,1,0,0,0,topix500:TOPIX Mid400,https://www.jpx.co.jp/automation/markets/indices/topix/files/topixweight_j.csv
6954.T,6954,ファナック,Prime/TOPIX,電気機器,topix500,topix500|jpx_prime150,1,1,0,0,topix500:TOPIX Large70|jpx_prime150:constituent,https://www.jpx.co.jp/automation/markets/indices/topix/files/topixweight_j.csv|https://www.jpx.co.jp/automation/markets/indices/jpx-prime150/files/jpxprime150weight_j.csv
6963.T,6963,ローム,Prime/TOPIX,電気機器,topix500,topix500,1,0,0,0,topix500:TOPIX Mid400,https://www.jpx.co.jp/automation/markets/indices/topix/files/topixweight_j.csv
6965.T,6965,浜松ホトニクス,Prime/TOPIX,電気機器,topix500,topix500,1,0,0,0,topix500:TOPIX Mid400,https://www.jpx.co.jp/automation/markets/indices/topix/files/topixweight_j.csv
6971.T,6971,京セラ,Prime/TOPIX,電気機器,topix500,topix500,1,0,0,0,topix500:TOPIX Large70,https://www.jpx.co.jp/automation/markets/indices/topix/files/topixweight_j.csv
6976.T,6976,太陽誘電,Prime/TOPIX,電気機器,topix500,topix500,1,0,0,0,topix500:TOPIX Mid400,https://www.jpx.co.jp/automation/markets/indices/topix/files/topixweight_j.csv
6981.T,6981,村田製作所,Prime/TOPIX,電気機器,topix500,topix500|jpx_prime150,1,1,0,0,topix500:TOPIX Large70|jpx_prime150:constituent,https://www.jpx.co.jp/automation/markets/indices/topix/files/topixweight_j.csv|https://www.jpx.co.jp/automation/markets/indices/jpx-prime150/files/jpxprime150weight_j.csv
6988.T,6988,日東電工,Prime/TOPIX,化学,topix500,topix500|jpx_prime150,1,1,0,0,topix500:TOPIX Mid400|jpx_prime150:constituent,https://www.jpx.co.jp/automation/markets/indices/topix/files/topixweight_j.csv|https://www.jpx.co.jp/automation/markets/indices/jpx-prime150/files/jpxprime150weight_j.csv
7003.T,7003,三井Ｅ＆Ｓ,Prime/TOPIX,機械,topix500,topix500|jpx_prime150,1,1,0,0,topix500:TOPIX Mid400|jpx_prime150:constituent,https://www.jpx.co.jp/automation/markets/indices/topix/files/topixweight_j.csv|https://www.jpx.co.jp/automation/markets/indices/jpx-prime150/files/jpxprime150weight_j.csv
7011.T,7011,三菱重工業,Prime/TOPIX,機械,topix500,topix500|jpx_prime150,1,1,0,0,topix500:TOPIX Core30|jpx_prime150:constituent,https://www.jpx.co.jp/automation/markets/indices/topix/files/topixweight_j.csv|https://www.jpx.co.jp/automation/markets/indices/jpx-prime150/files/jpxprime150weight_j.csv
7012.T,7012,川崎重工業,Prime/TOPIX,輸送用機器,topix500,topix500,1,0,0,0,topix500:TOPIX Mid400,https://www.jpx.co.jp/automation/markets/indices/topix/files/topixweight_j.csv
7013.T,7013,ＩＨＩ,Prime/TOPIX,機械,topix500,topix500|jpx_prime150,1,1,0,0,topix500:TOPIX Mid400|jpx_prime150:constituent,https://www.jpx.co.jp/automation/markets/indices/topix/files/topixweight_j.csv|https://www.jpx.co.jp/automation/markets/indices/jpx-prime150/files/jpxprime150weight_j.csv
7033.T,7033,"Management Solutions Co.,Ltd.",Growth/Prime/Standard,,jpx_startup100,jpx_startup100,0,0,0,1,jpx_startup100:constituent,https://www.jpx.co.jp/english/markets/indices/line-up/files/e_mei2_42_SU100.pdf
7047.T,7047,PORT INC.,Growth,,growth250,growth250|jpx_startup100,0,0,1,1,growth250:constituent|jpx_startup100:constituent,https://www.jpx.co.jp/english/markets/indices/line-up/files/e_mei2_31_mothers.pdf|https://www.jpx.co.jp/english/markets/indices/line-up/files/e_mei2_42_SU100.pdf
7048.T,7048,VELTRA Corporation,Growth,,growth250,growth250,0,0,1,0,growth250:constituent,https://www.jpx.co.jp/english/markets/indices/line-up/files/e_mei2_31_mothers.pdf
7050.T,7050,FRONTIER INTERNATIONAL INC.,Growth,,growth250,growth250,0,0,1,0,growth250:constituent,https://www.jpx.co.jp/english/markets/indices/line-up/files/e_mei2_31_mothers.pdf
7059.T,7059,"COPRO-HOLDINGS.Co.,Ltd.",Growth/Prime/Standard,,jpx_startup100,jpx_startup100,0,0,0,1,jpx_startup100:constituent,https://www.jpx.co.jp/english/markets/indices/line-up/files/e_mei2_42_SU100.pdf
7061.T,7061,Japan Hospice Holdings Inc.,Growth,,growth250,growth250,0,0,1,0,growth250:constituent,https://www.jpx.co.jp/english/markets/indices/line-up/files/e_mei2_31_mothers.pdf
7066.T,7066,"Peers Co.,Ltd.",Growth,,growth250,growth250,0,0,1,0,growth250:constituent,https://www.jpx.co.jp/english/markets/indices/line-up/files/e_mei2_31_mothers.pdf
7068.T,7068,Feedforce Group Inc.,Growth,,growth250,growth250,0,0,1,0,growth250:constituent,https://www.jpx.co.jp/english/markets/indices/line-up/files/e_mei2_31_mothers.pdf
7075.T,7075,"QLS Holdings Co.,Ltd",Growth,,growth250,growth250,0,0,1,0,growth250:constituent,https://www.jpx.co.jp/english/markets/indices/line-up/files/e_mei2_31_mothers.pdf
7079.T,7079,"WDB coco CO.,LTD.",Growth,,growth250,growth250,0,0,1,0,growth250:constituent,https://www.jpx.co.jp/english/markets/indices/line-up/files/e_mei2_31_mothers.pdf
7082.T,7082,"Jimoty,Inc.",Growth,,growth250,growth250,0,0,1,0,growth250:constituent,https://www.jpx.co.jp/english/markets/indices/line-up/files/e_mei2_31_mothers.pdf
7094.T,7094,NexTone Inc.,Growth,,growth250,growth250,0,0,1,0,growth250:constituent,https://www.jpx.co.jp/english/markets/indices/line-up/files/e_mei2_31_mothers.pdf
7095.T,7095,"Macbee Planet,Inc.",Growth/Prime/Standard,,jpx_startup100,jpx_startup100,0,0,0,1,jpx_startup100:constituent,https://www.jpx.co.jp/english/markets/indices/line-up/files/e_mei2_42_SU100.pdf
7096.T,7096,StemCell Institute,Growth,,growth250,growth250,0,0,1,0,growth250:constituent,https://www.jpx.co.jp/english/markets/indices/line-up/files/e_mei2_31_mothers.pdf
7097.T,7097,"SAKURASAKU PLUS,Co.,Ltd.",Growth,,growth250,growth250,0,0,1,0,growth250:constituent,https://www.jpx.co.jp/english/markets/indices/line-up/files/e_mei2_31_mothers.pdf
7110.T,7110,Kurashicom Inc.,Growth,,growth250,growth250,0,0,1,0,growth250:constituent,https://www.jpx.co.jp/english/markets/indices/line-up/files/e_mei2_31_mothers.pdf
7119.T,7119,"halmek holdings Co.,Ltd.",Growth,,growth250,growth250,0,0,1,0,growth250:constituent,https://www.jpx.co.jp/english/markets/indices/line-up/files/e_mei2_31_mothers.pdf
7133.T,7133,"HYUGA PRIMARY CARE Co.,Ltd.",Growth,,growth250,growth250,0,0,1,0,growth250:constituent,https://www.jpx.co.jp/english/markets/indices/line-up/files/e_mei2_31_mothers.pdf
7157.T,7157,LIFENET INSURANCE COMPANY,Growth/Prime/Standard,,jpx_startup100,jpx_startup100,0,0,0,1,jpx_startup100:constituent,https://www.jpx.co.jp/english/markets/indices/line-up/files/e_mei2_42_SU100.pdf
7164.T,7164,全国保証,Prime/TOPIX,その他金融業,topix500,topix500,1,0,0,0,topix500:TOPIX Mid400,https://www.jpx.co.jp/automation/markets/indices/topix/files/topixweight_j.csv
7167.T,7167,めぶきフィナンシャルグループ,Prime/TOPIX,銀行業,topix500,topix500,1,0,0,0,topix500:TOPIX Mid400,https://www.jpx.co.jp/automation/markets/indices/topix/files/topixweight_j.csv
7172.T,7172,Commodities,Growth/Prime/Standard,,jpx_startup100,jpx_startup100,0,0,0,1,jpx_startup100:constituent,https://www.jpx.co.jp/english/markets/indices/line-up/files/e_mei2_42_SU100.pdf
7180.T,7180,九州フィナンシャルグループ,Prime/TOPIX,銀行業,topix500,topix500,1,0,0,0,topix500:TOPIX Mid400,https://www.jpx.co.jp/automation/markets/indices/topix/files/topixweight_j.csv
7181.T,7181,かんぽ生命保険,Prime/TOPIX,保険業,topix500,topix500,1,0,0,0,topix500:TOPIX Mid400,https://www.jpx.co.jp/automation/markets/indices/topix/files/topixweight_j.csv
7182.T,7182,ゆうちょ銀行,Prime/TOPIX,銀行業,topix500,topix500,1,0,0,0,topix500:TOPIX Large70,https://www.jpx.co.jp/automation/markets/indices/topix/files/topixweight_j.csv
7186.T,7186,横浜フィナンシャルグループ,Prime/TOPIX,銀行業,topix500,topix500,1,0,0,0,topix500:TOPIX Mid400,https://www.jpx.co.jp/automation/markets/indices/topix/files/topixweight_j.csv
7189.T,7189,西日本フィナンシャルホールディングス,Prime/TOPIX,銀行業,topix500,topix500,1,0,0,0,topix500:TOPIX Mid400,https://www.jpx.co.jp/automation/markets/indices/topix/files/topixweight_j.csv
7201.T,7201,日産自動車,Prime/TOPIX,輸送用機器,topix500,topix500,1,0,0,0,topix500:TOPIX Mid400,https://www.jpx.co.jp/automation/markets/indices/topix/files/topixweight_j.csv
7202.T,7202,いすゞ自動車,Prime/TOPIX,輸送用機器,topix500,topix500,1,0,0,0,topix500:TOPIX Mid400,https://www.jpx.co.jp/automation/markets/indices/topix/files/topixweight_j.csv
7203.T,7203,トヨタ自動車,Prime/TOPIX,輸送用機器,topix500,topix500,1,0,0,0,topix500:TOPIX Core30,https://www.jpx.co.jp/automation/markets/indices/topix/files/topixweight_j.csv
7211.T,7211,三菱自動車工業,Prime/TOPIX,輸送用機器,topix500,topix500,1,0,0,0,topix500:TOPIX Mid400,https://www.jpx.co.jp/automation/markets/indices/topix/files/topixweight_j.csv
7240.T,7240,ＮＯＫ,Prime/TOPIX,輸送用機器,topix500,topix500,1,0,0,0,topix500:TOPIX Mid400,https://www.jpx.co.jp/automation/markets/indices/topix/files/topixweight_j.csv
7259.T,7259,アイシン,Prime/TOPIX,輸送用機器,topix500,topix500,1,0,0,0,topix500:TOPIX Mid400,https://www.jpx.co.jp/automation/markets/indices/topix/files/topixweight_j.csv
7261.T,7261,マツダ,Prime/TOPIX,輸送用機器,topix500,topix500,1,0,0,0,topix500:TOPIX Mid400,https://www.jpx.co.jp/automation/markets/indices/topix/files/topixweight_j.csv
7267.T,7267,本田技研工業,Prime/TOPIX,輸送用機器,topix500,topix500,1,0,0,0,topix500:TOPIX Core30,https://www.jpx.co.jp/automation/markets/indices/topix/files/topixweight_j.csv
7269.T,7269,スズキ,Prime/TOPIX,輸送用機器,topix500,topix500|jpx_prime150,1,1,0,0,topix500:TOPIX Large70|jpx_prime150:constituent,https://www.jpx.co.jp/automation/markets/indices/topix/files/topixweight_j.csv|https://www.jpx.co.jp/automation/markets/indices/jpx-prime150/files/jpxprime150weight_j.csv
7270.T,7270,ＳＵＢＡＲＵ,Prime/TOPIX,輸送用機器,topix500,topix500,1,0,0,0,topix500:TOPIX Large70,https://www.jpx.co.jp/automation/markets/indices/topix/files/topixweight_j.csv
7272.T,7272,ヤマハ発動機,Prime/TOPIX,輸送用機器,topix500,topix500,1,0,0,0,topix500:TOPIX Mid400,https://www.jpx.co.jp/automation/markets/indices/topix/files/topixweight_j.csv
7276.T,7276,小糸製作所,Prime/TOPIX,電気機器,topix500,topix500,1,0,0,0,topix500:TOPIX Mid400,https://www.jpx.co.jp/automation/markets/indices/topix/files/topixweight_j.csv
7282.T,7282,豊田合成,Prime/TOPIX,輸送用機器,topix500,topix500,1,0,0,0,topix500:TOPIX Mid400,https://www.jpx.co.jp/automation/markets/indices/topix/files/topixweight_j.csv
7309.T,7309,シマノ,Prime/TOPIX,輸送用機器,topix500,topix500|jpx_prime150,1,1,0,0,topix500:TOPIX Large70|jpx_prime150:constituent,https://www.jpx.co.jp/automation/markets/indices/topix/files/topixweight_j.csv|https://www.jpx.co.jp/automation/markets/indices/jpx-prime150/files/jpxprime150weight_j.csv
7313.T,7313,テイ・エス テック,Prime/TOPIX,輸送用機器,topix500,topix500,1,0,0,0,topix500:TOPIX Mid400,https://www.jpx.co.jp/automation/markets/indices/topix/files/topixweight_j.csv
7317.T,7317,"Matsuya R&D Co.,Ltd",Growth,,growth250,growth250,0,0,1,0,growth250:constituent,https://www.jpx.co.jp/english/markets/indices/line-up/files/e_mei2_31_mothers.pdf
7318.T,7318,"SERENDIP HOLDINGS Co.,Ltd.",Growth,,growth250,growth250,0,0,1,0,growth250:constituent,https://www.jpx.co.jp/english/markets/indices/line-up/files/e_mei2_31_mothers.pdf
7320.T,7320,Solvvy Inc.,Growth,,growth250,growth250,0,0,1,0,growth250:constituent,https://www.jpx.co.jp/english/markets/indices/line-up/files/e_mei2_31_mothers.pdf
7326.T,7326,SBI,Growth,,growth250,growth250,0,0,1,0,growth250:constituent,https://www.jpx.co.jp/english/markets/indices/line-up/files/e_mei2_31_mothers.pdf
7337.T,7337,ひろぎんホールディングス,Prime/TOPIX,銀行業,topix500,topix500,1,0,0,0,topix500:TOPIX Mid400,https://www.jpx.co.jp/automation/markets/indices/topix/files/topixweight_j.csv
7343.T,7343,"Broad-Minded Co.,Ltd.",Growth,,growth250,growth250,0,0,1,0,growth250:constituent,https://www.jpx.co.jp/english/markets/indices/line-up/files/e_mei2_31_mothers.pdf
7352.T,7352,TWOSTONE&Sons Inc.,Growth,,growth250,growth250|jpx_startup100,0,0,1,1,growth250:constituent|jpx_startup100:constituent,https://www.jpx.co.jp/english/markets/indices/line-up/files/e_mei2_31_mothers.pdf|https://www.jpx.co.jp/english/markets/indices/line-up/files/e_mei2_42_SU100.pdf
7373.T,7373,"Aidma Holdings,Inc.",Growth,,growth250,growth250|jpx_startup100,0,0,1,1,growth250:constituent|jpx_startup100:constituent,https://www.jpx.co.jp/english/markets/indices/line-up/files/e_mei2_31_mothers.pdf|https://www.jpx.co.jp/english/markets/indices/line-up/files/e_mei2_42_SU100.pdf
7374.T,7374,Interworks Confidence Inc.,Growth,,growth250,growth250,0,0,1,0,growth250:constituent,https://www.jpx.co.jp/english/markets/indices/line-up/files/e_mei2_31_mothers.pdf
7378.T,7378,ASIRO Inc.,Growth,,growth250,growth250,0,0,1,0,growth250:constituent,https://www.jpx.co.jp/english/markets/indices/line-up/files/e_mei2_31_mothers.pdf
7388.T,7388,FP Partner Inc.,Growth/Prime/Standard,,jpx_startup100,jpx_startup100,0,0,0,1,jpx_startup100:constituent,https://www.jpx.co.jp/english/markets/indices/line-up/files/e_mei2_42_SU100.pdf
7409.T,7409,"AeroEdge Co.,Ltd",Growth,,growth250,growth250,0,0,1,0,growth250:constituent,https://www.jpx.co.jp/english/markets/indices/line-up/files/e_mei2_31_mothers.pdf
7419.T,7419,ノジマ,Prime,小売業,jpx_prime150,jpx_prime150,0,1,0,0,jpx_prime150:constituent,https://www.jpx.co.jp/automation/markets/indices/jpx-prime150/files/jpxprime150weight_j.csv
7453.T,7453,良品計画,Prime/TOPIX,小売業,topix500,topix500,1,0,0,0,topix500:TOPIX Mid400,https://www.jpx.co.jp/automation/markets/indices/topix/files/topixweight_j.csv
7458.T,7458,第一興商,Prime/TOPIX,卸売業,topix500,topix500,1,0,0,0,topix500:TOPIX Mid400,https://www.jpx.co.jp/automation/markets/indices/topix/files/topixweight_j.csv
7459.T,7459,メディパルホールディングス,Prime/TOPIX,卸売業,topix500,topix500,1,0,0,0,topix500:TOPIX Mid400,https://www.jpx.co.jp/automation/markets/indices/topix/files/topixweight_j.csv
7476.T,7476,アズワン,Prime/TOPIX,卸売業,topix500,topix500,1,0,0,0,topix500:TOPIX Mid400,https://www.jpx.co.jp/automation/markets/indices/topix/files/topixweight_j.csv
7532.T,7532,パン・パシフィック・インターナショナルホールディングス,Prime/TOPIX,小売業,topix500,topix500|jpx_prime150,1,1,0,0,topix500:TOPIX Mid400|jpx_prime150:constituent,https://www.jpx.co.jp/automation/markets/indices/topix/files/topixweight_j.csv|https://www.jpx.co.jp/automation/markets/indices/jpx-prime150/files/jpxprime150weight_j.csv
7550.T,7550,ゼンショーホールディングス,Prime/TOPIX,小売業,topix500,topix500|jpx_prime150,1,1,0,0,topix500:TOPIX Mid400|jpx_prime150:constituent,https://www.jpx.co.jp/automation/markets/indices/topix/files/topixweight_j.csv|https://www.jpx.co.jp/automation/markets/indices/jpx-prime150/files/jpxprime150weight_j.csv
7616.T,7616,コロワイド,Prime/TOPIX,小売業,topix500,topix500,1,0,0,0,topix500:TOPIX Mid400,https://www.jpx.co.jp/automation/markets/indices/topix/files/topixweight_j.csv
7649.T,7649,スギホールディングス,Prime/TOPIX,小売業,topix500,topix500,1,0,0,0,topix500:TOPIX Mid400,https://www.jpx.co.jp/automation/markets/indices/topix/files/topixweight_j.csv
7674.T,7674,"NATTY SWANKY holdings Co.,Ltd.",Growth,,growth250,growth250,0,0,1,0,growth250:constituent,https://www.jpx.co.jp/english/markets/indices/line-up/files/e_mei2_31_mothers.pdf
7685.T,7685,"BuySell Technologies Co.,Ltd.",Growth,,growth250,growth250|jpx_startup100,0,0,1,1,growth250:constituent|jpx_startup100:constituent,https://www.jpx.co.jp/english/markets/indices/line-up/files/e_mei2_31_mothers.pdf|https://www.jpx.co.jp/english/markets/indices/line-up/files/e_mei2_42_SU100.pdf
7701.T,7701,島津製作所,Prime/TOPIX,精密機器,topix500,topix500|jpx_prime150,1,1,0,0,topix500:TOPIX Mid400|jpx_prime150:constituent,https://www.jpx.co.jp/automation/markets/indices/topix/files/topixweight_j.csv|https://www.jpx.co.jp/automation/markets/indices/jpx-prime150/files/jpxprime150weight_j.csv
7707.T,7707,"Precision System Science Co.,Ltd.",Growth,,growth250,growth250,0,0,1,0,growth250:constituent,https://www.jpx.co.jp/english/markets/indices/line-up/files/e_mei2_31_mothers.pdf
7729.T,7729,東京精密,Prime/TOPIX,精密機器,topix500,topix500,1,0,0,0,topix500:TOPIX Mid400,https://www.jpx.co.jp/automation/markets/indices/topix/files/topixweight_j.csv
7731.T,7731,ニコン,Prime/TOPIX,精密機器,topix500,topix500,1,0,0,0,topix500:TOPIX Mid400,https://www.jpx.co.jp/automation/markets/indices/topix/files/topixweight_j.csv
7733.T,7733,オリンパス,Prime/TOPIX,精密機器,topix500,topix500|jpx_prime150,1,1,0,0,topix500:TOPIX Large70|jpx_prime150:constituent,https://www.jpx.co.jp/automation/markets/indices/topix/files/topixweight_j.csv|https://www.jpx.co.jp/automation/markets/indices/jpx-prime150/files/jpxprime150weight_j.csv
7735.T,7735,ＳＣＲＥＥＮホールディングス,Prime/TOPIX,電気機器,topix500,topix500|jpx_prime150,1,1,0,0,topix500:TOPIX Mid400|jpx_prime150:constituent,https://www.jpx.co.jp/automation/markets/indices/topix/files/topixweight_j.csv|https://www.jpx.co.jp/automation/markets/indices/jpx-prime150/files/jpxprime150weight_j.csv
7741.T,7741,ＨＯＹＡ,Prime/TOPIX,精密機器,topix500,topix500|jpx_prime150,1,1,0,0,topix500:TOPIX Core30|jpx_prime150:constituent,https://www.jpx.co.jp/automation/markets/indices/topix/files/topixweight_j.csv|https://www.jpx.co.jp/automation/markets/indices/jpx-prime150/files/jpxprime150weight_j.csv
7747.T,7747,朝日インテック,Prime/TOPIX,精密機器,topix500,topix500,1,0,0,0,topix500:TOPIX Mid400,https://www.jpx.co.jp/automation/markets/indices/topix/files/topixweight_j.csv
7751.T,7751,キヤノン,Prime/TOPIX,電気機器,topix500,topix500|jpx_prime150,1,1,0,0,topix500:TOPIX Large70|jpx_prime150:constituent,https://www.jpx.co.jp/automation/markets/indices/topix/files/topixweight_j.csv|https://www.jpx.co.jp/automation/markets/indices/jpx-prime150/files/jpxprime150weight_j.csv
7752.T,7752,リコー,Prime/TOPIX,電気機器,topix500,topix500,1,0,0,0,topix500:TOPIX Mid400,https://www.jpx.co.jp/automation/markets/indices/topix/files/topixweight_j.csv
7774.T,7774,"Japan Tissue Engineering Co.,Ltd.",Growth,,growth250,growth250,0,0,1,0,growth250:constituent,https://www.jpx.co.jp/english/markets/indices/line-up/files/e_mei2_31_mothers.pdf
7776.T,7776,CellSeed Inc.,Growth,,growth250,growth250,0,0,1,0,growth250:constituent,https://www.jpx.co.jp/english/markets/indices/line-up/files/e_mei2_31_mothers.pdf
7777.T,7777,"3-D Matrix,Ltd.",Growth,,growth250,growth250,0,0,1,0,growth250:constituent,https://www.jpx.co.jp/english/markets/indices/line-up/files/e_mei2_31_mothers.pdf
7779.T,7779,"CYBERDYNE,INC.",Growth,,growth250,growth250,0,0,1,0,growth250:constituent,https://www.jpx.co.jp/english/markets/indices/line-up/files/e_mei2_31_mothers.pdf
7792.T,7792,"Colan Totte.Co.,Ltd.",Growth,,growth250,growth250,0,0,1,0,growth250:constituent,https://www.jpx.co.jp/english/markets/indices/line-up/files/e_mei2_31_mothers.pdf
7794.T,7794,EDP Corporation,Growth,,growth250,growth250,0,0,1,0,growth250:constituent,https://www.jpx.co.jp/english/markets/indices/line-up/files/e_mei2_31_mothers.pdf
7803.T,7803,Bushiroad Inc.,Growth,,growth250,growth250,0,0,1,0,growth250:constituent,https://www.jpx.co.jp/english/markets/indices/line-up/files/e_mei2_31_mothers.pdf
7806.T,7806,"MTG Co.,Ltd.",Growth,,growth250,growth250|jpx_startup100,0,0,1,1,growth250:constituent|jpx_startup100:constituent,https://www.jpx.co.jp/english/markets/indices/line-up/files/e_mei2_31_mothers.pdf|https://www.jpx.co.jp/english/markets/indices/line-up/files/e_mei2_42_SU100.pdf
7832.T,7832,バンダイナムコホールディングス,Prime/TOPIX,その他製品,topix500,topix500|jpx_prime150,1,1,0,0,topix500:TOPIX Large70|jpx_prime150:constituent,https://www.jpx.co.jp/automation/markets/indices/topix/files/topixweight_j.csv|https://www.jpx.co.jp/automation/markets/indices/jpx-prime150/files/jpxprime150weight_j.csv
7846.T,7846,パイロットコーポレーション,Prime/TOPIX,その他製品,topix500,topix500,1,0,0,0,topix500:TOPIX Mid400,https://www.jpx.co.jp/automation/markets/indices/topix/files/topixweight_j.csv
7867.T,7867,タカラトミー,Prime/TOPIX,その他製品,topix500,topix500,1,0,0,0,topix500:TOPIX Mid400,https://www.jpx.co.jp/automation/markets/indices/topix/files/topixweight_j.csv
7911.T,7911,ＴＯＰＰＡＮホールディングス,Prime/TOPIX,その他製品,topix500,topix500,1,0,0,0,topix500:TOPIX Mid400,https://www.jpx.co.jp/automation/markets/indices/topix/files/topixweight_j.csv
7912.T,7912,大日本印刷,Prime/TOPIX,その他製品,topix500,topix500,1,0,0,0,topix500:TOPIX Mid400,https://www.jpx.co.jp/automation/markets/indices/topix/files/topixweight_j.csv
7936.T,7936,アシックス,Prime/TOPIX,その他製品,topix500,topix500|jpx_prime150,1,1,0,0,topix500:TOPIX Large70|jpx_prime150:constituent,https://www.jpx.co.jp/automation/markets/indices/topix/files/topixweight_j.csv|https://www.jpx.co.jp/automation/markets/indices/jpx-prime150/files/jpxprime150weight_j.csv
7951.T,7951,ヤマハ,Prime/TOPIX,その他製品,topix500,topix500,1,0,0,0,topix500:TOPIX Mid400,https://www.jpx.co.jp/automation/markets/indices/topix/files/topixweight_j.csv
7956.T,7956,ピジョン,Prime/TOPIX,その他製品,topix500,topix500,1,0,0,0,topix500:TOPIX Mid400,https://www.jpx.co.jp/automation/markets/indices/topix/files/topixweight_j.csv
7974.T,7974,任天堂,Prime/TOPIX,その他製品,topix500,topix500|jpx_prime150,1,1,0,0,topix500:TOPIX Core30|jpx_prime150:constituent,https://www.jpx.co.jp/automation/markets/indices/topix/files/topixweight_j.csv|https://www.jpx.co.jp/automation/markets/indices/jpx-prime150/files/jpxprime150weight_j.csv
7984.T,7984,コクヨ,Prime/TOPIX,その他製品,topix500,topix500,1,0,0,0,topix500:TOPIX Mid400,https://www.jpx.co.jp/automation/markets/indices/topix/files/topixweight_j.csv
7988.T,7988,ニフコ,Prime/TOPIX,化学,topix500,topix500,1,0,0,0,topix500:TOPIX Mid400,https://www.jpx.co.jp/automation/markets/indices/topix/files/topixweight_j.csv
8001.T,8001,伊藤忠商事,Prime/TOPIX,卸売業,topix500,topix500|jpx_prime150,1,1,0,0,topix500:TOPIX Core30|jpx_prime150:constituent,https://www.jpx.co.jp/automation/markets/indices/topix/files/topixweight_j.csv|https://www.jpx.co.jp/automation/markets/indices/jpx-prime150/files/jpxprime150weight_j.csv
8002.T,8002,丸紅,Prime/TOPIX,卸売業,topix500,topix500|jpx_prime150,1,1,0,0,topix500:TOPIX Large70|jpx_prime150:constituent,https://www.jpx.co.jp/automation/markets/indices/topix/files/topixweight_j.csv|https://www.jpx.co.jp/automation/markets/indices/jpx-prime150/files/jpxprime150weight_j.csv
8012.T,8012,長瀬産業,Prime/TOPIX,卸売業,topix500,topix500,1,0,0,0,topix500:TOPIX Mid400,https://www.jpx.co.jp/automation/markets/indices/topix/files/topixweight_j.csv
8015.T,8015,豊田通商,Prime/TOPIX,卸売業,topix500,topix500|jpx_prime150,1,1,0,0,topix500:TOPIX Large70|jpx_prime150:constituent,https://www.jpx.co.jp/automation/markets/indices/topix/files/topixweight_j.csv|https://www.jpx.co.jp/automation/markets/indices/jpx-prime150/files/jpxprime150weight_j.csv
8020.T,8020,兼松,Prime/TOPIX,卸売業,topix500,topix500,1,0,0,0,topix500:TOPIX Mid400,https://www.jpx.co.jp/automation/markets/indices/topix/files/topixweight_j.csv
8031.T,8031,三井物産,Prime/TOPIX,卸売業,topix500,topix500|jpx_prime150,1,1,0,0,topix500:TOPIX Core30|jpx_prime150:constituent,https://www.jpx.co.jp/automation/markets/indices/topix/files/topixweight_j.csv|https://www.jpx.co.jp/automation/markets/indices/jpx-prime150/files/jpxprime150weight_j.csv
8035.T,8035,東京エレクトロン,Prime/TOPIX,電気機器,topix500,topix500|jpx_prime150,1,1,0,0,topix500:TOPIX Core30|jpx_prime150:constituent,https://www.jpx.co.jp/automation/markets/indices/topix/files/topixweight_j.csv|https://www.jpx.co.jp/automation/markets/indices/jpx-prime150/files/jpxprime150weight_j.csv
8053.T,8053,住友商事,Prime/TOPIX,卸売業,topix500,topix500,1,0,0,0,topix500:TOPIX Large70,https://www.jpx.co.jp/automation/markets/indices/topix/files/topixweight_j.csv
8056.T,8056,ＢＩＰＲＯＧＹ,Prime/TOPIX,情報・通信業,topix500,topix500|jpx_prime150,1,1,0,0,topix500:TOPIX Mid400|jpx_prime150:constituent,https://www.jpx.co.jp/automation/markets/indices/topix/files/topixweight_j.csv|https://www.jpx.co.jp/automation/markets/indices/jpx-prime150/files/jpxprime150weight_j.csv
8058.T,8058,三菱商事,Prime/TOPIX,卸売業,topix500,topix500|jpx_prime150,1,1,0,0,topix500:TOPIX Core30|jpx_prime150:constituent,https://www.jpx.co.jp/automation/markets/indices/topix/files/topixweight_j.csv|https://www.jpx.co.jp/automation/markets/indices/jpx-prime150/files/jpxprime150weight_j.csv
8060.T,8060,キヤノンマーケティングジャパン,Prime/TOPIX,卸売業,topix500,topix500,1,0,0,0,topix500:TOPIX Mid400,https://www.jpx.co.jp/automation/markets/indices/topix/files/topixweight_j.csv
8086.T,8086,ニプロ,Prime/TOPIX,精密機器,topix500,topix500,1,0,0,0,topix500:TOPIX Mid400,https://www.jpx.co.jp/automation/markets/indices/topix/files/topixweight_j.csv
8088.T,8088,岩谷産業,Prime/TOPIX,卸売業,topix500,topix500,1,0,0,0,topix500:TOPIX Mid400,https://www.jpx.co.jp/automation/markets/indices/topix/files/topixweight_j.csv
8111.T,8111,ゴールドウイン,Prime/TOPIX,繊維製品,topix500,topix500|jpx_prime150,1,1,0,0,topix500:TOPIX Mid400|jpx_prime150:constituent,https://www.jpx.co.jp/automation/markets/indices/topix/files/topixweight_j.csv|https://www.jpx.co.jp/automation/markets/indices/jpx-prime150/files/jpxprime150weight_j.csv
8113.T,8113,ユニ・チャーム,Prime/TOPIX,化学,topix500,topix500|jpx_prime150,1,1,0,0,topix500:TOPIX Large70|jpx_prime150:constituent,https://www.jpx.co.jp/automation/markets/indices/topix/files/topixweight_j.csv|https://www.jpx.co.jp/automation/markets/indices/jpx-prime150/files/jpxprime150weight_j.csv
8129.T,8129,東邦ホールディングス,Prime/TOPIX,卸売業,topix500,topix500,1,0,0,0,topix500:TOPIX Mid400,https://www.jpx.co.jp/automation/markets/indices/topix/files/topixweight_j.csv
8136.T,8136,サンリオ,Prime/TOPIX,卸売業,topix500,topix500|jpx_prime150,1,1,0,0,topix500:TOPIX Mid400|jpx_prime150:constituent,https://www.jpx.co.jp/automation/markets/indices/topix/files/topixweight_j.csv|https://www.jpx.co.jp/automation/markets/indices/jpx-prime150/files/jpxprime150weight_j.csv
8174.T,8174,日本瓦斯,Prime/TOPIX,小売業,topix500,topix500|jpx_prime150,1,1,0,0,topix500:TOPIX Mid400|jpx_prime150:constituent,https://www.jpx.co.jp/automation/markets/indices/topix/files/topixweight_j.csv|https://www.jpx.co.jp/automation/markets/indices/jpx-prime150/files/jpxprime150weight_j.csv
8227.T,8227,しまむら,Prime/TOPIX,小売業,topix500,topix500,1,0,0,0,topix500:TOPIX Mid400,https://www.jpx.co.jp/automation/markets/indices/topix/files/topixweight_j.csv
8233.T,8233,高島屋,Prime/TOPIX,小売業,topix500,topix500,1,0,0,0,topix500:TOPIX Mid400,https://www.jpx.co.jp/automation/markets/indices/topix/files/topixweight_j.csv
8242.T,8242,エイチ・ツー・オー リテイリング,Prime/TOPIX,小売業,topix500,topix500,1,0,0,0,topix500:TOPIX Mid400,https://www.jpx.co.jp/automation/markets/indices/topix/files/topixweight_j.csv
8252.T,8252,丸井グループ,Prime/TOPIX,小売業,topix500,topix500,1,0,0,0,topix500:TOPIX Mid400,https://www.jpx.co.jp/automation/markets/indices/topix/files/topixweight_j.csv
8253.T,8253,クレディセゾン,Prime/TOPIX,その他金融業,topix500,topix500,1,0,0,0,topix500:TOPIX Mid400,https://www.jpx.co.jp/automation/markets/indices/topix/files/topixweight_j.csv
8267.T,8267,イオン,Prime/TOPIX,小売業,topix500,topix500|jpx_prime150,1,1,0,0,topix500:TOPIX Large70|jpx_prime150:constituent,https://www.jpx.co.jp/automation/markets/indices/topix/files/topixweight_j.csv|https://www.jpx.co.jp/automation/markets/indices/jpx-prime150/files/jpxprime150weight_j.csv
8282.T,8282,ケーズホールディングス,Prime/TOPIX,小売業,topix500,topix500,1,0,0,0,topix500:TOPIX Mid400,https://www.jpx.co.jp/automation/markets/indices/topix/files/topixweight_j.csv
8283.T,8283,ＰＡＬＴＡＣ,Prime/TOPIX,卸売業,topix500,topix500,1,0,0,0,topix500:TOPIX Mid400,https://www.jpx.co.jp/automation/markets/indices/topix/files/topixweight_j.csv
8303.T,8303,ＳＢＩ新生銀行,Prime/TOPIX,銀行業,topix500,topix500,1,0,0,0,topix500:TOPIX Mid400,https://www.jpx.co.jp/automation/markets/indices/topix/files/topixweight_j.csv
8304.T,8304,あおぞら銀行,Prime/TOPIX,銀行業,topix500,topix500,1,0,0,0,topix500:TOPIX Mid400,https://www.jpx.co.jp/automation/markets/indices/topix/files/topixweight_j.csv
8306.T,8306,三菱ＵＦＪフィナンシャル・グループ,Prime/TOPIX,銀行業,topix500,topix500|jpx_prime150,1,1,0,0,topix500:TOPIX Core30|jpx_prime150:constituent,https://www.jpx.co.jp/automation/markets/indices/topix/files/topixweight_j.csv|https://www.jpx.co.jp/automation/markets/indices/jpx-prime150/files/jpxprime150weight_j.csv
8308.T,8308,りそなホールディングス,Prime/TOPIX,銀行業,topix500,topix500|jpx_prime150,1,1,0,0,topix500:TOPIX Large70|jpx_prime150:constituent,https://www.jpx.co.jp/automation/markets/indices/topix/files/topixweight_j.csv|https://www.jpx.co.jp/automation/markets/indices/jpx-prime150/files/jpxprime150weight_j.csv
8309.T,8309,三井住友トラストグループ,Prime/TOPIX,銀行業,topix500,topix500,1,0,0,0,topix500:TOPIX Large70,https://www.jpx.co.jp/automation/markets/indices/topix/files/topixweight_j.csv
8316.T,8316,三井住友フィナンシャルグループ,Prime/TOPIX,銀行業,topix500,topix500,1,0,0,0,topix500:TOPIX Core30,https://www.jpx.co.jp/automation/markets/indices/topix/files/topixweight_j.csv
8331.T,8331,千葉銀行,Prime/TOPIX,銀行業,topix500,topix500,1,0,0,0,topix500:TOPIX Mid400,https://www.jpx.co.jp/automation/markets/indices/topix/files/topixweight_j.csv
8334.T,8334,群馬銀行,Prime/TOPIX,銀行業,topix500,topix500,1,0,0,0,topix500:TOPIX Mid400,https://www.jpx.co.jp/automation/markets/indices/topix/files/topixweight_j.csv
8341.T,8341,七十七銀行,Prime/TOPIX,銀行業,topix500,topix500,1,0,0,0,topix500:TOPIX Mid400,https://www.jpx.co.jp/automation/markets/indices/topix/files/topixweight_j.csv
8354.T,8354,ふくおかフィナンシャルグループ,Prime/TOPIX,銀行業,topix500,topix500,1,0,0,0,topix500:TOPIX Mid400,https://www.jpx.co.jp/automation/markets/indices/topix/files/topixweight_j.csv
8359.T,8359,八十二長野銀行,Prime/TOPIX,銀行業,topix500,topix500,1,0,0,0,topix500:TOPIX Mid400,https://www.jpx.co.jp/automation/markets/indices/topix/files/topixweight_j.csv
8377.T,8377,ほくほくフィナンシャルグループ,Prime/TOPIX,銀行業,topix500,topix500,1,0,0,0,topix500:TOPIX Mid400,https://www.jpx.co.jp/automation/markets/indices/topix/files/topixweight_j.csv
8410.T,8410,セブン銀行,Prime/TOPIX,銀行業,topix500,topix500,1,0,0,0,topix500:TOPIX Mid400,https://www.jpx.co.jp/automation/markets/indices/topix/files/topixweight_j.csv
8411.T,8411,みずほフィナンシャルグループ,Prime/TOPIX,銀行業,topix500,topix500,1,0,0,0,topix500:TOPIX Core30,https://www.jpx.co.jp/automation/markets/indices/topix/files/topixweight_j.csv
8418.T,8418,山口フィナンシャルグループ,Prime/TOPIX,銀行業,topix500,topix500,1,0,0,0,topix500:TOPIX Mid400,https://www.jpx.co.jp/automation/markets/indices/topix/files/topixweight_j.csv
8424.T,8424,芙蓉総合リース,Prime/TOPIX,その他金融業,topix500,topix500,1,0,0,0,topix500:TOPIX Mid400,https://www.jpx.co.jp/automation/markets/indices/topix/files/topixweight_j.csv
8439.T,8439,東京センチュリー,Prime/TOPIX,その他金融業,topix500,topix500,1,0,0,0,topix500:TOPIX Mid400,https://www.jpx.co.jp/automation/markets/indices/topix/files/topixweight_j.csv
8473.T,8473,ＳＢＩホールディングス,Prime/TOPIX,証券、商品先物取引業,topix500,topix500,1,0,0,0,topix500:TOPIX Mid400,https://www.jpx.co.jp/automation/markets/indices/topix/files/topixweight_j.csv
8570.T,8570,イオンフィナンシャルサービス,Prime/TOPIX,その他金融業,topix500,topix500,1,0,0,0,topix500:TOPIX Mid400,https://www.jpx.co.jp/automation/markets/indices/topix/files/topixweight_j.csv
8572.T,8572,アコム,Prime/TOPIX,その他金融業,topix500,topix500,1,0,0,0,topix500:TOPIX Mid400,https://www.jpx.co.jp/automation/markets/indices/topix/files/topixweight_j.csv
8591.T,8591,オリックス,Prime/TOPIX,その他金融業,topix500,topix500,1,0,0,0,topix500:TOPIX Large70,https://www.jpx.co.jp/automation/markets/indices/topix/files/topixweight_j.csv
8593.T,8593,三菱ＨＣキャピタル,Prime/TOPIX,その他金融業,topix500,topix500,1,0,0,0,topix500:TOPIX Mid400,https://www.jpx.co.jp/automation/markets/indices/topix/files/topixweight_j.csv
8595.T,8595,ジャフコ グループ,Prime/TOPIX,証券、商品先物取引業,topix500,topix500,1,0,0,0,topix500:TOPIX Mid400,https://www.jpx.co.jp/automation/markets/indices/topix/files/topixweight_j.csv
8601.T,8601,大和証券グループ本社,Prime/TOPIX,証券、商品先物取引業,topix500,topix500,1,0,0,0,topix500:TOPIX Mid400,https://www.jpx.co.jp/automation/markets/indices/topix/files/topixweight_j.csv
8604.T,8604,野村ホールディングス,Prime/TOPIX,証券、商品先物取引業,topix500,topix500,1,0,0,0,topix500:TOPIX Large70,https://www.jpx.co.jp/automation/markets/indices/topix/files/topixweight_j.csv
8630.T,8630,ＳＯＭＰＯホールディングス,Prime/TOPIX,保険業,topix500,topix500|jpx_prime150,1,1,0,0,topix500:TOPIX Large70|jpx_prime150:constituent,https://www.jpx.co.jp/automation/markets/indices/topix/files/topixweight_j.csv|https://www.jpx.co.jp/automation/markets/indices/jpx-prime150/files/jpxprime150weight_j.csv
8697.T,8697,日本取引所グループ,Prime/TOPIX,その他金融業,topix500,topix500|jpx_prime150,1,1,0,0,topix500:TOPIX Large70|jpx_prime150:constituent,https://www.jpx.co.jp/automation/markets/indices/topix/files/topixweight_j.csv|https://www.jpx.co.jp/automation/markets/indices/jpx-prime150/files/jpxprime150weight_j.csv
8725.T,8725,ＭＳ＆ＡＤインシュアランスグループホールディングス,Prime/TOPIX,保険業,topix500,topix500|jpx_prime150,1,1,0,0,topix500:TOPIX Large70|jpx_prime150:constituent,https://www.jpx.co.jp/automation/markets/indices/topix/files/topixweight_j.csv|https://www.jpx.co.jp/automation/markets/indices/jpx-prime150/files/jpxprime150weight_j.csv
8729.T,8729,ソニーフィナンシャルグループ,Prime/TOPIX,保険業,topix500,topix500|jpx_prime150,1,1,0,0,topix500:TOPIX Core30|jpx_prime150:constituent,https://www.jpx.co.jp/automation/markets/indices/topix/files/topixweight_j.csv|https://www.jpx.co.jp/automation/markets/indices/jpx-prime150/files/jpxprime150weight_j.csv
8750.T,8750,第一生命ホールディングス,Prime/TOPIX,保険業,topix500,topix500|jpx_prime150,1,1,0,0,topix500:TOPIX Large70|jpx_prime150:constituent,https://www.jpx.co.jp/automation/markets/indices/topix/files/topixweight_j.csv|https://www.jpx.co.jp/automation/markets/indices/jpx-prime150/files/jpxprime150weight_j.csv
8766.T,8766,東京海上ホールディングス,Prime/TOPIX,保険業,topix500,topix500|jpx_prime150,1,1,0,0,topix500:TOPIX Core30|jpx_prime150:constituent,https://www.jpx.co.jp/automation/markets/indices/topix/files/topixweight_j.csv|https://www.jpx.co.jp/automation/markets/indices/jpx-prime150/files/jpxprime150weight_j.csv
8789.T,8789,FinTech Global Incorporated Other Financing,Growth/Prime/Standard,,jpx_startup100,jpx_startup100,0,0,0,1,jpx_startup100:constituent,https://www.jpx.co.jp/english/markets/indices/line-up/files/e_mei2_42_SU100.pdf
8795.T,8795,Ｔ＆Ｄホールディングス,Prime/TOPIX,保険業,topix500,topix500,1,0,0,0,topix500:TOPIX Mid400,https://www.jpx.co.jp/automation/markets/indices/topix/files/topixweight_j.csv
8801.T,8801,三井不動産,Prime/TOPIX,不動産業,topix500,topix500|jpx_prime150,1,1,0,0,topix500:TOPIX Large70|jpx_prime150:constituent,https://www.jpx.co.jp/automation/markets/indices/topix/files/topixweight_j.csv|https://www.jpx.co.jp/automation/markets/indices/jpx-prime150/files/jpxprime150weight_j.csv
8802.T,8802,三菱地所,Prime/TOPIX,不動産業,topix500,topix500|jpx_prime150,1,1,0,0,topix500:TOPIX Large70|jpx_prime150:constituent,https://www.jpx.co.jp/automation/markets/indices/topix/files/topixweight_j.csv|https://www.jpx.co.jp/automation/markets/indices/jpx-prime150/files/jpxprime150weight_j.csv
8804.T,8804,東京建物,Prime/TOPIX,不動産業,topix500,topix500,1,0,0,0,topix500:TOPIX Mid400,https://www.jpx.co.jp/automation/markets/indices/topix/files/topixweight_j.csv
8830.T,8830,住友不動産,Prime/TOPIX,不動産業,topix500,topix500|jpx_prime150,1,1,0,0,topix500:TOPIX Large70|jpx_prime150:constituent,https://www.jpx.co.jp/automation/markets/indices/topix/files/topixweight_j.csv|https://www.jpx.co.jp/automation/markets/indices/jpx-prime150/files/jpxprime150weight_j.csv
8876.T,8876,リログループ,Prime/TOPIX,サービス業,topix500,topix500,1,0,0,0,topix500:TOPIX Mid400,https://www.jpx.co.jp/automation/markets/indices/topix/files/topixweight_j.csv
9001.T,9001,東武鉄道,Prime/TOPIX,陸運業,topix500,topix500,1,0,0,0,topix500:TOPIX Mid400,https://www.jpx.co.jp/automation/markets/indices/topix/files/topixweight_j.csv
9003.T,9003,相鉄ホールディングス,Prime/TOPIX,陸運業,topix500,topix500,1,0,0,0,topix500:TOPIX Mid400,https://www.jpx.co.jp/automation/markets/indices/topix/files/topixweight_j.csv
9005.T,9005,東急,Prime/TOPIX,陸運業,topix500,topix500|jpx_prime150,1,1,0,0,topix500:TOPIX Mid400|jpx_prime150:constituent,https://www.jpx.co.jp/automation/markets/indices/topix/files/topixweight_j.csv|https://www.jpx.co.jp/automation/markets/indices/jpx-prime150/files/jpxprime150weight_j.csv
9006.T,9006,京浜急行電鉄,Prime/TOPIX,陸運業,topix500,topix500,1,0,0,0,topix500:TOPIX Mid400,https://www.jpx.co.jp/automation/markets/indices/topix/files/topixweight_j.csv
9007.T,9007,小田急電鉄,Prime/TOPIX,陸運業,topix500,topix500,1,0,0,0,topix500:TOPIX Mid400,https://www.jpx.co.jp/automation/markets/indices/topix/files/topixweight_j.csv
9008.T,9008,京王電鉄,Prime/TOPIX,陸運業,topix500,topix500,1,0,0,0,topix500:TOPIX Mid400,https://www.jpx.co.jp/automation/markets/indices/topix/files/topixweight_j.csv
9009.T,9009,京成電鉄,Prime/TOPIX,陸運業,topix500,topix500,1,0,0,0,topix500:TOPIX Mid400,https://www.jpx.co.jp/automation/markets/indices/topix/files/topixweight_j.csv
9020.T,9020,東日本旅客鉄道,Prime/TOPIX,陸運業,topix500,topix500|jpx_prime150,1,1,0,0,topix500:TOPIX Large70|jpx_prime150:constituent,https://www.jpx.co.jp/automation/markets/indices/topix/files/topixweight_j.csv|https://www.jpx.co.jp/automation/markets/indices/jpx-prime150/files/jpxprime150weight_j.csv
9021.T,9021,西日本旅客鉄道,Prime/TOPIX,陸運業,topix500,topix500|jpx_prime150,1,1,0,0,topix500:TOPIX Large70|jpx_prime150:constituent,https://www.jpx.co.jp/automation/markets/indices/topix/files/topixweight_j.csv|https://www.jpx.co.jp/automation/markets/indices/jpx-prime150/files/jpxprime150weight_j.csv
9022.T,9022,東海旅客鉄道,Prime/TOPIX,陸運業,topix500,topix500,1,0,0,0,topix500:TOPIX Large70,https://www.jpx.co.jp/automation/markets/indices/topix/files/topixweight_j.csv
9023.T,9023,東京地下鉄,Prime/TOPIX,陸運業,topix500,topix500,1,0,0,0,topix500:TOPIX Mid400,https://www.jpx.co.jp/automation/markets/indices/topix/files/topixweight_j.csv
9024.T,9024,西武ホールディングス,Prime/TOPIX,陸運業,topix500,topix500,1,0,0,0,topix500:TOPIX Mid400,https://www.jpx.co.jp/automation/markets/indices/topix/files/topixweight_j.csv
9031.T,9031,西日本鉄道,Prime/TOPIX,陸運業,topix500,topix500,1,0,0,0,topix500:TOPIX Mid400,https://www.jpx.co.jp/automation/markets/indices/topix/files/topixweight_j.csv
9041.T,9041,近鉄グループホールディングス,Prime/TOPIX,陸運業,topix500,topix500,1,0,0,0,topix500:TOPIX Mid400,https://www.jpx.co.jp/automation/markets/indices/topix/files/topixweight_j.csv
9042.T,9042,阪急阪神ホールディングス,Prime/TOPIX,陸運業,topix500,topix500,1,0,0,0,topix500:TOPIX Mid400,https://www.jpx.co.jp/automation/markets/indices/topix/files/topixweight_j.csv
9044.T,9044,南海電気鉄道,Prime/TOPIX,陸運業,topix500,topix500,1,0,0,0,topix500:TOPIX Mid400,https://www.jpx.co.jp/automation/markets/indices/topix/files/topixweight_j.csv
9045.T,9045,京阪ホールディングス,Prime/TOPIX,陸運業,topix500,topix500,1,0,0,0,topix500:TOPIX Mid400,https://www.jpx.co.jp/automation/markets/indices/topix/files/topixweight_j.csv
9048.T,9048,名古屋鉄道,Prime/TOPIX,陸運業,topix500,topix500,1,0,0,0,topix500:TOPIX Mid400,https://www.jpx.co.jp/automation/markets/indices/topix/files/topixweight_j.csv
9064.T,9064,ヤマトホールディングス,Prime/TOPIX,陸運業,topix500,topix500,1,0,0,0,topix500:TOPIX Mid400,https://www.jpx.co.jp/automation/markets/indices/topix/files/topixweight_j.csv
9065.T,9065,山九,Prime/TOPIX,陸運業,topix500,topix500,1,0,0,0,topix500:TOPIX Mid400,https://www.jpx.co.jp/automation/markets/indices/topix/files/topixweight_j.csv
9069.T,9069,センコーグループホールディングス,Prime/TOPIX,陸運業,topix500,topix500,1,0,0,0,topix500:TOPIX Mid400,https://www.jpx.co.jp/automation/markets/indices/topix/files/topixweight_j.csv
9072.T,9072,ニッコンホールディングス,Prime/TOPIX,陸運業,topix500,topix500,1,0,0,0,topix500:TOPIX Mid400,https://www.jpx.co.jp/automation/markets/indices/topix/files/topixweight_j.csv
9076.T,9076,セイノーホールディングス,Prime/TOPIX,陸運業,topix500,topix500,1,0,0,0,topix500:TOPIX Mid400,https://www.jpx.co.jp/automation/markets/indices/topix/files/topixweight_j.csv
9101.T,9101,日本郵船,Prime/TOPIX,海運業,topix500,topix500,1,0,0,0,topix500:TOPIX Large70,https://www.jpx.co.jp/automation/markets/indices/topix/files/topixweight_j.csv
9104.T,9104,商船三井,Prime/TOPIX,海運業,topix500,topix500,1,0,0,0,topix500:TOPIX Large70,https://www.jpx.co.jp/automation/markets/indices/topix/files/topixweight_j.csv
9107.T,9107,川崎汽船,Prime/TOPIX,海運業,topix500,topix500,1,0,0,0,topix500:TOPIX Mid400,https://www.jpx.co.jp/automation/markets/indices/topix/files/topixweight_j.csv
9142.T,9142,九州旅客鉄道,Prime/TOPIX,陸運業,topix500,topix500,1,0,0,0,topix500:TOPIX Mid400,https://www.jpx.co.jp/automation/markets/indices/topix/files/topixweight_j.csv
9143.T,9143,ＳＧホールディングス,Prime/TOPIX,陸運業,topix500,topix500|jpx_prime150,1,1,0,0,topix500:TOPIX Mid400|jpx_prime150:constituent,https://www.jpx.co.jp/automation/markets/indices/topix/files/topixweight_j.csv|https://www.jpx.co.jp/automation/markets/indices/jpx-prime150/files/jpxprime150weight_j.csv
9147.T,9147,ＮＩＰＰＯＮ ＥＸＰＲＥＳＳホールディングス,Prime/TOPIX,陸運業,topix500,topix500,1,0,0,0,topix500:TOPIX Mid400,https://www.jpx.co.jp/automation/markets/indices/topix/files/topixweight_j.csv
9158.T,9158,CUC Inc.,Growth,,growth250,growth250|jpx_startup100,0,0,1,1,growth250:constituent|jpx_startup100:constituent,https://www.jpx.co.jp/english/markets/indices/line-up/files/e_mei2_31_mothers.pdf|https://www.jpx.co.jp/english/markets/indices/line-up/files/e_mei2_42_SU100.pdf
9162.T,9162,"Bleach,Inc.",Growth,,growth250,growth250,0,0,1,0,growth250:constituent,https://www.jpx.co.jp/english/markets/indices/line-up/files/e_mei2_31_mothers.pdf
9163.T,9163,Nareru Group Inc.,Growth,,growth250,growth250,0,0,1,0,growth250:constituent,https://www.jpx.co.jp/english/markets/indices/line-up/files/e_mei2_31_mothers.pdf
9166.T,9166,GENDA Inc.,Growth,,growth250,growth250|jpx_startup100,0,0,1,1,growth250:constituent|jpx_startup100:constituent,https://www.jpx.co.jp/english/markets/indices/line-up/files/e_mei2_31_mothers.pdf|https://www.jpx.co.jp/english/markets/indices/line-up/files/e_mei2_42_SU100.pdf
9168.T,9168,"Rise Consulting Group,Inc.",Growth,,growth250,growth250|jpx_startup100,0,0,1,1,growth250:constituent|jpx_startup100:constituent,https://www.jpx.co.jp/english/markets/indices/line-up/files/e_mei2_31_mothers.pdf|https://www.jpx.co.jp/english/markets/indices/line-up/files/e_mei2_42_SU100.pdf
9201.T,9201,日本航空,Prime/TOPIX,空運業,topix500,topix500|jpx_prime150,1,1,0,0,topix500:TOPIX Mid400|jpx_prime150:constituent,https://www.jpx.co.jp/automation/markets/indices/topix/files/topixweight_j.csv|https://www.jpx.co.jp/automation/markets/indices/jpx-prime150/files/jpxprime150weight_j.csv
9202.T,9202,ＡＮＡホールディングス,Prime/TOPIX,空運業,topix500,topix500|jpx_prime150,1,1,0,0,topix500:TOPIX Large70|jpx_prime150:constituent,https://www.jpx.co.jp/automation/markets/indices/topix/files/topixweight_j.csv|https://www.jpx.co.jp/automation/markets/indices/jpx-prime150/files/jpxprime150weight_j.csv
9204.T,9204,Skymark Airlines Inc.,Growth,,growth250,growth250,0,0,1,0,growth250:constituent,https://www.jpx.co.jp/english/markets/indices/line-up/files/e_mei2_31_mothers.pdf
9211.T,9211,f-code Inc.,Growth,,growth250,growth250|jpx_startup100,0,0,1,1,growth250:constituent|jpx_startup100:constituent,https://www.jpx.co.jp/english/markets/indices/line-up/files/e_mei2_31_mothers.pdf|https://www.jpx.co.jp/english/markets/indices/line-up/files/e_mei2_42_SU100.pdf
9218.T,9218,"Mental Health Technologies Co.,Ltd.",Growth,,growth250,growth250,0,0,1,0,growth250:constituent,https://www.jpx.co.jp/english/markets/indices/line-up/files/e_mei2_31_mothers.pdf
9223.T,9223,"ASNOVA Co.,Ltd.",Growth,,growth250,growth250,0,0,1,0,growth250:constituent,https://www.jpx.co.jp/english/markets/indices/line-up/files/e_mei2_31_mothers.pdf
9227.T,9227,"Microwave Chemical Co.,Ltd.",Growth,,growth250,growth250,0,0,1,0,growth250:constituent,https://www.jpx.co.jp/english/markets/indices/line-up/files/e_mei2_31_mothers.pdf
9235.T,9235,"Ureru Net Advertising Group Co.,Ltd.",Growth,,growth250,growth250,0,0,1,0,growth250:constituent,https://www.jpx.co.jp/english/markets/indices/line-up/files/e_mei2_31_mothers.pdf
9245.T,9245,Livero Inc.,Growth,,growth250,growth250,0,0,1,0,growth250:constituent,https://www.jpx.co.jp/english/markets/indices/line-up/files/e_mei2_31_mothers.pdf
9251.T,9251,"AB&Company Co.,Ltd.",Growth,,growth250,growth250,0,0,1,0,growth250:constituent,https://www.jpx.co.jp/english/markets/indices/line-up/files/e_mei2_31_mothers.pdf
9252.T,9252,"Last One Mile Co.,Ltd.",Growth,,growth250,growth250,0,0,1,0,growth250:constituent,https://www.jpx.co.jp/english/markets/indices/line-up/files/e_mei2_31_mothers.pdf
9270.T,9270,Valuence Holdings Inc.,Growth,,growth250,growth250,0,0,1,0,growth250:constituent,https://www.jpx.co.jp/english/markets/indices/line-up/files/e_mei2_31_mothers.pdf
9272.T,9272,"Boutiques,Inc.",Growth,,growth250,growth250,0,0,1,0,growth250:constituent,https://www.jpx.co.jp/english/markets/indices/line-up/files/e_mei2_31_mothers.pdf
9279.T,9279,GIFT HOLDINGS INC.,Growth/Prime/Standard,,jpx_startup100,jpx_startup100,0,0,0,1,jpx_startup100:constituent,https://www.jpx.co.jp/english/markets/indices/line-up/files/e_mei2_42_SU100.pdf
9301.T,9301,三菱倉庫,Prime/TOPIX,倉庫・運輸関連業,topix500,topix500,1,0,0,0,topix500:TOPIX Mid400,https://www.jpx.co.jp/automation/markets/indices/topix/files/topixweight_j.csv
9302.T,9302,三井倉庫ホールディングス,Prime/TOPIX,倉庫・運輸関連業,topix500,topix500,1,0,0,0,topix500:TOPIX Mid400,https://www.jpx.co.jp/automation/markets/indices/topix/files/topixweight_j.csv
9337.T,9337,toridori Inc.,Growth,,growth250,growth250,0,0,1,0,growth250:constituent,https://www.jpx.co.jp/english/markets/indices/line-up/files/e_mei2_31_mothers.pdf
9338.T,9338,INFORICH INC.,Growth,,growth250,growth250|jpx_startup100,0,0,1,1,growth250:constituent|jpx_startup100:constituent,https://www.jpx.co.jp/english/markets/indices/line-up/files/e_mei2_31_mothers.pdf|https://www.jpx.co.jp/english/markets/indices/line-up/files/e_mei2_42_SU100.pdf
9343.T,9343,ibis inc.,Growth,,growth250,growth250,0,0,1,0,growth250:constituent,https://www.jpx.co.jp/english/markets/indices/line-up/files/e_mei2_31_mothers.pdf
9348.T,9348,"ispace,inc.",Growth,,growth250,growth250|jpx_startup100,0,0,1,1,growth250:constituent|jpx_startup100:constituent,https://www.jpx.co.jp/english/markets/indices/line-up/files/e_mei2_31_mothers.pdf|https://www.jpx.co.jp/english/markets/indices/line-up/files/e_mei2_42_SU100.pdf
9364.T,9364,上組,Prime/TOPIX,倉庫・運輸関連業,topix500,topix500,1,0,0,0,topix500:TOPIX Mid400,https://www.jpx.co.jp/automation/markets/indices/topix/files/topixweight_j.csv
9401.T,9401,ＴＢＳホールディングス,Prime/TOPIX,情報・通信業,topix500,topix500,1,0,0,0,topix500:TOPIX Mid400,https://www.jpx.co.jp/automation/markets/indices/topix/files/topixweight_j.csv
9404.T,9404,日本テレビホールディングス,Prime/TOPIX,情報・通信業,topix500,topix500,1,0,0,0,topix500:TOPIX Mid400,https://www.jpx.co.jp/automation/markets/indices/topix/files/topixweight_j.csv
9418.T,9418,Ｕ－ＮＥＸＴ ＨＯＬＤＩＮＧＳ,Prime,情報・通信業,jpx_prime150,jpx_prime150,0,1,0,0,jpx_prime150:constituent,https://www.jpx.co.jp/automation/markets/indices/jpx-prime150/files/jpxprime150weight_j.csv
9432.T,9432,ＮＴＴ,Prime/TOPIX,情報・通信業,topix500,topix500|jpx_prime150,1,1,0,0,topix500:TOPIX Core30|jpx_prime150:constituent,https://www.jpx.co.jp/automation/markets/indices/topix/files/topixweight_j.csv|https://www.jpx.co.jp/automation/markets/indices/jpx-prime150/files/jpxprime150weight_j.csv
9433.T,9433,ＫＤＤＩ,Prime/TOPIX,情報・通信業,topix500,topix500|jpx_prime150,1,1,0,0,topix500:TOPIX Core30|jpx_prime150:constituent,https://www.jpx.co.jp/automation/markets/indices/topix/files/topixweight_j.csv|https://www.jpx.co.jp/automation/markets/indices/jpx-prime150/files/jpxprime150weight_j.csv
9434.T,9434,ソフトバンク,Prime/TOPIX,情報・通信業,topix500,topix500|jpx_prime150,1,1,0,0,topix500:TOPIX Core30|jpx_prime150:constituent,https://www.jpx.co.jp/automation/markets/indices/topix/files/topixweight_j.csv|https://www.jpx.co.jp/automation/markets/indices/jpx-prime150/files/jpxprime150weight_j.csv
9435.T,9435,光通信,Prime/TOPIX,情報・通信業,topix500,topix500|jpx_prime150,1,1,0,0,topix500:TOPIX Mid400|jpx_prime150:constituent,https://www.jpx.co.jp/automation/markets/indices/topix/files/topixweight_j.csv|https://www.jpx.co.jp/automation/markets/indices/jpx-prime150/files/jpxprime150weight_j.csv
9449.T,9449,ＧＭＯインターネットグループ,Prime/TOPIX,情報・通信業,topix500,topix500|jpx_prime150,1,1,0,0,topix500:TOPIX Mid400|jpx_prime150:constituent,https://www.jpx.co.jp/automation/markets/indices/topix/files/topixweight_j.csv|https://www.jpx.co.jp/automation/markets/indices/jpx-prime150/files/jpxprime150weight_j.csv
9467.T,9467,"AlphaPolis Co.,Ltd.",Growth,,growth250,growth250|jpx_startup100,0,0,1,1,growth250:constituent|jpx_startup100:constituent,https://www.jpx.co.jp/english/markets/indices/line-up/files/e_mei2_31_mothers.pdf|https://www.jpx.co.jp/english/markets/indices/line-up/files/e_mei2_42_SU100.pdf
9468.T,9468,ＫＡＤＯＫＡＷＡ,Prime/TOPIX,情報・通信業,topix500,topix500,1,0,0,0,topix500:TOPIX Mid400,https://www.jpx.co.jp/automation/markets/indices/topix/files/topixweight_j.csv
9501.T,9501,東京電力ホールディングス,Prime/TOPIX,電気・ガス業,topix500,topix500,1,0,0,0,topix500:TOPIX Mid400,https://www.jpx.co.jp/automation/markets/indices/topix/files/topixweight_j.csv
9502.T,9502,中部電力,Prime/TOPIX,電気・ガス業,topix500,topix500,1,0,0,0,topix500:TOPIX Mid400,https://www.jpx.co.jp/automation/markets/indices/topix/files/topixweight_j.csv
9503.T,9503,関西電力,Prime/TOPIX,電気・ガス業,topix500,topix500,1,0,0,0,topix500:TOPIX Mid400,https://www.jpx.co.jp/automation/markets/indices/topix/files/topixweight_j.csv
9504.T,9504,中国電力,Prime/TOPIX,電気・ガス業,topix500,topix500,1,0,0,0,topix500:TOPIX Mid400,https://www.jpx.co.jp/automation/markets/indices/topix/files/topixweight_j.csv
9505.T,9505,北陸電力,Prime/TOPIX,電気・ガス業,topix500,topix500,1,0,0,0,topix500:TOPIX Mid400,https://www.jpx.co.jp/automation/markets/indices/topix/files/topixweight_j.csv
9506.T,9506,東北電力,Prime/TOPIX,電気・ガス業,topix500,topix500|jpx_prime150,1,1,0,0,topix500:TOPIX Mid400|jpx_prime150:constituent,https://www.jpx.co.jp/automation/markets/indices/topix/files/topixweight_j.csv|https://www.jpx.co.jp/automation/markets/indices/jpx-prime150/files/jpxprime150weight_j.csv
9507.T,9507,四国電力,Prime/TOPIX,電気・ガス業,topix500,topix500,1,0,0,0,topix500:TOPIX Mid400,https://www.jpx.co.jp/automation/markets/indices/topix/files/topixweight_j.csv
9508.T,9508,九州電力,Prime/TOPIX,電気・ガス業,topix500,topix500,1,0,0,0,topix500:TOPIX Mid400,https://www.jpx.co.jp/automation/markets/indices/topix/files/topixweight_j.csv
9509.T,9509,北海道電力,Prime/TOPIX,電気・ガス業,topix500,topix500,1,0,0,0,topix500:TOPIX Mid400,https://www.jpx.co.jp/automation/markets/indices/topix/files/topixweight_j.csv
9513.T,9513,電源開発,Prime/TOPIX,電気・ガス業,topix500,topix500,1,0,0,0,topix500:TOPIX Mid400,https://www.jpx.co.jp/automation/markets/indices/topix/files/topixweight_j.csv
9519.T,9519,"RENOVA,Inc. Electric Power",Growth/Prime/Standard,,jpx_startup100,jpx_startup100,0,0,0,1,jpx_startup100:constituent,https://www.jpx.co.jp/english/markets/indices/line-up/files/e_mei2_42_SU100.pdf
9531.T,9531,東京瓦斯,Prime/TOPIX,電気・ガス業,topix500,topix500,1,0,0,0,topix500:TOPIX Mid400,https://www.jpx.co.jp/automation/markets/indices/topix/files/topixweight_j.csv
9532.T,9532,大阪瓦斯,Prime/TOPIX,電気・ガス業,topix500,topix500,1,0,0,0,topix500:TOPIX Mid400,https://www.jpx.co.jp/automation/markets/indices/topix/files/topixweight_j.csv
9533.T,9533,東邦瓦斯,Prime/TOPIX,電気・ガス業,topix500,topix500,1,0,0,0,topix500:TOPIX Mid400,https://www.jpx.co.jp/automation/markets/indices/topix/files/topixweight_j.csv
9552.T,9552,Services,Growth/Prime/Standard,,jpx_startup100,jpx_startup100,0,0,0,1,jpx_startup100:constituent,https://www.jpx.co.jp/english/markets/indices/line-up/files/e_mei2_42_SU100.pdf
9553.T,9553,"MicroAd,Inc.",Growth,,growth250,growth250,0,0,1,0,growth250:constituent,https://www.jpx.co.jp/english/markets/indices/line-up/files/e_mei2_31_mothers.pdf
9554.T,9554,"AViC Co.,Ltd.",Growth,,growth250,growth250,0,0,1,0,growth250:constituent,https://www.jpx.co.jp/english/markets/indices/line-up/files/e_mei2_31_mothers.pdf
9556.T,9556,INTLOOP Inc.,Growth,,growth250,growth250|jpx_startup100,0,0,1,1,growth250:constituent|jpx_startup100:constituent,https://www.jpx.co.jp/english/markets/indices/line-up/files/e_mei2_31_mothers.pdf|https://www.jpx.co.jp/english/markets/indices/line-up/files/e_mei2_42_SU100.pdf
9558.T,9558,"Japaniace Co.,Ltd.",Growth,,growth250,growth250,0,0,1,0,growth250:constituent,https://www.jpx.co.jp/english/markets/indices/line-up/files/e_mei2_31_mothers.pdf
9560.T,9560,PROGRIT Inc.,Growth,,growth250,growth250,0,0,1,0,growth250:constituent,https://www.jpx.co.jp/english/markets/indices/line-up/files/e_mei2_31_mothers.pdf
9561.T,9561,GLAD CUBE Inc.,Growth,,growth250,growth250,0,0,1,0,growth250:constituent,https://www.jpx.co.jp/english/markets/indices/line-up/files/e_mei2_31_mothers.pdf
9602.T,9602,東宝,Prime/TOPIX,情報・通信業,topix500,topix500|jpx_prime150,1,1,0,0,topix500:TOPIX Mid400|jpx_prime150:constituent,https://www.jpx.co.jp/automation/markets/indices/topix/files/topixweight_j.csv|https://www.jpx.co.jp/automation/markets/indices/jpx-prime150/files/jpxprime150weight_j.csv
9616.T,9616,共立メンテナンス,Prime/TOPIX,サービス業,topix500,topix500,1,0,0,0,topix500:TOPIX Mid400,https://www.jpx.co.jp/automation/markets/indices/topix/files/topixweight_j.csv
9627.T,9627,アインホールディングス,Prime/TOPIX,小売業,topix500,topix500,1,0,0,0,topix500:TOPIX Mid400,https://www.jpx.co.jp/automation/markets/indices/topix/files/topixweight_j.csv
9684.T,9684,スクウェア・エニックス・ホールディングス,Prime/TOPIX,情報・通信業,topix500,topix500,1,0,0,0,topix500:TOPIX Mid400,https://www.jpx.co.jp/automation/markets/indices/topix/files/topixweight_j.csv
9697.T,9697,カプコン,Prime/TOPIX,情報・通信業,topix500,topix500|jpx_prime150,1,1,0,0,topix500:TOPIX Mid400|jpx_prime150:constituent,https://www.jpx.co.jp/automation/markets/indices/topix/files/topixweight_j.csv|https://www.jpx.co.jp/automation/markets/indices/jpx-prime150/files/jpxprime150weight_j.csv
9706.T,9706,日本空港ビルデング,Prime/TOPIX,不動産業,topix500,topix500,1,0,0,0,topix500:TOPIX Mid400,https://www.jpx.co.jp/automation/markets/indices/topix/files/topixweight_j.csv
9735.T,9735,セコム,Prime/TOPIX,サービス業,topix500,topix500|jpx_prime150,1,1,0,0,topix500:TOPIX Large70|jpx_prime150:constituent,https://www.jpx.co.jp/automation/markets/indices/topix/files/topixweight_j.csv|https://www.jpx.co.jp/automation/markets/indices/jpx-prime150/files/jpxprime150weight_j.csv
9744.T,9744,メイテックグループホールディングス,Prime/TOPIX,サービス業,topix500,topix500|jpx_prime150,1,1,0,0,topix500:TOPIX Mid400|jpx_prime150:constituent,https://www.jpx.co.jp/automation/markets/indices/topix/files/topixweight_j.csv|https://www.jpx.co.jp/automation/markets/indices/jpx-prime150/files/jpxprime150weight_j.csv
9759.T,9759,ＮＳＤ,Prime/TOPIX,情報・通信業,topix500,topix500|jpx_prime150,1,1,0,0,topix500:TOPIX Mid400|jpx_prime150:constituent,https://www.jpx.co.jp/automation/markets/indices/topix/files/topixweight_j.csv|https://www.jpx.co.jp/automation/markets/indices/jpx-prime150/files/jpxprime150weight_j.csv
9766.T,9766,コナミグループ,Prime/TOPIX,情報・通信業,topix500,topix500|jpx_prime150,1,1,0,0,topix500:TOPIX Mid400|jpx_prime150:constituent,https://www.jpx.co.jp/automation/markets/indices/topix/files/topixweight_j.csv|https://www.jpx.co.jp/automation/markets/indices/jpx-prime150/files/jpxprime150weight_j.csv
9831.T,9831,ヤマダホールディングス,Prime/TOPIX,小売業,topix500,topix500,1,0,0,0,topix500:TOPIX Mid400,https://www.jpx.co.jp/automation/markets/indices/topix/files/topixweight_j.csv
9843.T,9843,ニトリホールディングス,Prime/TOPIX,小売業,topix500,topix500|jpx_prime150,1,1,0,0,topix500:TOPIX Mid400|jpx_prime150:constituent,https://www.jpx.co.jp/automation/markets/indices/topix/files/topixweight_j.csv|https://www.jpx.co.jp/automation/markets/indices/jpx-prime150/files/jpxprime150weight_j.csv
9861.T,9861,吉野家ホールディングス,Prime/TOPIX,小売業,topix500,topix500,1,0,0,0,topix500:TOPIX Mid400,https://www.jpx.co.jp/automation/markets/indices/topix/files/topixweight_j.csv
9934.T,9934,因幡電機産業,Prime/TOPIX,卸売業,topix500,topix500,1,0,0,0,topix500:TOPIX Mid400,https://www.jpx.co.jp/automation/markets/indices/topix/files/topixweight_j.csv
9962.T,9962,ミスミグループ本社,Prime/TOPIX,卸売業,topix500,topix500,1,0,0,0,topix500:TOPIX Mid400,https://www.jpx.co.jp/automation/markets/indices/topix/files/topixweight_j.csv
9983.T,9983,ファーストリテイリング,Prime/TOPIX,小売業,topix500,topix500|jpx_prime150,1,1,0,0,topix500:TOPIX Core30|jpx_prime150:constituent,https://www.jpx.co.jp/automation/markets/indices/topix/files/topixweight_j.csv|https://www.jpx.co.jp/automation/markets/indices/jpx-prime150/files/jpxprime150weight_j.csv
9984.T,9984,ソフトバンクグループ,Prime/TOPIX,情報・通信業,topix500,topix500|jpx_prime150,1,1,0,0,topix500:TOPIX Core30|jpx_prime150:constituent,https://www.jpx.co.jp/automation/markets/indices/topix/files/topixweight_j.csv|https://www.jpx.co.jp/automation/markets/indices/jpx-prime150/files/jpxprime150weight_j.csv
9987.T,9987,スズケン,Prime/TOPIX,卸売業,topix500,topix500,1,0,0,0,topix500:TOPIX Mid400,https://www.jpx.co.jp/automation/markets/indices/topix/files/topixweight_j.csv
9989.T,9989,サンドラッグ,Prime/TOPIX,小売業,topix500,topix500,1,0,0,0,topix500:TOPIX Mid400,https://www.jpx.co.jp/automation/markets/indices/topix/files/topixweight_j.csv
