symbol,local_code,company_name,market,sector_33_code,sector_33_name,sector_17_code,sector_17_name,size_code,size_name,effective_date,source,updated_at
1301.T,1301,極洋,プライム（内国株式）,0050,水産・農林業,0001,食品,0006,TOPIX Small 1,20260630,https://www.jpx.co.jp/markets/statistics-equities/misc/tvdivq0000001vg2-att/data_j.xls,2026-07-10T23:26:35.886407+00:00
1305.T,1305,ｉＦｒｅｅＥＴＦ　ＴＯＰＩＸ（年１回決算型）,ETF・ETN,-,-,-,-,-,-,20260630,https://www.jpx.co.jp/markets/statistics-equities/misc/tvdivq0000001vg2-att/data_j.xls,2026-07-10T23:26:35.886407+00:00
1306.T,1306,ＮＥＸＴ　ＦＵＮＤＳ　ＴＯＰＩＸ連動型上場投信,ETF・ETN,-,-,-,-,-,-,20260630,https://www.jpx.co.jp/markets/statistics-equities/misc/tvdivq0000001vg2-att/data_j.xls,2026-07-10T23:26:35.886407+00:00
1308.T,1308,上場インデックスファンドＴＯＰＩＸ,ETF・ETN,-,-,-,-,-,-,20260630,https://www.jpx.co.jp/markets/statistics-equities/misc/tvdivq0000001vg2-att/data_j.xls,2026-07-10T23:26:35.886407+00:00
1309.T,1309,ＮＥＸＴ　ＦＵＮＤＳ　ＣｈｉｎａＡＭＣ・中国株式・上証５０連動型上場投信,ETF・ETN,-,-,-,-,-,-,20260630,https://www.jpx.co.jp/markets/statistics-equities/misc/tvdivq0000001vg2-att/data_j.xls,2026-07-10T23:26:35.886407+00:00
1311.T,1311,ＮＥＸＴ　ＦＵＮＤＳ　ＴＯＰＩＸ　Ｃｏｒｅ　３０連動型上場投信,ETF・ETN,-,-,-,-,-,-,20260630,https://www.jpx.co.jp/markets/statistics-equities/misc/tvdivq0000001vg2-att/data_j.xls,2026-07-10T23:26:35.886407+00:00
1319.T,1319,ＮＥＸＴ　ＦＵＮＤＳ　日経３００株価指数連動型上場投信,ETF・ETN,-,-,-,-,-,-,20260630,https://www.jpx.co.jp/markets/statistics-equities/misc/tvdivq0000001vg2-att/data_j.xls,2026-07-10T23:26:35.886407+00:00
1320.T,1320,ｉＦｒｅｅＥＴＦ　日経２２５（年１回決算型）,ETF・ETN,-,-,-,-,-,-,20260630,https://www.jpx.co.jp/markets/statistics-equities/misc/tvdivq0000001vg2-att/data_j.xls,2026-07-10T23:26:35.886407+00:00
1321.T,1321,ＮＥＸＴ　ＦＵＮＤＳ　日経２２５連動型上場投信,ETF・ETN,-,-,-,-,-,-,20260630,https://www.jpx.co.jp/markets/statistics-equities/misc/tvdivq0000001vg2-att/data_j.xls,2026-07-10T23:26:35.886407+00:00
1322.T,1322,上場インデックスファンド中国Ａ株（パンダ）Ｅ　Ｆｕｎｄ　ＣＳＩ３００,ETF・ETN,-,-,-,-,-,-,20260630,https://www.jpx.co.jp/markets/statistics-equities/misc/tvdivq0000001vg2-att/data_j.xls,2026-07-10T23:26:35.886407+00:00
1325.T,1325,ＮＥＸＴ　ＦＵＮＤＳ　ブラジル株式指数・ボベスパ連動型上場投信,ETF・ETN,-,-,-,-,-,-,20260630,https://www.jpx.co.jp/markets/statistics-equities/misc/tvdivq0000001vg2-att/data_j.xls,2026-07-10T23:26:35.886407+00:00
1326.T,1326,ＳＰＤＲゴールド・シェア,ETF・ETN,-,-,-,-,-,-,20260630,https://www.jpx.co.jp/markets/statistics-equities/misc/tvdivq0000001vg2-att/data_j.xls,2026-07-10T23:26:35.886407+00:00
1328.T,1328,ＮＥＸＴ　ＦＵＮＤＳ　金価格連動型上場投信,ETF・ETN,-,-,-,-,-,-,20260630,https://www.jpx.co.jp/markets/statistics-equities/misc/tvdivq0000001vg2-att/data_j.xls,2026-07-10T23:26:35.886407+00:00
1329.T,1329,ｉシェアーズ・コア　日経２２５　ＥＴＦ,ETF・ETN,-,-,-,-,-,-,20260630,https://www.jpx.co.jp/markets/statistics-equities/misc/tvdivq0000001vg2-att/data_j.xls,2026-07-10T23:26:35.886407+00:00
1330.T,1330,上場インデックスファンド２２５,ETF・ETN,-,-,-,-,-,-,20260630,https://www.jpx.co.jp/markets/statistics-equities/misc/tvdivq0000001vg2-att/data_j.xls,2026-07-10T23:26:35.886407+00:00
1332.T,1332,ニッスイ,プライム（内国株式）,0050,水産・農林業,0001,食品,0004,TOPIX Mid400,20260630,https://www.jpx.co.jp/markets/statistics-equities/misc/tvdivq0000001vg2-att/data_j.xls,2026-07-10T23:26:35.886407+00:00
1333.T,1333,Ｕｍｉｏｓ,プライム（内国株式）,0050,水産・農林業,0001,食品,0004,TOPIX Mid400,20260630,https://www.jpx.co.jp/markets/statistics-equities/misc/tvdivq0000001vg2-att/data_j.xls,2026-07-10T23:26:35.886407+00:00
1343.T,1343,ＮＥＸＴ　ＦＵＮＤＳ　東証ＲＥＩＴ　指数連動型上場投信,ETF・ETN,-,-,-,-,-,-,20260630,https://www.jpx.co.jp/markets/statistics-equities/misc/tvdivq0000001vg2-att/data_j.xls,2026-07-10T23:26:35.886407+00:00
1345.T,1345,上場インデックスファンドＪリート（東証ＲＥＩＴ指数）隔月分配型,ETF・ETN,-,-,-,-,-,-,20260630,https://www.jpx.co.jp/markets/statistics-equities/misc/tvdivq0000001vg2-att/data_j.xls,2026-07-10T23:26:35.886407+00:00
1346.T,1346,ＭＡＸＩＳ　日経２２５上場投信,ETF・ETN,-,-,-,-,-,-,20260630,https://www.jpx.co.jp/markets/statistics-equities/misc/tvdivq0000001vg2-att/data_j.xls,2026-07-10T23:26:35.886407+00:00
1348.T,1348,ＭＡＸＩＳ　トピックス上場投信,ETF・ETN,-,-,-,-,-,-,20260630,https://www.jpx.co.jp/markets/statistics-equities/misc/tvdivq0000001vg2-att/data_j.xls,2026-07-10T23:26:35.886407+00:00
1349.T,1349,ＡＢＦ汎アジア債券インデックス・ファンド,ETF・ETN,-,-,-,-,-,-,20260630,https://www.jpx.co.jp/markets/statistics-equities/misc/tvdivq0000001vg2-att/data_j.xls,2026-07-10T23:26:35.886407+00:00
1356.T,1356,ＴＯＰＩＸベア２倍上場投信,ETF・ETN,-,-,-,-,-,-,20260630,https://www.jpx.co.jp/markets/statistics-equities/misc/tvdivq0000001vg2-att/data_j.xls,2026-07-10T23:26:35.886407+00:00
1357.T,1357,ＮＥＸＴ　ＦＵＮＤＳ　日経平均ダブルインバース・インデックス連動型上場投信,ETF・ETN,-,-,-,-,-,-,20260630,https://www.jpx.co.jp/markets/statistics-equities/misc/tvdivq0000001vg2-att/data_j.xls,2026-07-10T23:26:35.886407+00:00
1358.T,1358,上場インデックスファンド日経レバレッジ指数,ETF・ETN,-,-,-,-,-,-,20260630,https://www.jpx.co.jp/markets/statistics-equities/misc/tvdivq0000001vg2-att/data_j.xls,2026-07-10T23:26:35.886407+00:00
1360.T,1360,日経平均ベア２倍上場投信,ETF・ETN,-,-,-,-,-,-,20260630,https://www.jpx.co.jp/markets/statistics-equities/misc/tvdivq0000001vg2-att/data_j.xls,2026-07-10T23:26:35.886407+00:00
1364.T,1364,ｉシェアーズ　ＪＰＸ日経４００　ＥＴＦ,ETF・ETN,-,-,-,-,-,-,20260630,https://www.jpx.co.jp/markets/statistics-equities/misc/tvdivq0000001vg2-att/data_j.xls,2026-07-10T23:26:35.886407+00:00
1365.T,1365,ｉＦｒｅｅＥＴＦ　日経平均レバレッジ・インデックス,ETF・ETN,-,-,-,-,-,-,20260630,https://www.jpx.co.jp/markets/statistics-equities/misc/tvdivq0000001vg2-att/data_j.xls,2026-07-10T23:26:35.886407+00:00
1366.T,1366,ｉＦｒｅｅＥＴＦ　日経平均ダブルインバース・インデックス,ETF・ETN,-,-,-,-,-,-,20260630,https://www.jpx.co.jp/markets/statistics-equities/misc/tvdivq0000001vg2-att/data_j.xls,2026-07-10T23:26:35.886407+00:00
1367.T,1367,ｉＦｒｅｅＥＴＦ　ＴＯＰＩＸレバレッジ（２倍）指数,ETF・ETN,-,-,-,-,-,-,20260630,https://www.jpx.co.jp/markets/statistics-equities/misc/tvdivq0000001vg2-att/data_j.xls,2026-07-10T23:26:35.886407+00:00
1368.T,1368,ｉＦｒｅｅＥＴＦ　ＴＯＰＩＸダブルインバース（－２倍）指数,ETF・ETN,-,-,-,-,-,-,20260630,https://www.jpx.co.jp/markets/statistics-equities/misc/tvdivq0000001vg2-att/data_j.xls,2026-07-10T23:26:35.886407+00:00
1369.T,1369,Ｏｎｅ　ＥＴＦ　日経２２５,ETF・ETN,-,-,-,-,-,-,20260630,https://www.jpx.co.jp/markets/statistics-equities/misc/tvdivq0000001vg2-att/data_j.xls,2026-07-10T23:26:35.886407+00:00
1375.T,1375,ユキグニファクトリー,プライム（内国株式）,0050,水産・農林業,0001,食品,0007,TOPIX Small 2,20260630,https://www.jpx.co.jp/markets/statistics-equities/misc/tvdivq0000001vg2-att/data_j.xls,2026-07-10T23:26:35.886407+00:00
1376.T,1376,カネコ種苗,スタンダード（内国株式）,0050,水産・農林業,0001,食品,0007,TOPIX Small 2,20260630,https://www.jpx.co.jp/markets/statistics-equities/misc/tvdivq0000001vg2-att/data_j.xls,2026-07-10T23:26:35.886407+00:00
1377.T,1377,サカタのタネ,プライム（内国株式）,0050,水産・農林業,0001,食品,0006,TOPIX Small 1,20260630,https://www.jpx.co.jp/markets/statistics-equities/misc/tvdivq0000001vg2-att/data_j.xls,2026-07-10T23:26:35.886407+00:00
1379.T,1379,ホクト,プライム（内国株式）,0050,水産・農林業,0001,食品,0007,TOPIX Small 2,20260630,https://www.jpx.co.jp/markets/statistics-equities/misc/tvdivq0000001vg2-att/data_j.xls,2026-07-10T23:26:35.886407+00:00
1380.T,1380,秋川牧園,スタンダード（内国株式）,0050,水産・農林業,0001,食品,-,-,20260630,https://www.jpx.co.jp/markets/statistics-equities/misc/tvdivq0000001vg2-att/data_j.xls,2026-07-10T23:26:35.886407+00:00
1381.T,1381,アクシーズ,スタンダード（内国株式）,0050,水産・農林業,0001,食品,-,-,20260630,https://www.jpx.co.jp/markets/statistics-equities/misc/tvdivq0000001vg2-att/data_j.xls,2026-07-10T23:26:35.886407+00:00
1382.T,1382,ホーブ,スタンダード（内国株式）,0050,水産・農林業,0001,食品,-,-,20260630,https://www.jpx.co.jp/markets/statistics-equities/misc/tvdivq0000001vg2-att/data_j.xls,2026-07-10T23:26:35.886407+00:00
1383.T,1383,ベルグアース,スタンダード（内国株式）,0050,水産・農林業,0001,食品,-,-,20260630,https://www.jpx.co.jp/markets/statistics-equities/misc/tvdivq0000001vg2-att/data_j.xls,2026-07-10T23:26:35.886407+00:00
1384.T,1384,ホクリヨウ,スタンダード（内国株式）,0050,水産・農林業,0001,食品,-,-,20260630,https://www.jpx.co.jp/markets/statistics-equities/misc/tvdivq0000001vg2-att/data_j.xls,2026-07-10T23:26:35.886407+00:00
1397.T,1397,ＳＭＤＡＭ　日経２２５上場投信,ETF・ETN,-,-,-,-,-,-,20260630,https://www.jpx.co.jp/markets/statistics-equities/misc/tvdivq0000001vg2-att/data_j.xls,2026-07-10T23:26:35.886407+00:00
1398.T,1398,ＳＭＤＡＭ　東証ＲＥＩＴ指数上場投信,ETF・ETN,-,-,-,-,-,-,20260630,https://www.jpx.co.jp/markets/statistics-equities/misc/tvdivq0000001vg2-att/data_j.xls,2026-07-10T23:26:35.886407+00:00
1399.T,1399,上場インデックスファンドＭＳＣＩ日本株高配当低ボラティリティ,ETF・ETN,-,-,-,-,-,-,20260630,https://www.jpx.co.jp/markets/statistics-equities/misc/tvdivq0000001vg2-att/data_j.xls,2026-07-10T23:26:35.886407+00:00
1401.T,1401,エムビーエス,グロース（内国株式）,2050,建設業,0003,建設・資材,-,-,20260630,https://www.jpx.co.jp/markets/statistics-equities/misc/tvdivq0000001vg2-att/data_j.xls,2026-07-10T23:26:35.886407+00:00
1407.T,1407,ウエストホールディングス,スタンダード（内国株式）,2050,建設業,0003,建設・資材,-,-,20260630,https://www.jpx.co.jp/markets/statistics-equities/misc/tvdivq0000001vg2-att/data_j.xls,2026-07-10T23:26:35.886407+00:00
1414.T,1414,ショーボンドホールディングス,プライム（内国株式）,2050,建設業,0003,建設・資材,0004,TOPIX Mid400,20260630,https://www.jpx.co.jp/markets/statistics-equities/misc/tvdivq0000001vg2-att/data_j.xls,2026-07-10T23:26:35.886407+00:00
1417.T,1417,ミライト・ワン,プライム（内国株式）,2050,建設業,0003,建設・資材,0004,TOPIX Mid400,20260630,https://www.jpx.co.jp/markets/statistics-equities/misc/tvdivq0000001vg2-att/data_j.xls,2026-07-10T23:26:35.886407+00:00
1418.T,1418,インターライフホールディングス,スタンダード（内国株式）,2050,建設業,0003,建設・資材,-,-,20260630,https://www.jpx.co.jp/markets/statistics-equities/misc/tvdivq0000001vg2-att/data_j.xls,2026-07-10T23:26:35.886407+00:00
1419.T,1419,タマホーム,プライム（内国株式）,2050,建設業,0003,建設・資材,0006,TOPIX Small 1,20260630,https://www.jpx.co.jp/markets/statistics-equities/misc/tvdivq0000001vg2-att/data_j.xls,2026-07-10T23:26:35.886407+00:00
1420.T,1420,サンヨーホームズ,スタンダード（内国株式）,2050,建設業,0003,建設・資材,-,-,20260630,https://www.jpx.co.jp/markets/statistics-equities/misc/tvdivq0000001vg2-att/data_j.xls,2026-07-10T23:26:35.886407+00:00
1429.T,1429,日本アクア,プライム（内国株式）,2050,建設業,0003,建設・資材,-,-,20260630,https://www.jpx.co.jp/markets/statistics-equities/misc/tvdivq0000001vg2-att/data_j.xls,2026-07-10T23:26:35.886407+00:00
1430.T,1430,ファーストコーポレーション,スタンダード（内国株式）,2050,建設業,0003,建設・資材,-,-,20260630,https://www.jpx.co.jp/markets/statistics-equities/misc/tvdivq0000001vg2-att/data_j.xls,2026-07-10T23:26:35.886407+00:00
1431.T,1431,Ｌｉｂ　Ｗｏｒｋ,グロース（内国株式）,2050,建設業,0003,建設・資材,-,-,20260630,https://www.jpx.co.jp/markets/statistics-equities/misc/tvdivq0000001vg2-att/data_j.xls,2026-07-10T23:26:35.886407+00:00
1432.T,1432,動力,PRO Market,2050,建設業,0003,建設・資材,-,-,20260630,https://www.jpx.co.jp/markets/statistics-equities/misc/tvdivq0000001vg2-att/data_j.xls,2026-07-10T23:26:35.886407+00:00
1433.T,1433,ベステラ,プライム（内国株式）,2050,建設業,0003,建設・資材,-,-,20260630,https://www.jpx.co.jp/markets/statistics-equities/misc/tvdivq0000001vg2-att/data_j.xls,2026-07-10T23:26:35.886407+00:00
1434.T,1434,ＪＥＳＣＯホールディングス,スタンダード（内国株式）,2050,建設業,0003,建設・資材,-,-,20260630,https://www.jpx.co.jp/markets/statistics-equities/misc/tvdivq0000001vg2-att/data_j.xls,2026-07-10T23:26:35.886407+00:00
1435.T,1435,ｒｏｂｏｔ　ｈｏｍｅ,スタンダード（内国株式）,8050,不動産業,0017,不動産,0007,TOPIX Small 2,20260630,https://www.jpx.co.jp/markets/statistics-equities/misc/tvdivq0000001vg2-att/data_j.xls,2026-07-10T23:26:35.886407+00:00
1436.T,1436,グリーンエナジー＆カンパニー,グロース（内国株式）,2050,建設業,0003,建設・資材,-,-,20260630,https://www.jpx.co.jp/markets/statistics-equities/misc/tvdivq0000001vg2-att/data_j.xls,2026-07-10T23:26:35.886407+00:00
1438.T,1438,岐阜造園,スタンダード（内国株式）,2050,建設業,0003,建設・資材,-,-,20260630,https://www.jpx.co.jp/markets/statistics-equities/misc/tvdivq0000001vg2-att/data_j.xls,2026-07-10T23:26:35.886407+00:00
1443.T,1443,技研ホールディングス,スタンダード（内国株式）,2050,建設業,0003,建設・資材,-,-,20260630,https://www.jpx.co.jp/markets/statistics-equities/misc/tvdivq0000001vg2-att/data_j.xls,2026-07-10T23:26:35.886407+00:00
1444.T,1444,ニッソウ,グロース（内国株式）,2050,建設業,0003,建設・資材,-,-,20260630,https://www.jpx.co.jp/markets/statistics-equities/misc/tvdivq0000001vg2-att/data_j.xls,2026-07-10T23:26:35.886407+00:00
1445.T,1445,ひかりホールディングス,PRO Market,2050,建設業,0003,建設・資材,-,-,20260630,https://www.jpx.co.jp/markets/statistics-equities/misc/tvdivq0000001vg2-att/data_j.xls,2026-07-10T23:26:35.886407+00:00
1446.T,1446,キャンディル,スタンダード（内国株式）,2050,建設業,0003,建設・資材,-,-,20260630,https://www.jpx.co.jp/markets/statistics-equities/misc/tvdivq0000001vg2-att/data_j.xls,2026-07-10T23:26:35.886407+00:00
1447.T,1447,ＳＡＡＦホールディングス,グロース（内国株式）,2050,建設業,0003,建設・資材,-,-,20260630,https://www.jpx.co.jp/markets/statistics-equities/misc/tvdivq0000001vg2-att/data_j.xls,2026-07-10T23:26:35.886407+00:00
1450.T,1450,ＴＡＮＡＫＥＮ,スタンダード（内国株式）,2050,建設業,0003,建設・資材,-,-,20260630,https://www.jpx.co.jp/markets/statistics-equities/misc/tvdivq0000001vg2-att/data_j.xls,2026-07-10T23:26:35.886407+00:00
1452.T,1452,横浜ライト工業,PRO Market,2050,建設業,0003,建設・資材,-,-,20260630,https://www.jpx.co.jp/markets/statistics-equities/misc/tvdivq0000001vg2-att/data_j.xls,2026-07-10T23:26:35.886407+00:00
1456.T,1456,ｉＦｒｅｅＥＴＦ　日経平均インバース・インデックス,ETF・ETN,-,-,-,-,-,-,20260630,https://www.jpx.co.jp/markets/statistics-equities/misc/tvdivq0000001vg2-att/data_j.xls,2026-07-10T23:26:35.886407+00:00
1457.T,1457,ｉＦｒｅｅＥＴＦ　ＴＯＰＩＸインバース（－１倍）指数,ETF・ETN,-,-,-,-,-,-,20260630,https://www.jpx.co.jp/markets/statistics-equities/misc/tvdivq0000001vg2-att/data_j.xls,2026-07-10T23:26:35.886407+00:00
1458.T,1458,楽天ＥＴＦ‐日経レバレッジ指数連動型,ETF・ETN,-,-,-,-,-,-,20260630,https://www.jpx.co.jp/markets/statistics-equities/misc/tvdivq0000001vg2-att/data_j.xls,2026-07-10T23:26:35.886407+00:00
1459.T,1459,楽天ＥＴＦ‐日経ダブルインバース指数連動型,ETF・ETN,-,-,-,-,-,-,20260630,https://www.jpx.co.jp/markets/statistics-equities/misc/tvdivq0000001vg2-att/data_j.xls,2026-07-10T23:26:35.886407+00:00
1466.T,1466,ｉＦｒｅｅＥＴＦ　ＪＰＸ日経４００ダブルインバース・インデックス,ETF・ETN,-,-,-,-,-,-,20260630,https://www.jpx.co.jp/markets/statistics-equities/misc/tvdivq0000001vg2-att/data_j.xls,2026-07-10T23:26:35.886407+00:00
1469.T,1469,ＪＰＸ日経４００ベア２倍上場投信（ダブルインバース）,ETF・ETN,-,-,-,-,-,-,20260630,https://www.jpx.co.jp/markets/statistics-equities/misc/tvdivq0000001vg2-att/data_j.xls,2026-07-10T23:26:35.886407+00:00
1472.T,1472,ＮＥＸＴ　ＦＵＮＤＳ　ＪＰＸ日経４００ダブルインバース・インデックス連動型上場投信,ETF・ETN,-,-,-,-,-,-,20260630,https://www.jpx.co.jp/markets/statistics-equities/misc/tvdivq0000001vg2-att/data_j.xls,2026-07-10T23:26:35.886407+00:00
1473.T,1473,Ｏｎｅ　ＥＴＦ　トピックス,ETF・ETN,-,-,-,-,-,-,20260630,https://www.jpx.co.jp/markets/statistics-equities/misc/tvdivq0000001vg2-att/data_j.xls,2026-07-10T23:26:35.886407+00:00
1474.T,1474,Ｏｎｅ　ＥＴＦ　ＪＰＸ日経４００,ETF・ETN,-,-,-,-,-,-,20260630,https://www.jpx.co.jp/markets/statistics-equities/misc/tvdivq0000001vg2-att/data_j.xls,2026-07-10T23:26:35.886407+00:00
1475.T,1475,ｉシェアーズ・コア　ＴＯＰＩＸ　ＥＴＦ,ETF・ETN,-,-,-,-,-,-,20260630,https://www.jpx.co.jp/markets/statistics-equities/misc/tvdivq0000001vg2-att/data_j.xls,2026-07-10T23:26:35.886407+00:00
1476.T,1476,ｉシェアーズ・コア　Ｊリート　ＥＴＦ,ETF・ETN,-,-,-,-,-,-,20260630,https://www.jpx.co.jp/markets/statistics-equities/misc/tvdivq0000001vg2-att/data_j.xls,2026-07-10T23:26:35.886407+00:00
1477.T,1477,ｉシェアーズ　ＭＳＣＩ　日本株最小分散　ＥＴＦ,ETF・ETN,-,-,-,-,-,-,20260630,https://www.jpx.co.jp/markets/statistics-equities/misc/tvdivq0000001vg2-att/data_j.xls,2026-07-10T23:26:35.886407+00:00
1478.T,1478,ｉシェアーズ　ＭＳＣＩ　ジャパン高配当利回り　ＥＴＦ,ETF・ETN,-,-,-,-,-,-,20260630,https://www.jpx.co.jp/markets/statistics-equities/misc/tvdivq0000001vg2-att/data_j.xls,2026-07-10T23:26:35.886407+00:00
1479.T,1479,ｉＦｒｅｅＥＴＦ　ＭＳＣＩ日本株人材設備投資指数,ETF・ETN,-,-,-,-,-,-,20260630,https://www.jpx.co.jp/markets/statistics-equities/misc/tvdivq0000001vg2-att/data_j.xls,2026-07-10T23:26:35.886407+00:00
1480.T,1480,ＮＥＸＴ　ＦＵＮＤＳ　野村企業価値分配指数連動型上場投信,ETF・ETN,-,-,-,-,-,-,20260630,https://www.jpx.co.jp/markets/statistics-equities/misc/tvdivq0000001vg2-att/data_j.xls,2026-07-10T23:26:35.886407+00:00
1481.T,1481,上場インデックスファンド日本経済貢献株,ETF・ETN,-,-,-,-,-,-,20260630,https://www.jpx.co.jp/markets/statistics-equities/misc/tvdivq0000001vg2-att/data_j.xls,2026-07-10T23:26:35.886407+00:00
1482.T,1482,ｉシェアーズ・コア　米国債７－１０年　ＥＴＦ（為替ヘッジあり）,ETF・ETN,-,-,-,-,-,-,20260630,https://www.jpx.co.jp/markets/statistics-equities/misc/tvdivq0000001vg2-att/data_j.xls,2026-07-10T23:26:35.886407+00:00
1483.T,1483,ｉシェアーズ　ＪＰＸ／Ｓ＆Ｐ設備・人材投資　ＥＴＦ,ETF・ETN,-,-,-,-,-,-,20260630,https://www.jpx.co.jp/markets/statistics-equities/misc/tvdivq0000001vg2-att/data_j.xls,2026-07-10T23:26:35.886407+00:00
1484.T,1484,Ｏｎｅ　ＥＴＦ　ＪＰＸ／Ｓ＆Ｐ　設備・人材投資指数,ETF・ETN,-,-,-,-,-,-,20260630,https://www.jpx.co.jp/markets/statistics-equities/misc/tvdivq0000001vg2-att/data_j.xls,2026-07-10T23:26:35.886407+00:00
1485.T,1485,ＭＡＸＩＳ　ＪＡＰＡＮ　設備・人材積極投資企業２００上場投信,ETF・ETN,-,-,-,-,-,-,20260630,https://www.jpx.co.jp/markets/statistics-equities/misc/tvdivq0000001vg2-att/data_j.xls,2026-07-10T23:26:35.886407+00:00
1486.T,1486,上場インデックスファンド米国債券（為替ヘッジなし）,ETF・ETN,-,-,-,-,-,-,20260630,https://www.jpx.co.jp/markets/statistics-equities/misc/tvdivq0000001vg2-att/data_j.xls,2026-07-10T23:26:35.886407+00:00
1487.T,1487,上場インデックスファンド米国債券（為替ヘッジあり）,ETF・ETN,-,-,-,-,-,-,20260630,https://www.jpx.co.jp/markets/statistics-equities/misc/tvdivq0000001vg2-att/data_j.xls,2026-07-10T23:26:35.886407+00:00
1488.T,1488,ｉＦｒｅｅＥＴＦ　東証ＲＥＩＴ指数,ETF・ETN,-,-,-,-,-,-,20260630,https://www.jpx.co.jp/markets/statistics-equities/misc/tvdivq0000001vg2-att/data_j.xls,2026-07-10T23:26:35.886407+00:00
1489.T,1489,ＮＥＸＴ　ＦＵＮＤＳ　日経平均高配当株５０指数連動型上場投信,ETF・ETN,-,-,-,-,-,-,20260630,https://www.jpx.co.jp/markets/statistics-equities/misc/tvdivq0000001vg2-att/data_j.xls,2026-07-10T23:26:35.886407+00:00
1490.T,1490,上場インデックスファンドＭＳＣＩ日本株高配当低ボラティリティ（βヘッジ）,ETF・ETN,-,-,-,-,-,-,20260630,https://www.jpx.co.jp/markets/statistics-equities/misc/tvdivq0000001vg2-att/data_j.xls,2026-07-10T23:26:35.886407+00:00
1491.T,1491,中外鉱業,スタンダード（内国株式）,3500,非鉄金属,0007,鉄鋼・非鉄,-,-,20260630,https://www.jpx.co.jp/markets/statistics-equities/misc/tvdivq0000001vg2-att/data_j.xls,2026-07-10T23:26:35.886407+00:00
1493.T,1493,Ｏｎｅ　ＥＴＦ　ＪＰＸ日経中小型,ETF・ETN,-,-,-,-,-,-,20260630,https://www.jpx.co.jp/markets/statistics-equities/misc/tvdivq0000001vg2-att/data_j.xls,2026-07-10T23:26:35.886407+00:00
1494.T,1494,Ｏｎｅ　ＥＴＦ　高配当日本株,ETF・ETN,-,-,-,-,-,-,20260630,https://www.jpx.co.jp/markets/statistics-equities/misc/tvdivq0000001vg2-att/data_j.xls,2026-07-10T23:26:35.886407+00:00
1495.T,1495,上場インデックスファンドアジアリート,ETF・ETN,-,-,-,-,-,-,20260630,https://www.jpx.co.jp/markets/statistics-equities/misc/tvdivq0000001vg2-att/data_j.xls,2026-07-10T23:26:35.886407+00:00
1496.T,1496,ｉシェアーズ　米ドル建て投資適格社債　ＥＴＦ（為替ヘッジあり）,ETF・ETN,-,-,-,-,-,-,20260630,https://www.jpx.co.jp/markets/statistics-equities/misc/tvdivq0000001vg2-att/data_j.xls,2026-07-10T23:26:35.886407+00:00
1497.T,1497,ｉシェアーズ　米ドル建てハイイールド社債　ＥＴＦ（為替ヘッジあり）,ETF・ETN,-,-,-,-,-,-,20260630,https://www.jpx.co.jp/markets/statistics-equities/misc/tvdivq0000001vg2-att/data_j.xls,2026-07-10T23:26:35.886407+00:00
1498.T,1498,Ｏｎｅ　ＥＴＦ　ＥＳＧ,ETF・ETN,-,-,-,-,-,-,20260630,https://www.jpx.co.jp/markets/statistics-equities/misc/tvdivq0000001vg2-att/data_j.xls,2026-07-10T23:26:35.886407+00:00
1499.T,1499,ＭＡＸＩＳ日本株高配当７０マーケットニュートラル上場投信,ETF・ETN,-,-,-,-,-,-,20260630,https://www.jpx.co.jp/markets/statistics-equities/misc/tvdivq0000001vg2-att/data_j.xls,2026-07-10T23:26:35.886407+00:00
1514.T,1514,住石ホールディングス,スタンダード（内国株式）,1050,鉱業,0002,エネルギー資源,0007,TOPIX Small 2,20260630,https://www.jpx.co.jp/markets/statistics-equities/misc/tvdivq0000001vg2-att/data_j.xls,2026-07-10T23:26:35.886407+00:00
1515.T,1515,日鉄鉱業,プライム（内国株式）,1050,鉱業,0002,エネルギー資源,0006,TOPIX Small 1,20260630,https://www.jpx.co.jp/markets/statistics-equities/misc/tvdivq0000001vg2-att/data_j.xls,2026-07-10T23:26:35.886407+00:00
1518.T,1518,三井松島ホールディングス,プライム（内国株式）,3800,その他製品,0010,情報通信・サービスその他,0006,TOPIX Small 1,20260630,https://www.jpx.co.jp/markets/statistics-equities/misc/tvdivq0000001vg2-att/data_j.xls,2026-07-10T23:26:35.886407+00:00
1540.T,1540,純金上場信託（現物国内保管型）,ETF・ETN,-,-,-,-,-,-,20260630,https://www.jpx.co.jp/markets/statistics-equities/misc/tvdivq0000001vg2-att/data_j.xls,2026-07-10T23:26:35.886407+00:00
1541.T,1541,純プラチナ上場信託（現物国内保管型）,ETF・ETN,-,-,-,-,-,-,20260630,https://www.jpx.co.jp/markets/statistics-equities/misc/tvdivq0000001vg2-att/data_j.xls,2026-07-10T23:26:35.886407+00:00
1542.T,1542,純銀上場信託（現物国内保管型）,ETF・ETN,-,-,-,-,-,-,20260630,https://www.jpx.co.jp/markets/statistics-equities/misc/tvdivq0000001vg2-att/data_j.xls,2026-07-10T23:26:35.886407+00:00
1543.T,1543,純パラジウム上場信託（現物国内保管型）,ETF・ETN,-,-,-,-,-,-,20260630,https://www.jpx.co.jp/markets/statistics-equities/misc/tvdivq0000001vg2-att/data_j.xls,2026-07-10T23:26:35.886407+00:00
1545.T,1545,ＮＥＸＴ　ＦＵＮＤＳ　ＮＡＳＤＡＱ－１００（為替ヘッジなし）連動型上場投信,ETF・ETN,-,-,-,-,-,-,20260630,https://www.jpx.co.jp/markets/statistics-equities/misc/tvdivq0000001vg2-att/data_j.xls,2026-07-10T23:26:35.886407+00:00
1546.T,1546,ＮＥＸＴ　ＦＵＮＤＳ　ダウ・ジョーンズ工業株３０種平均株価（為替ヘッジなし）連動型上場投信,ETF・ETN,-,-,-,-,-,-,20260630,https://www.jpx.co.jp/markets/statistics-equities/misc/tvdivq0000001vg2-att/data_j.xls,2026-07-10T23:26:35.886407+00:00
1547.T,1547,上場インデックスファンド米国株式（Ｓ＆Ｐ５００）,ETF・ETN,-,-,-,-,-,-,20260630,https://www.jpx.co.jp/markets/statistics-equities/misc/tvdivq0000001vg2-att/data_j.xls,2026-07-10T23:26:35.886407+00:00
1550.T,1550,ＭＡＸＩＳ　海外株式（ＭＳＣＩコクサイ）上場投信,ETF・ETN,-,-,-,-,-,-,20260630,https://www.jpx.co.jp/markets/statistics-equities/misc/tvdivq0000001vg2-att/data_j.xls,2026-07-10T23:26:35.886407+00:00
1551.T,1551,東証スタンダードＴＯＰ２０ＥＴＦ,ETF・ETN,-,-,-,-,-,-,20260630,https://www.jpx.co.jp/markets/statistics-equities/misc/tvdivq0000001vg2-att/data_j.xls,2026-07-10T23:26:35.886407+00:00
1554.T,1554,上場インデックスファンド世界株式（ＭＳＣＩ　ＡＣＷＩ）除く日本,ETF・ETN,-,-,-,-,-,-,20260630,https://www.jpx.co.jp/markets/statistics-equities/misc/tvdivq0000001vg2-att/data_j.xls,2026-07-10T23:26:35.886407+00:00
1555.T,1555,上場インデックスファンド豪州リート（Ｓ＆Ｐ／ＡＳＸ２００　Ａ－ＲＥＩＴ）,ETF・ETN,-,-,-,-,-,-,20260630,https://www.jpx.co.jp/markets/statistics-equities/misc/tvdivq0000001vg2-att/data_j.xls,2026-07-10T23:26:35.886407+00:00
1557.T,1557,Ｓｔａｔｅ　Ｓｔｒｅｅｔ　ＳＰＤＲ　Ｓ＆Ｐ　５００　ＥＴＦ,ETF・ETN,-,-,-,-,-,-,20260630,https://www.jpx.co.jp/markets/statistics-equities/misc/tvdivq0000001vg2-att/data_j.xls,2026-07-10T23:26:35.886407+00:00
1559.T,1559,ＮＥＸＴ　ＦＵＮＤＳ　タイ株式ＳＥＴ５０指数連動型上場投信,ETF・ETN,-,-,-,-,-,-,20260630,https://www.jpx.co.jp/markets/statistics-equities/misc/tvdivq0000001vg2-att/data_j.xls,2026-07-10T23:26:35.886407+00:00
1560.T,1560,ＮＥＸＴ　ＦＵＮＤＳ　ＦＴＳＥブルサ・マレーシアＫＬＣＩ連動型上場投信,ETF・ETN,-,-,-,-,-,-,20260630,https://www.jpx.co.jp/markets/statistics-equities/misc/tvdivq0000001vg2-att/data_j.xls,2026-07-10T23:26:35.886407+00:00
1563.T,1563,東証グロース・コアＥＴＦ,ETF・ETN,-,-,-,-,-,-,20260630,https://www.jpx.co.jp/markets/statistics-equities/misc/tvdivq0000001vg2-att/data_j.xls,2026-07-10T23:26:35.886407+00:00
1566.T,1566,上場インデックスファンド新興国債券,ETF・ETN,-,-,-,-,-,-,20260630,https://www.jpx.co.jp/markets/statistics-equities/misc/tvdivq0000001vg2-att/data_j.xls,2026-07-10T23:26:35.886407+00:00
1568.T,1568,ＴＯＰＩＸブル２倍上場投信,ETF・ETN,-,-,-,-,-,-,20260630,https://www.jpx.co.jp/markets/statistics-equities/misc/tvdivq0000001vg2-att/data_j.xls,2026-07-10T23:26:35.886407+00:00
1569.T,1569,ＴＯＰＩＸベア上場投信,ETF・ETN,-,-,-,-,-,-,20260630,https://www.jpx.co.jp/markets/statistics-equities/misc/tvdivq0000001vg2-att/data_j.xls,2026-07-10T23:26:35.886407+00:00
1570.T,1570,ＮＥＸＴ　ＦＵＮＤＳ　日経平均レバレッジ・インデックス連動型上場投信,ETF・ETN,-,-,-,-,-,-,20260630,https://www.jpx.co.jp/markets/statistics-equities/misc/tvdivq0000001vg2-att/data_j.xls,2026-07-10T23:26:35.886407+00:00
1571.T,1571,ＮＥＸＴ　ＦＵＮＤＳ　日経平均インバース・インデックス連動型上場投信,ETF・ETN,-,-,-,-,-,-,20260630,https://www.jpx.co.jp/markets/statistics-equities/misc/tvdivq0000001vg2-att/data_j.xls,2026-07-10T23:26:35.886407+00:00
1572.T,1572,中国Ｈ株ブル２倍上場投信,ETF・ETN,-,-,-,-,-,-,20260630,https://www.jpx.co.jp/markets/statistics-equities/misc/tvdivq0000001vg2-att/data_j.xls,2026-07-10T23:26:35.886407+00:00
1573.T,1573,中国Ｈ株ベア上場投信,ETF・ETN,-,-,-,-,-,-,20260630,https://www.jpx.co.jp/markets/statistics-equities/misc/tvdivq0000001vg2-att/data_j.xls,2026-07-10T23:26:35.886407+00:00
1577.T,1577,ＮＥＸＴ　ＦＵＮＤＳ　野村日本株高配当７０連動型上場投信,ETF・ETN,-,-,-,-,-,-,20260630,https://www.jpx.co.jp/markets/statistics-equities/misc/tvdivq0000001vg2-att/data_j.xls,2026-07-10T23:26:35.886407+00:00
1578.T,1578,上場インデックスファンド日経２２５（ミニ）,ETF・ETN,-,-,-,-,-,-,20260630,https://www.jpx.co.jp/markets/statistics-equities/misc/tvdivq0000001vg2-att/data_j.xls,2026-07-10T23:26:35.886407+00:00
1579.T,1579,日経平均ブル２倍上場投信,ETF・ETN,-,-,-,-,-,-,20260630,https://www.jpx.co.jp/markets/statistics-equities/misc/tvdivq0000001vg2-att/data_j.xls,2026-07-10T23:26:35.886407+00:00
1580.T,1580,日経平均ベア上場投信,ETF・ETN,-,-,-,-,-,-,20260630,https://www.jpx.co.jp/markets/statistics-equities/misc/tvdivq0000001vg2-att/data_j.xls,2026-07-10T23:26:35.886407+00:00
1585.T,1585,ｉＦｒｅｅＥＴＦ　ＴＯＰＩＸ　Ｅｘ－Ｆｉｎａｎｃｉａｌｓ,ETF・ETN,-,-,-,-,-,-,20260630,https://www.jpx.co.jp/markets/statistics-equities/misc/tvdivq0000001vg2-att/data_j.xls,2026-07-10T23:26:35.886407+00:00
1586.T,1586,上場インデックスファンドＴＯＰＩＸ　Ｅｘ－Ｆｉｎａｎｃｉａｌｓ,ETF・ETN,-,-,-,-,-,-,20260630,https://www.jpx.co.jp/markets/statistics-equities/misc/tvdivq0000001vg2-att/data_j.xls,2026-07-10T23:26:35.886407+00:00
1591.T,1591,ＮＥＸＴ　ＦＵＮＤＳ　ＪＰＸ日経インデックス４００連動型上場投信,ETF・ETN,-,-,-,-,-,-,20260630,https://www.jpx.co.jp/markets/statistics-equities/misc/tvdivq0000001vg2-att/data_j.xls,2026-07-10T23:26:35.886407+00:00
1592.T,1592,上場インデックスファンドＪＰＸ日経インデックス４００,ETF・ETN,-,-,-,-,-,-,20260630,https://www.jpx.co.jp/markets/statistics-equities/misc/tvdivq0000001vg2-att/data_j.xls,2026-07-10T23:26:35.886407+00:00
1593.T,1593,ＭＡＸＩＳ　ＪＰＸ日経インデックス４００上場投信,ETF・ETN,-,-,-,-,-,-,20260630,https://www.jpx.co.jp/markets/statistics-equities/misc/tvdivq0000001vg2-att/data_j.xls,2026-07-10T23:26:35.886407+00:00
1595.T,1595,ＮＺＡＭ　上場投信　東証ＲＥＩＴ指数,ETF・ETN,-,-,-,-,-,-,20260630,https://www.jpx.co.jp/markets/statistics-equities/misc/tvdivq0000001vg2-att/data_j.xls,2026-07-10T23:26:35.886407+00:00
1596.T,1596,ＮＺＡＭ　上場投信　ＴＯＰＩＸ　Ｅｘ－Ｆｉｎａｎｃｉａｌｓ,ETF・ETN,-,-,-,-,-,-,20260630,https://www.jpx.co.jp/markets/statistics-equities/misc/tvdivq0000001vg2-att/data_j.xls,2026-07-10T23:26:35.886407+00:00
1597.T,1597,ＭＡＸＩＳ　Ｊリート上場投信,ETF・ETN,-,-,-,-,-,-,20260630,https://www.jpx.co.jp/markets/statistics-equities/misc/tvdivq0000001vg2-att/data_j.xls,2026-07-10T23:26:35.886407+00:00
1599.T,1599,ｉＦｒｅｅＥＴＦ　ＪＰＸ日経４００,ETF・ETN,-,-,-,-,-,-,20260630,https://www.jpx.co.jp/markets/statistics-equities/misc/tvdivq0000001vg2-att/data_j.xls,2026-07-10T23:26:35.886407+00:00
1605.T,1605,ＩＮＰＥＸ,プライム（内国株式）,1050,鉱業,0002,エネルギー資源,0004,TOPIX Mid400,20260630,https://www.jpx.co.jp/markets/statistics-equities/misc/tvdivq0000001vg2-att/data_j.xls,2026-07-10T23:26:35.886407+00:00
1615.T,1615,ＮＥＸＴ　ＦＵＮＤＳ　東証銀行業株価指数連動型上場投信,ETF・ETN,-,-,-,-,-,-,20260630,https://www.jpx.co.jp/markets/statistics-equities/misc/tvdivq0000001vg2-att/data_j.xls,2026-07-10T23:26:35.886407+00:00
1617.T,1617,ＮＥＸＴ　ＦＵＮＤＳ　食品（ＴＯＰＩＸ－１７）上場投信,ETF・ETN,-,-,-,-,-,-,20260630,https://www.jpx.co.jp/markets/statistics-equities/misc/tvdivq0000001vg2-att/data_j.xls,2026-07-10T23:26:35.886407+00:00
1618.T,1618,ＮＥＸＴ　ＦＵＮＤＳ　エネルギー資源（ＴＯＰＩＸ－１７）上場投信,ETF・ETN,-,-,-,-,-,-,20260630,https://www.jpx.co.jp/markets/statistics-equities/misc/tvdivq0000001vg2-att/data_j.xls,2026-07-10T23:26:35.886407+00:00
1619.T,1619,ＮＥＸＴ　ＦＵＮＤＳ　建設・資材（ＴＯＰＩＸ－１７）上場投信,ETF・ETN,-,-,-,-,-,-,20260630,https://www.jpx.co.jp/markets/statistics-equities/misc/tvdivq0000001vg2-att/data_j.xls,2026-07-10T23:26:35.886407+00:00
1620.T,1620,ＮＥＸＴ　ＦＵＮＤＳ　素材・化学（ＴＯＰＩＸ－１７）上場投信,ETF・ETN,-,-,-,-,-,-,20260630,https://www.jpx.co.jp/markets/statistics-equities/misc/tvdivq0000001vg2-att/data_j.xls,2026-07-10T23:26:35.886407+00:00
1621.T,1621,ＮＥＸＴ　ＦＵＮＤＳ　医薬品（ＴＯＰＩＸ－１７）上場投信,ETF・ETN,-,-,-,-,-,-,20260630,https://www.jpx.co.jp/markets/statistics-equities/misc/tvdivq0000001vg2-att/data_j.xls,2026-07-10T23:26:35.886407+00:00
1622.T,1622,ＮＥＸＴ　ＦＵＮＤＳ　自動車・輸送機（ＴＯＰＩＸ－１７）上場投信,ETF・ETN,-,-,-,-,-,-,20260630,https://www.jpx.co.jp/markets/statistics-equities/misc/tvdivq0000001vg2-att/data_j.xls,2026-07-10T23:26:35.886407+00:00
1623.T,1623,ＮＥＸＴ　ＦＵＮＤＳ　鉄鋼・非鉄（ＴＯＰＩＸ－１７）上場投信,ETF・ETN,-,-,-,-,-,-,20260630,https://www.jpx.co.jp/markets/statistics-equities/misc/tvdivq0000001vg2-att/data_j.xls,2026-07-10T23:26:35.886407+00:00
1624.T,1624,ＮＥＸＴ　ＦＵＮＤＳ　機械（ＴＯＰＩＸ－１７）上場投信,ETF・ETN,-,-,-,-,-,-,20260630,https://www.jpx.co.jp/markets/statistics-equities/misc/tvdivq0000001vg2-att/data_j.xls,2026-07-10T23:26:35.886407+00:00
1625.T,1625,ＮＥＸＴ　ＦＵＮＤＳ　電機・精密（ＴＯＰＩＸ－１７）上場投信,ETF・ETN,-,-,-,-,-,-,20260630,https://www.jpx.co.jp/markets/statistics-equities/misc/tvdivq0000001vg2-att/data_j.xls,2026-07-10T23:26:35.886407+00:00
1626.T,1626,ＮＥＸＴ　ＦＵＮＤＳ　情報通信・サービスその他（ＴＯＰＩＸ－１７）上場投信,ETF・ETN,-,-,-,-,-,-,20260630,https://www.jpx.co.jp/markets/statistics-equities/misc/tvdivq0000001vg2-att/data_j.xls,2026-07-10T23:26:35.886407+00:00
1627.T,1627,ＮＥＸＴ　ＦＵＮＤＳ　電力・ガス（ＴＯＰＩＸ－１７）上場投信,ETF・ETN,-,-,-,-,-,-,20260630,https://www.jpx.co.jp/markets/statistics-equities/misc/tvdivq0000001vg2-att/data_j.xls,2026-07-10T23:26:35.886407+00:00
1628.T,1628,ＮＥＸＴ　ＦＵＮＤＳ　運輸・物流（ＴＯＰＩＸ－１７）上場投信,ETF・ETN,-,-,-,-,-,-,20260630,https://www.jpx.co.jp/markets/statistics-equities/misc/tvdivq0000001vg2-att/data_j.xls,2026-07-10T23:26:35.886407+00:00
1629.T,1629,ＮＥＸＴ　ＦＵＮＤＳ　商社・卸売（ＴＯＰＩＸ－１７）上場投信,ETF・ETN,-,-,-,-,-,-,20260630,https://www.jpx.co.jp/markets/statistics-equities/misc/tvdivq0000001vg2-att/data_j.xls,2026-07-10T23:26:35.886407+00:00
1630.T,1630,ＮＥＸＴ　ＦＵＮＤＳ　小売（ＴＯＰＩＸ－１７）上場投信,ETF・ETN,-,-,-,-,-,-,20260630,https://www.jpx.co.jp/markets/statistics-equities/misc/tvdivq0000001vg2-att/data_j.xls,2026-07-10T23:26:35.886407+00:00
1631.T,1631,ＮＥＸＴ　ＦＵＮＤＳ　銀行（ＴＯＰＩＸ－１７）上場投信,ETF・ETN,-,-,-,-,-,-,20260630,https://www.jpx.co.jp/markets/statistics-equities/misc/tvdivq0000001vg2-att/data_j.xls,2026-07-10T23:26:35.886407+00:00
1632.T,1632,ＮＥＸＴ　ＦＵＮＤＳ　金融（除く銀行）（ＴＯＰＩＸ－１７）上場投信,ETF・ETN,-,-,-,-,-,-,20260630,https://www.jpx.co.jp/markets/statistics-equities/misc/tvdivq0000001vg2-att/data_j.xls,2026-07-10T23:26:35.886407+00:00
1633.T,1633,ＮＥＸＴ　ＦＵＮＤＳ　不動産（ＴＯＰＩＸ－１７）上場投信,ETF・ETN,-,-,-,-,-,-,20260630,https://www.jpx.co.jp/markets/statistics-equities/misc/tvdivq0000001vg2-att/data_j.xls,2026-07-10T23:26:35.886407+00:00
1651.T,1651,ｉＦｒｅｅＥＴＦ　ＴＯＰＩＸ高配当４０指数,ETF・ETN,-,-,-,-,-,-,20260630,https://www.jpx.co.jp/markets/statistics-equities/misc/tvdivq0000001vg2-att/data_j.xls,2026-07-10T23:26:35.886407+00:00
1652.T,1652,ｉＦｒｅｅＥＴＦ　ＭＳＣＩ日本株女性活躍指数（ＷＩＮ）,ETF・ETN,-,-,-,-,-,-,20260630,https://www.jpx.co.jp/markets/statistics-equities/misc/tvdivq0000001vg2-att/data_j.xls,2026-07-10T23:26:35.886407+00:00
1653.T,1653,ｉＦｒｅｅＥＴＦ　ＭＳＣＩジャパンＥＳＧセレクト・リーダーズ指数,ETF・ETN,-,-,-,-,-,-,20260630,https://www.jpx.co.jp/markets/statistics-equities/misc/tvdivq0000001vg2-att/data_j.xls,2026-07-10T23:26:35.886407+00:00
1654.T,1654,ｉＦｒｅｅＥＴＦ　ＦＴＳＥ　ＪＰＸ　Ｂｌｏｓｓｏｍ　Ｊａｐａｎ　Ｉｎｄｅｘ,ETF・ETN,-,-,-,-,-,-,20260630,https://www.jpx.co.jp/markets/statistics-equities/misc/tvdivq0000001vg2-att/data_j.xls,2026-07-10T23:26:35.886407+00:00
1655.T,1655,ｉシェアーズ　Ｓ＆Ｐ　５００　米国株　ＥＴＦ,ETF・ETN,-,-,-,-,-,-,20260630,https://www.jpx.co.jp/markets/statistics-equities/misc/tvdivq0000001vg2-att/data_j.xls,2026-07-10T23:26:35.886407+00:00
1656.T,1656,ｉシェアーズ・コア　米国債７－１０年　ＥＴＦ,ETF・ETN,-,-,-,-,-,-,20260630,https://www.jpx.co.jp/markets/statistics-equities/misc/tvdivq0000001vg2-att/data_j.xls,2026-07-10T23:26:35.886407+00:00
1657.T,1657,ｉシェアーズ・コア　ＭＳＣＩ　先進国株（除く日本）ＥＴＦ,ETF・ETN,-,-,-,-,-,-,20260630,https://www.jpx.co.jp/markets/statistics-equities/misc/tvdivq0000001vg2-att/data_j.xls,2026-07-10T23:26:35.886407+00:00
1658.T,1658,ｉシェアーズ・コア　ＭＳＣＩ　新興国株　ＥＴＦ,ETF・ETN,-,-,-,-,-,-,20260630,https://www.jpx.co.jp/markets/statistics-equities/misc/tvdivq0000001vg2-att/data_j.xls,2026-07-10T23:26:35.886407+00:00
1659.T,1659,ｉシェアーズ　米国リート　ＥＴＦ,ETF・ETN,-,-,-,-,-,-,20260630,https://www.jpx.co.jp/markets/statistics-equities/misc/tvdivq0000001vg2-att/data_j.xls,2026-07-10T23:26:35.886407+00:00
1660.T,1660,ＭＡＸＩＳ高利回りＪリート上場投信,ETF・ETN,-,-,-,-,-,-,20260630,https://www.jpx.co.jp/markets/statistics-equities/misc/tvdivq0000001vg2-att/data_j.xls,2026-07-10T23:26:35.886407+00:00
1662.T,1662,石油資源開発,プライム（内国株式）,1050,鉱業,0002,エネルギー資源,0006,TOPIX Small 1,20260630,https://www.jpx.co.jp/markets/statistics-equities/misc/tvdivq0000001vg2-att/data_j.xls,2026-07-10T23:26:35.886407+00:00
1663.T,1663,Ｋ＆Ｏエナジーグループ,プライム（内国株式）,1050,鉱業,0002,エネルギー資源,0006,TOPIX Small 1,20260630,https://www.jpx.co.jp/markets/statistics-equities/misc/tvdivq0000001vg2-att/data_j.xls,2026-07-10T23:26:35.886407+00:00
1671.T,1671,ＷＴＩ原油価格連動型上場投信,ETF・ETN,-,-,-,-,-,-,20260630,https://www.jpx.co.jp/markets/statistics-equities/misc/tvdivq0000001vg2-att/data_j.xls,2026-07-10T23:26:35.886407+00:00
1672.T,1672,ＷｉｓｄｏｍＴｒｅｅ　金上場投資信託,ETF・ETN,-,-,-,-,-,-,20260630,https://www.jpx.co.jp/markets/statistics-equities/misc/tvdivq0000001vg2-att/data_j.xls,2026-07-10T23:26:35.886407+00:00
1673.T,1673,ＷｉｓｄｏｍＴｒｅｅ　銀上場投資信託,ETF・ETN,-,-,-,-,-,-,20260630,https://www.jpx.co.jp/markets/statistics-equities/misc/tvdivq0000001vg2-att/data_j.xls,2026-07-10T23:26:35.886407+00:00
1674.T,1674,ＷｉｓｄｏｍＴｒｅｅ　白金上場投資信託,ETF・ETN,-,-,-,-,-,-,20260630,https://www.jpx.co.jp/markets/statistics-equities/misc/tvdivq0000001vg2-att/data_j.xls,2026-07-10T23:26:35.886407+00:00
1675.T,1675,ＷｉｓｄｏｍＴｒｅｅ　パラジウム上場投資信託,ETF・ETN,-,-,-,-,-,-,20260630,https://www.jpx.co.jp/markets/statistics-equities/misc/tvdivq0000001vg2-att/data_j.xls,2026-07-10T23:26:35.886407+00:00
1676.T,1676,ＷｉｓｄｏｍＴｒｅｅ　貴金属バスケット上場投資信託,ETF・ETN,-,-,-,-,-,-,20260630,https://www.jpx.co.jp/markets/statistics-equities/misc/tvdivq0000001vg2-att/data_j.xls,2026-07-10T23:26:35.886407+00:00
1677.T,1677,上場インデックスファンド海外債券（ＦＴＳＥ　ＷＧＢＩ）毎月分配型,ETF・ETN,-,-,-,-,-,-,20260630,https://www.jpx.co.jp/markets/statistics-equities/misc/tvdivq0000001vg2-att/data_j.xls,2026-07-10T23:26:35.886407+00:00
1678.T,1678,ＮＥＸＴ　ＦＵＮＤＳ　インド株式指数・Ｎｉｆｔｙ　５０　連動型上場投信,ETF・ETN,-,-,-,-,-,-,20260630,https://www.jpx.co.jp/markets/statistics-equities/misc/tvdivq0000001vg2-att/data_j.xls,2026-07-10T23:26:35.886407+00:00
1679.T,1679,Ｓｉｍｐｌｅ－Ｘ　ＮＹ　ダウ・ジョーンズ・インデックス上場投信,ETF・ETN,-,-,-,-,-,-,20260630,https://www.jpx.co.jp/markets/statistics-equities/misc/tvdivq0000001vg2-att/data_j.xls,2026-07-10T23:26:35.886407+00:00
1680.T,1680,上場インデックスファンド海外先進国株式（ＭＳＣＩ－ＫＯＫＵＳＡＩ）,ETF・ETN,-,-,-,-,-,-,20260630,https://www.jpx.co.jp/markets/statistics-equities/misc/tvdivq0000001vg2-att/data_j.xls,2026-07-10T23:26:35.886407+00:00
1681.T,1681,上場インデックスファンド海外新興国株式（ＭＳＣＩ　エマージング）,ETF・ETN,-,-,-,-,-,-,20260630,https://www.jpx.co.jp/markets/statistics-equities/misc/tvdivq0000001vg2-att/data_j.xls,2026-07-10T23:26:35.886407+00:00
1684.T,1684,ＷｉｓｄｏｍＴｒｅｅ　ブロード上場投資信託,ETF・ETN,-,-,-,-,-,-,20260630,https://www.jpx.co.jp/markets/statistics-equities/misc/tvdivq0000001vg2-att/data_j.xls,2026-07-10T23:26:35.886407+00:00
1685.T,1685,ＷｉｓｄｏｍＴｒｅｅ　エネルギー上場投資信託,ETF・ETN,-,-,-,-,-,-,20260630,https://www.jpx.co.jp/markets/statistics-equities/misc/tvdivq0000001vg2-att/data_j.xls,2026-07-10T23:26:35.886407+00:00
1686.T,1686,ＷｉｓｄｏｍＴｒｅｅ　産業用金属上場投資信託,ETF・ETN,-,-,-,-,-,-,20260630,https://www.jpx.co.jp/markets/statistics-equities/misc/tvdivq0000001vg2-att/data_j.xls,2026-07-10T23:26:35.886407+00:00
1687.T,1687,ＷｉｓｄｏｍＴｒｅｅ　農産物上場投資信託,ETF・ETN,-,-,-,-,-,-,20260630,https://www.jpx.co.jp/markets/statistics-equities/misc/tvdivq0000001vg2-att/data_j.xls,2026-07-10T23:26:35.886407+00:00
1688.T,1688,ＷｉｓｄｏｍＴｒｅｅ　穀物上場投資信託,ETF・ETN,-,-,-,-,-,-,20260630,https://www.jpx.co.jp/markets/statistics-equities/misc/tvdivq0000001vg2-att/data_j.xls,2026-07-10T23:26:35.886407+00:00
1689.T,1689,ＷｉｓｄｏｍＴｒｅｅ　天然ガス上場投資信託,ETF・ETN,-,-,-,-,-,-,20260630,https://www.jpx.co.jp/markets/statistics-equities/misc/tvdivq0000001vg2-att/data_j.xls,2026-07-10T23:26:35.886407+00:00
1690.T,1690,ＷｉｓｄｏｍＴｒｅｅ　ＷＴＩ　原油上場投資信託,ETF・ETN,-,-,-,-,-,-,20260630,https://www.jpx.co.jp/markets/statistics-equities/misc/tvdivq0000001vg2-att/data_j.xls,2026-07-10T23:26:35.886407+00:00
1691.T,1691,ＷｉｓｄｏｍＴｒｅｅ　ガソリン上場投資信託,ETF・ETN,-,-,-,-,-,-,20260630,https://www.jpx.co.jp/markets/statistics-equities/misc/tvdivq0000001vg2-att/data_j.xls,2026-07-10T23:26:35.886407+00:00
1692.T,1692,ＷｉｓｄｏｍＴｒｅｅ　アルミニウム上場投資信託,ETF・ETN,-,-,-,-,-,-,20260630,https://www.jpx.co.jp/markets/statistics-equities/misc/tvdivq0000001vg2-att/data_j.xls,2026-07-10T23:26:35.886407+00:00
1693.T,1693,ＷｉｓｄｏｍＴｒｅｅ　銅上場投資信託,ETF・ETN,-,-,-,-,-,-,20260630,https://www.jpx.co.jp/markets/statistics-equities/misc/tvdivq0000001vg2-att/data_j.xls,2026-07-10T23:26:35.886407+00:00
1694.T,1694,ＷｉｓｄｏｍＴｒｅｅ　ニッケル上場投資信託,ETF・ETN,-,-,-,-,-,-,20260630,https://www.jpx.co.jp/markets/statistics-equities/misc/tvdivq0000001vg2-att/data_j.xls,2026-07-10T23:26:35.886407+00:00
1695.T,1695,ＷｉｓｄｏｍＴｒｅｅ　小麦上場投資信託,ETF・ETN,-,-,-,-,-,-,20260630,https://www.jpx.co.jp/markets/statistics-equities/misc/tvdivq0000001vg2-att/data_j.xls,2026-07-10T23:26:35.886407+00:00
1696.T,1696,ＷｉｓｄｏｍＴｒｅｅ　とうもろこし上場投資信託,ETF・ETN,-,-,-,-,-,-,20260630,https://www.jpx.co.jp/markets/statistics-equities/misc/tvdivq0000001vg2-att/data_j.xls,2026-07-10T23:26:35.886407+00:00
1697.T,1697,ＷｉｓｄｏｍＴｒｅｅ　大豆上場投資信託,ETF・ETN,-,-,-,-,-,-,20260630,https://www.jpx.co.jp/markets/statistics-equities/misc/tvdivq0000001vg2-att/data_j.xls,2026-07-10T23:26:35.886407+00:00
1698.T,1698,上場インデックスファンド日本高配当（東証配当フォーカス１００）,ETF・ETN,-,-,-,-,-,-,20260630,https://www.jpx.co.jp/markets/statistics-equities/misc/tvdivq0000001vg2-att/data_j.xls,2026-07-10T23:26:35.886407+00:00
1699.T,1699,ＮＥＸＴ　ＦＵＮＤＳ　ＮＯＭＵＲＡ　原油インデックス連動型上場投信,ETF・ETN,-,-,-,-,-,-,20260630,https://www.jpx.co.jp/markets/statistics-equities/misc/tvdivq0000001vg2-att/data_j.xls,2026-07-10T23:26:35.886407+00:00
1711.T,1711,ＳＤＳホールディングス,スタンダード（内国株式）,2050,建設業,0003,建設・資材,-,-,20260630,https://www.jpx.co.jp/markets/statistics-equities/misc/tvdivq0000001vg2-att/data_j.xls,2026-07-10T23:26:35.886407+00:00
1716.T,1716,第一カッター興業,スタンダード（内国株式）,2050,建設業,0003,建設・資材,0007,TOPIX Small 2,20260630,https://www.jpx.co.jp/markets/statistics-equities/misc/tvdivq0000001vg2-att/data_j.xls,2026-07-10T23:26:35.886407+00:00
1717.T,1717,明豊ファシリティワークス,スタンダード（内国株式）,9050,サービス業,0010,情報通信・サービスその他,-,-,20260630,https://www.jpx.co.jp/markets/statistics-equities/misc/tvdivq0000001vg2-att/data_j.xls,2026-07-10T23:26:35.886407+00:00
1718.T,1718,美樹工業,スタンダード（内国株式）,2050,建設業,0003,建設・資材,-,-,20260630,https://www.jpx.co.jp/markets/statistics-equities/misc/tvdivq0000001vg2-att/data_j.xls,2026-07-10T23:26:35.886407+00:00
1719.T,1719,安藤・間,プライム（内国株式）,2050,建設業,0003,建設・資材,0004,TOPIX Mid400,20260630,https://www.jpx.co.jp/markets/statistics-equities/misc/tvdivq0000001vg2-att/data_j.xls,2026-07-10T23:26:35.886407+00:00
1720.T,1720,東急建設,プライム（内国株式）,2050,建設業,0003,建設・資材,0006,TOPIX Small 1,20260630,https://www.jpx.co.jp/markets/statistics-equities/misc/tvdivq0000001vg2-att/data_j.xls,2026-07-10T23:26:35.886407+00:00
1721.T,1721,コムシスホールディングス,プライム（内国株式）,2050,建設業,0003,建設・資材,0004,TOPIX Mid400,20260630,https://www.jpx.co.jp/markets/statistics-equities/misc/tvdivq0000001vg2-att/data_j.xls,2026-07-10T23:26:35.886407+00:00
1723.T,1723,日本電技,スタンダード（内国株式）,2050,建設業,0003,建設・資材,-,-,20260630,https://www.jpx.co.jp/markets/statistics-equities/misc/tvdivq0000001vg2-att/data_j.xls,2026-07-10T23:26:35.886407+00:00
1724.T,1724,シンクレイヤ,スタンダード（内国株式）,2050,建設業,0003,建設・資材,-,-,20260630,https://www.jpx.co.jp/markets/statistics-equities/misc/tvdivq0000001vg2-att/data_j.xls,2026-07-10T23:26:35.886407+00:00
1736.T,1736,オーテック,スタンダード（内国株式）,2050,建設業,0003,建設・資材,-,-,20260630,https://www.jpx.co.jp/markets/statistics-equities/misc/tvdivq0000001vg2-att/data_j.xls,2026-07-10T23:26:35.886407+00:00
1758.T,1758,太洋基礎工業,スタンダード（内国株式）,2050,建設業,0003,建設・資材,-,-,20260630,https://www.jpx.co.jp/markets/statistics-equities/misc/tvdivq0000001vg2-att/data_j.xls,2026-07-10T23:26:35.886407+00:00
1762.T,1762,高松コンストラクショングループ,プライム（内国株式）,2050,建設業,0003,建設・資材,0007,TOPIX Small 2,20260630,https://www.jpx.co.jp/markets/statistics-equities/misc/tvdivq0000001vg2-att/data_j.xls,2026-07-10T23:26:35.886407+00:00
1764.T,1764,工藤建設,スタンダード（内国株式）,2050,建設業,0003,建設・資材,-,-,20260630,https://www.jpx.co.jp/markets/statistics-equities/misc/tvdivq0000001vg2-att/data_j.xls,2026-07-10T23:26:35.886407+00:00
1766.T,1766,東建コーポレーション,プライム（内国株式）,2050,建設業,0003,建設・資材,0006,TOPIX Small 1,20260630,https://www.jpx.co.jp/markets/statistics-equities/misc/tvdivq0000001vg2-att/data_j.xls,2026-07-10T23:26:35.886407+00:00
1768.T,1768,ソネック,スタンダード（内国株式）,2050,建設業,0003,建設・資材,-,-,20260630,https://www.jpx.co.jp/markets/statistics-equities/misc/tvdivq0000001vg2-att/data_j.xls,2026-07-10T23:26:35.886407+00:00
1770.T,1770,藤田エンジニアリング,スタンダード（内国株式）,2050,建設業,0003,建設・資材,-,-,20260630,https://www.jpx.co.jp/markets/statistics-equities/misc/tvdivq0000001vg2-att/data_j.xls,2026-07-10T23:26:35.886407+00:00
1773.T,1773,ワイ・ティー・エル・コーポレーション・バーハッド,プライム（外国株式）,2050,建設業,0003,建設・資材,-,-,20260630,https://www.jpx.co.jp/markets/statistics-equities/misc/tvdivq0000001vg2-att/data_j.xls,2026-07-10T23:26:35.886407+00:00
1780.T,1780,ヤマウラ,プライム（内国株式）,2050,建設業,0003,建設・資材,0007,TOPIX Small 2,20260630,https://www.jpx.co.jp/markets/statistics-equities/misc/tvdivq0000001vg2-att/data_j.xls,2026-07-10T23:26:35.886407+00:00
1783.T,1783,ｆａｎｔａｓｉｓｔａ,スタンダード（内国株式）,8050,不動産業,0017,不動産,-,-,20260630,https://www.jpx.co.jp/markets/statistics-equities/misc/tvdivq0000001vg2-att/data_j.xls,2026-07-10T23:26:35.886407+00:00
1786.T,1786,オリエンタル白石,プライム（内国株式）,2050,建設業,0003,建設・資材,0007,TOPIX Small 2,20260630,https://www.jpx.co.jp/markets/statistics-equities/misc/tvdivq0000001vg2-att/data_j.xls,2026-07-10T23:26:35.886407+00:00
1787.T,1787,ナカボーテック,スタンダード（内国株式）,2050,建設業,0003,建設・資材,-,-,20260630,https://www.jpx.co.jp/markets/statistics-equities/misc/tvdivq0000001vg2-att/data_j.xls,2026-07-10T23:26:35.886407+00:00
1788.T,1788,三東工業社,スタンダード（内国株式）,2050,建設業,0003,建設・資材,-,-,20260630,https://www.jpx.co.jp/markets/statistics-equities/misc/tvdivq0000001vg2-att/data_j.xls,2026-07-10T23:26:35.886407+00:00
1793.T,1793,大本組,スタンダード（内国株式）,2050,建設業,0003,建設・資材,-,-,20260630,https://www.jpx.co.jp/markets/statistics-equities/misc/tvdivq0000001vg2-att/data_j.xls,2026-07-10T23:26:35.886407+00:00
1795.T,1795,マサル,スタンダード（内国株式）,2050,建設業,0003,建設・資材,-,-,20260630,https://www.jpx.co.jp/markets/statistics-equities/misc/tvdivq0000001vg2-att/data_j.xls,2026-07-10T23:26:35.886407+00:00
1798.T,1798,守谷商会,スタンダード（内国株式）,2050,建設業,0003,建設・資材,-,-,20260630,https://www.jpx.co.jp/markets/statistics-equities/misc/tvdivq0000001vg2-att/data_j.xls,2026-07-10T23:26:35.886407+00:00
1799.T,1799,第一建設工業,スタンダード（内国株式）,2050,建設業,0003,建設・資材,-,-,20260630,https://www.jpx.co.jp/markets/statistics-equities/misc/tvdivq0000001vg2-att/data_j.xls,2026-07-10T23:26:35.886407+00:00
1801.T,1801,大成建設,プライム（内国株式）,2050,建設業,0003,建設・資材,0004,TOPIX Mid400,20260630,https://www.jpx.co.jp/markets/statistics-equities/misc/tvdivq0000001vg2-att/data_j.xls,2026-07-10T23:26:35.886407+00:00
1802.T,1802,大林組,プライム（内国株式）,2050,建設業,0003,建設・資材,0004,TOPIX Mid400,20260630,https://www.jpx.co.jp/markets/statistics-equities/misc/tvdivq0000001vg2-att/data_j.xls,2026-07-10T23:26:35.886407+00:00
1803.T,1803,清水建設,プライム（内国株式）,2050,建設業,0003,建設・資材,0004,TOPIX Mid400,20260630,https://www.jpx.co.jp/markets/statistics-equities/misc/tvdivq0000001vg2-att/data_j.xls,2026-07-10T23:26:35.886407+00:00
1807.T,1807,佐藤渡辺,スタンダード（内国株式）,2050,建設業,0003,建設・資材,-,-,20260630,https://www.jpx.co.jp/markets/statistics-equities/misc/tvdivq0000001vg2-att/data_j.xls,2026-07-10T23:26:35.886407+00:00
1808.T,1808,長谷工コーポレーション,プライム（内国株式）,2050,建設業,0003,建設・資材,0004,TOPIX Mid400,20260630,https://www.jpx.co.jp/markets/statistics-equities/misc/tvdivq0000001vg2-att/data_j.xls,2026-07-10T23:26:35.886407+00:00
1810.T,1810,松井建設,スタンダード（内国株式）,2050,建設業,0003,建設・資材,0007,TOPIX Small 2,20260630,https://www.jpx.co.jp/markets/statistics-equities/misc/tvdivq0000001vg2-att/data_j.xls,2026-07-10T23:26:35.886407+00:00
1811.T,1811,錢高組,スタンダード（内国株式）,2050,建設業,0003,建設・資材,-,-,20260630,https://www.jpx.co.jp/markets/statistics-equities/misc/tvdivq0000001vg2-att/data_j.xls,2026-07-10T23:26:35.886407+00:00
1812.T,1812,鹿島建設,プライム（内国株式）,2050,建設業,0003,建設・資材,0004,TOPIX Mid400,20260630,https://www.jpx.co.jp/markets/statistics-equities/misc/tvdivq0000001vg2-att/data_j.xls,2026-07-10T23:26:35.886407+00:00
1813.T,1813,不動テトラ,プライム（内国株式）,2050,建設業,0003,建設・資材,0007,TOPIX Small 2,20260630,https://www.jpx.co.jp/markets/statistics-equities/misc/tvdivq0000001vg2-att/data_j.xls,2026-07-10T23:26:35.886407+00:00
1814.T,1814,大末建設,プライム（内国株式）,2050,建設業,0003,建設・資材,-,-,20260630,https://www.jpx.co.jp/markets/statistics-equities/misc/tvdivq0000001vg2-att/data_j.xls,2026-07-10T23:26:35.886407+00:00
1815.T,1815,鉄建建設,プライム（内国株式）,2050,建設業,0003,建設・資材,0007,TOPIX Small 2,20260630,https://www.jpx.co.jp/markets/statistics-equities/misc/tvdivq0000001vg2-att/data_j.xls,2026-07-10T23:26:35.886407+00:00
1820.T,1820,西松建設,プライム（内国株式）,2050,建設業,0003,建設・資材,0004,TOPIX Mid400,20260630,https://www.jpx.co.jp/markets/statistics-equities/misc/tvdivq0000001vg2-att/data_j.xls,2026-07-10T23:26:35.886407+00:00
1822.T,1822,大豊建設,スタンダード（内国株式）,2050,建設業,0003,建設・資材,0007,TOPIX Small 2,20260630,https://www.jpx.co.jp/markets/statistics-equities/misc/tvdivq0000001vg2-att/data_j.xls,2026-07-10T23:26:35.886407+00:00
1826.T,1826,佐田建設,スタンダード（内国株式）,2050,建設業,0003,建設・資材,-,-,20260630,https://www.jpx.co.jp/markets/statistics-equities/misc/tvdivq0000001vg2-att/data_j.xls,2026-07-10T23:26:35.886407+00:00
1827.T,1827,ナカノフドー建設,スタンダード（内国株式）,2050,建設業,0003,建設・資材,-,-,20260630,https://www.jpx.co.jp/markets/statistics-equities/misc/tvdivq0000001vg2-att/data_j.xls,2026-07-10T23:26:35.886407+00:00
1828.T,1828,田辺工業,スタンダード（内国株式）,2050,建設業,0003,建設・資材,-,-,20260630,https://www.jpx.co.jp/markets/statistics-equities/misc/tvdivq0000001vg2-att/data_j.xls,2026-07-10T23:26:35.886407+00:00
1833.T,1833,奥村組,プライム（内国株式）,2050,建設業,0003,建設・資材,0006,TOPIX Small 1,20260630,https://www.jpx.co.jp/markets/statistics-equities/misc/tvdivq0000001vg2-att/data_j.xls,2026-07-10T23:26:35.886407+00:00
1835.T,1835,東鉄工業,プライム（内国株式）,2050,建設業,0003,建設・資材,0006,TOPIX Small 1,20260630,https://www.jpx.co.jp/markets/statistics-equities/misc/tvdivq0000001vg2-att/data_j.xls,2026-07-10T23:26:35.886407+00:00
1840.T,1840,土屋ホールディングス,スタンダード（内国株式）,2050,建設業,0003,建設・資材,-,-,20260630,https://www.jpx.co.jp/markets/statistics-equities/misc/tvdivq0000001vg2-att/data_j.xls,2026-07-10T23:26:35.886407+00:00
1844.T,1844,大盛工業,スタンダード（内国株式）,2050,建設業,0003,建設・資材,-,-,20260630,https://www.jpx.co.jp/markets/statistics-equities/misc/tvdivq0000001vg2-att/data_j.xls,2026-07-10T23:26:35.886407+00:00
1847.T,1847,イチケン,スタンダード（内国株式）,2050,建設業,0003,建設・資材,-,-,20260630,https://www.jpx.co.jp/markets/statistics-equities/misc/tvdivq0000001vg2-att/data_j.xls,2026-07-10T23:26:35.886407+00:00
1848.T,1848,富士ピー・エス,スタンダード（内国株式）,2050,建設業,0003,建設・資材,-,-,20260630,https://www.jpx.co.jp/markets/statistics-equities/misc/tvdivq0000001vg2-att/data_j.xls,2026-07-10T23:26:35.886407+00:00
1850.T,1850,南海辰村建設,スタンダード（内国株式）,2050,建設業,0003,建設・資材,-,-,20260630,https://www.jpx.co.jp/markets/statistics-equities/misc/tvdivq0000001vg2-att/data_j.xls,2026-07-10T23:26:35.886407+00:00
1852.T,1852,淺沼組,プライム（内国株式）,2050,建設業,0003,建設・資材,0006,TOPIX Small 1,20260630,https://www.jpx.co.jp/markets/statistics-equities/misc/tvdivq0000001vg2-att/data_j.xls,2026-07-10T23:26:35.886407+00:00
1853.T,1853,森組,スタンダード（内国株式）,2050,建設業,0003,建設・資材,-,-,20260630,https://www.jpx.co.jp/markets/statistics-equities/misc/tvdivq0000001vg2-att/data_j.xls,2026-07-10T23:26:35.886407+00:00
1860.T,1860,戸田建設,プライム（内国株式）,2050,建設業,0003,建設・資材,0004,TOPIX Mid400,20260630,https://www.jpx.co.jp/markets/statistics-equities/misc/tvdivq0000001vg2-att/data_j.xls,2026-07-10T23:26:35.886407+00:00
1861.T,1861,熊谷組,プライム（内国株式）,2050,建設業,0003,建設・資材,0006,TOPIX Small 1,20260630,https://www.jpx.co.jp/markets/statistics-equities/misc/tvdivq0000001vg2-att/data_j.xls,2026-07-10T23:26:35.886407+00:00
1866.T,1866,北野建設,スタンダード（内国株式）,2050,建設業,0003,建設・資材,-,-,20260630,https://www.jpx.co.jp/markets/statistics-equities/misc/tvdivq0000001vg2-att/data_j.xls,2026-07-10T23:26:35.886407+00:00
1867.T,1867,植木組,スタンダード（内国株式）,2050,建設業,0003,建設・資材,-,-,20260630,https://www.jpx.co.jp/markets/statistics-equities/misc/tvdivq0000001vg2-att/data_j.xls,2026-07-10T23:26:35.886407+00:00
1870.T,1870,矢作建設工業,プライム（内国株式）,2050,建設業,0003,建設・資材,0006,TOPIX Small 1,20260630,https://www.jpx.co.jp/markets/statistics-equities/misc/tvdivq0000001vg2-att/data_j.xls,2026-07-10T23:26:35.886407+00:00
1871.T,1871,ピーエス・コンストラクション,プライム（内国株式）,2050,建設業,0003,建設・資材,0007,TOPIX Small 2,20260630,https://www.jpx.co.jp/markets/statistics-equities/misc/tvdivq0000001vg2-att/data_j.xls,2026-07-10T23:26:35.886407+00:00
1873.T,1873,日本ハウスホールディングス,プライム（内国株式）,2050,建設業,0003,建設・資材,0007,TOPIX Small 2,20260630,https://www.jpx.co.jp/markets/statistics-equities/misc/tvdivq0000001vg2-att/data_j.xls,2026-07-10T23:26:35.886407+00:00
1878.T,1878,大東建託,プライム（内国株式）,8050,不動産業,0017,不動産,0004,TOPIX Mid400,20260630,https://www.jpx.co.jp/markets/statistics-equities/misc/tvdivq0000001vg2-att/data_j.xls,2026-07-10T23:26:35.886407+00:00
1879.T,1879,新日本建設,プライム（内国株式）,2050,建設業,0003,建設・資材,0007,TOPIX Small 2,20260630,https://www.jpx.co.jp/markets/statistics-equities/misc/tvdivq0000001vg2-att/data_j.xls,2026-07-10T23:26:35.886407+00:00
1882.T,1882,東亜道路工業,プライム（内国株式）,2050,建設業,0003,建設・資材,0006,TOPIX Small 1,20260630,https://www.jpx.co.jp/markets/statistics-equities/misc/tvdivq0000001vg2-att/data_j.xls,2026-07-10T23:26:35.886407+00:00
1885.T,1885,東亜建設工業,プライム（内国株式）,2050,建設業,0003,建設・資材,0006,TOPIX Small 1,20260630,https://www.jpx.co.jp/markets/statistics-equities/misc/tvdivq0000001vg2-att/data_j.xls,2026-07-10T23:26:35.886407+00:00
1887.T,1887,日本国土開発,プライム（内国株式）,2050,建設業,0003,建設・資材,0007,TOPIX Small 2,20260630,https://www.jpx.co.jp/markets/statistics-equities/misc/tvdivq0000001vg2-att/data_j.xls,2026-07-10T23:26:35.886407+00:00
1888.T,1888,若築建設,プライム（内国株式）,2050,建設業,0003,建設・資材,0007,TOPIX Small 2,20260630,https://www.jpx.co.jp/markets/statistics-equities/misc/tvdivq0000001vg2-att/data_j.xls,2026-07-10T23:26:35.886407+00:00
1893.T,1893,五洋建設,プライム（内国株式）,2050,建設業,0003,建設・資材,0004,TOPIX Mid400,20260630,https://www.jpx.co.jp/markets/statistics-equities/misc/tvdivq0000001vg2-att/data_j.xls,2026-07-10T23:26:35.886407+00:00
1897.T,1897,金下建設,スタンダード（内国株式）,2050,建設業,0003,建設・資材,-,-,20260630,https://www.jpx.co.jp/markets/statistics-equities/misc/tvdivq0000001vg2-att/data_j.xls,2026-07-10T23:26:35.886407+00:00
1898.T,1898,世紀東急工業,プライム（内国株式）,2050,建設業,0003,建設・資材,0006,TOPIX Small 1,20260630,https://www.jpx.co.jp/markets/statistics-equities/misc/tvdivq0000001vg2-att/data_j.xls,2026-07-10T23:26:35.886407+00:00
1899.T,1899,福田組,プライム（内国株式）,2050,建設業,0003,建設・資材,0007,TOPIX Small 2,20260630,https://www.jpx.co.jp/markets/statistics-equities/misc/tvdivq0000001vg2-att/data_j.xls,2026-07-10T23:26:35.886407+00:00
1904.T,1904,大成温調,スタンダード（内国株式）,2050,建設業,0003,建設・資材,-,-,20260630,https://www.jpx.co.jp/markets/statistics-equities/misc/tvdivq0000001vg2-att/data_j.xls,2026-07-10T23:26:35.886407+00:00
1905.T,1905,テノックス,スタンダード（内国株式）,2050,建設業,0003,建設・資材,-,-,20260630,https://www.jpx.co.jp/markets/statistics-equities/misc/tvdivq0000001vg2-att/data_j.xls,2026-07-10T23:26:35.886407+00:00
1909.T,1909,日本ドライケミカル,スタンダード（内国株式）,3600,機械,0008,機械,-,-,20260630,https://www.jpx.co.jp/markets/statistics-equities/misc/tvdivq0000001vg2-att/data_j.xls,2026-07-10T23:26:35.886407+00:00
1911.T,1911,住友林業,プライム（内国株式）,2050,建設業,0003,建設・資材,0004,TOPIX Mid400,20260630,https://www.jpx.co.jp/markets/statistics-equities/misc/tvdivq0000001vg2-att/data_j.xls,2026-07-10T23:26:35.886407+00:00
1914.T,1914,日本基礎技術,スタンダード（内国株式）,2050,建設業,0003,建設・資材,-,-,20260630,https://www.jpx.co.jp/markets/statistics-equities/misc/tvdivq0000001vg2-att/data_j.xls,2026-07-10T23:26:35.886407+00:00
1921.T,1921,巴コーポレーション,スタンダード（内国株式）,2050,建設業,0003,建設・資材,-,-,20260630,https://www.jpx.co.jp/markets/statistics-equities/misc/tvdivq0000001vg2-att/data_j.xls,2026-07-10T23:26:35.886407+00:00
1925.T,1925,大和ハウス工業,プライム（内国株式）,2050,建設業,0003,建設・資材,0002,TOPIX Large70,20260630,https://www.jpx.co.jp/markets/statistics-equities/misc/tvdivq0000001vg2-att/data_j.xls,2026-07-10T23:26:35.886407+00:00
1926.T,1926,ライト工業,プライム（内国株式）,2050,建設業,0003,建設・資材,0006,TOPIX Small 1,20260630,https://www.jpx.co.jp/markets/statistics-equities/misc/tvdivq0000001vg2-att/data_j.xls,2026-07-10T23:26:35.886407+00:00
1928.T,1928,積水ハウス,プライム（内国株式）,2050,建設業,0003,建設・資材,0002,TOPIX Large70,20260630,https://www.jpx.co.jp/markets/statistics-equities/misc/tvdivq0000001vg2-att/data_j.xls,2026-07-10T23:26:35.886407+00:00
1929.T,1929,日特建設,プライム（内国株式）,2050,建設業,0003,建設・資材,0007,TOPIX Small 2,20260630,https://www.jpx.co.jp/markets/statistics-equities/misc/tvdivq0000001vg2-att/data_j.xls,2026-07-10T23:26:35.886407+00:00
1930.T,1930,北陸電気工事,プライム（内国株式）,2050,建設業,0003,建設・資材,0007,TOPIX Small 2,20260630,https://www.jpx.co.jp/markets/statistics-equities/misc/tvdivq0000001vg2-att/data_j.xls,2026-07-10T23:26:35.886407+00:00
1934.T,1934,ユアテック,プライム（内国株式）,2050,建設業,0003,建設・資材,0006,TOPIX Small 1,20260630,https://www.jpx.co.jp/markets/statistics-equities/misc/tvdivq0000001vg2-att/data_j.xls,2026-07-10T23:26:35.886407+00:00
1938.T,1938,日本リーテック,プライム（内国株式）,2050,建設業,0003,建設・資材,0007,TOPIX Small 2,20260630,https://www.jpx.co.jp/markets/statistics-equities/misc/tvdivq0000001vg2-att/data_j.xls,2026-07-10T23:26:35.886407+00:00
1939.T,1939,四電工,プライム（内国株式）,2050,建設業,0003,建設・資材,0007,TOPIX Small 2,20260630,https://www.jpx.co.jp/markets/statistics-equities/misc/tvdivq0000001vg2-att/data_j.xls,2026-07-10T23:26:35.886407+00:00
1941.T,1941,中電工,プライム（内国株式）,2050,建設業,0003,建設・資材,0006,TOPIX Small 1,20260630,https://www.jpx.co.jp/markets/statistics-equities/misc/tvdivq0000001vg2-att/data_j.xls,2026-07-10T23:26:35.886407+00:00
1942.T,1942,関電工,プライム（内国株式）,2050,建設業,0003,建設・資材,0004,TOPIX Mid400,20260630,https://www.jpx.co.jp/markets/statistics-equities/misc/tvdivq0000001vg2-att/data_j.xls,2026-07-10T23:26:35.886407+00:00
1944.T,1944,きんでん,プライム（内国株式）,2050,建設業,0003,建設・資材,0004,TOPIX Mid400,20260630,https://www.jpx.co.jp/markets/statistics-equities/misc/tvdivq0000001vg2-att/data_j.xls,2026-07-10T23:26:35.886407+00:00
1945.T,1945,東京エネシス,プライム（内国株式）,2050,建設業,0003,建設・資材,0007,TOPIX Small 2,20260630,https://www.jpx.co.jp/markets/statistics-equities/misc/tvdivq0000001vg2-att/data_j.xls,2026-07-10T23:26:35.886407+00:00
1946.T,1946,トーエネック,プライム（内国株式）,2050,建設業,0003,建設・資材,0007,TOPIX Small 2,20260630,https://www.jpx.co.jp/markets/statistics-equities/misc/tvdivq0000001vg2-att/data_j.xls,2026-07-10T23:26:35.886407+00:00
1948.T,1948,弘電社,スタンダード（内国株式）,2050,建設業,0003,建設・資材,-,-,20260630,https://www.jpx.co.jp/markets/statistics-equities/misc/tvdivq0000001vg2-att/data_j.xls,2026-07-10T23:26:35.886407+00:00
1950.T,1950,日本電設工業,プライム（内国株式）,2050,建設業,0003,建設・資材,0006,TOPIX Small 1,20260630,https://www.jpx.co.jp/markets/statistics-equities/misc/tvdivq0000001vg2-att/data_j.xls,2026-07-10T23:26:35.886407+00:00
1951.T,1951,エクシオグループ,プライム（内国株式）,2050,建設業,0003,建設・資材,0004,TOPIX Mid400,20260630,https://www.jpx.co.jp/markets/statistics-equities/misc/tvdivq0000001vg2-att/data_j.xls,2026-07-10T23:26:35.886407+00:00
1952.T,1952,新日本空調,プライム（内国株式）,2050,建設業,0003,建設・資材,0006,TOPIX Small 1,20260630,https://www.jpx.co.jp/markets/statistics-equities/misc/tvdivq0000001vg2-att/data_j.xls,2026-07-10T23:26:35.886407+00:00
1959.T,1959,クラフティア,プライム（内国株式）,2050,建設業,0003,建設・資材,0004,TOPIX Mid400,20260630,https://www.jpx.co.jp/markets/statistics-equities/misc/tvdivq0000001vg2-att/data_j.xls,2026-07-10T23:26:35.886407+00:00
1960.T,1960,サンテック,スタンダード（内国株式）,2050,建設業,0003,建設・資材,-,-,20260630,https://www.jpx.co.jp/markets/statistics-equities/misc/tvdivq0000001vg2-att/data_j.xls,2026-07-10T23:26:35.886407+00:00
1961.T,1961,三機工業,プライム（内国株式）,2050,建設業,0003,建設・資材,0006,TOPIX Small 1,20260630,https://www.jpx.co.jp/markets/statistics-equities/misc/tvdivq0000001vg2-att/data_j.xls,2026-07-10T23:26:35.886407+00:00
1963.T,1963,日揮ホールディングス,プライム（内国株式）,2050,建設業,0003,建設・資材,0004,TOPIX Mid400,20260630,https://www.jpx.co.jp/markets/statistics-equities/misc/tvdivq0000001vg2-att/data_j.xls,2026-07-10T23:26:35.886407+00:00
1964.T,1964,中外炉工業,プライム（内国株式）,2050,建設業,0003,建設・資材,0007,TOPIX Small 2,20260630,https://www.jpx.co.jp/markets/statistics-equities/misc/tvdivq0000001vg2-att/data_j.xls,2026-07-10T23:26:35.886407+00:00
1965.T,1965,テクノ菱和,スタンダード（内国株式）,2050,建設業,0003,建設・資材,-,-,20260630,https://www.jpx.co.jp/markets/statistics-equities/misc/tvdivq0000001vg2-att/data_j.xls,2026-07-10T23:26:35.886407+00:00
1966.T,1966,高田工業所,スタンダード（内国株式）,2050,建設業,0003,建設・資材,-,-,20260630,https://www.jpx.co.jp/markets/statistics-equities/misc/tvdivq0000001vg2-att/data_j.xls,2026-07-10T23:26:35.886407+00:00
1967.T,1967,ヤマト,スタンダード（内国株式）,2050,建設業,0003,建設・資材,-,-,20260630,https://www.jpx.co.jp/markets/statistics-equities/misc/tvdivq0000001vg2-att/data_j.xls,2026-07-10T23:26:35.886407+00:00
1968.T,1968,太平電業,プライム（内国株式）,2050,建設業,0003,建設・資材,0006,TOPIX Small 1,20260630,https://www.jpx.co.jp/markets/statistics-equities/misc/tvdivq0000001vg2-att/data_j.xls,2026-07-10T23:26:35.886407+00:00
1969.T,1969,高砂熱学工業,プライム（内国株式）,2050,建設業,0003,建設・資材,0004,TOPIX Mid400,20260630,https://www.jpx.co.jp/markets/statistics-equities/misc/tvdivq0000001vg2-att/data_j.xls,2026-07-10T23:26:35.886407+00:00
1972.T,1972,三晃金属工業,スタンダード（内国株式）,2050,建設業,0003,建設・資材,-,-,20260630,https://www.jpx.co.jp/markets/statistics-equities/misc/tvdivq0000001vg2-att/data_j.xls,2026-07-10T23:26:35.886407+00:00
1975.T,1975,朝日工業社,プライム（内国株式）,2050,建設業,0003,建設・資材,0006,TOPIX Small 1,20260630,https://www.jpx.co.jp/markets/statistics-equities/misc/tvdivq0000001vg2-att/data_j.xls,2026-07-10T23:26:35.886407+00:00
1976.T,1976,明星工業,プライム（内国株式）,2050,建設業,0003,建設・資材,0007,TOPIX Small 2,20260630,https://www.jpx.co.jp/markets/statistics-equities/misc/tvdivq0000001vg2-att/data_j.xls,2026-07-10T23:26:35.886407+00:00
1979.T,1979,大氣社,プライム（内国株式）,2050,建設業,0003,建設・資材,0006,TOPIX Small 1,20260630,https://www.jpx.co.jp/markets/statistics-equities/misc/tvdivq0000001vg2-att/data_j.xls,2026-07-10T23:26:35.886407+00:00
1980.T,1980,ダイダン,プライム（内国株式）,2050,建設業,0003,建設・資材,0006,TOPIX Small 1,20260630,https://www.jpx.co.jp/markets/statistics-equities/misc/tvdivq0000001vg2-att/data_j.xls,2026-07-10T23:26:35.886407+00:00
1981.T,1981,協和日成,スタンダード（内国株式）,2050,建設業,0003,建設・資材,-,-,20260630,https://www.jpx.co.jp/markets/statistics-equities/misc/tvdivq0000001vg2-att/data_j.xls,2026-07-10T23:26:35.886407+00:00
1982.T,1982,日比谷総合設備,プライム（内国株式）,2050,建設業,0003,建設・資材,0007,TOPIX Small 2,20260630,https://www.jpx.co.jp/markets/statistics-equities/misc/tvdivq0000001vg2-att/data_j.xls,2026-07-10T23:26:35.886407+00:00
1992.T,1992,神田通信機,スタンダード（内国株式）,2050,建設業,0003,建設・資材,-,-,20260630,https://www.jpx.co.jp/markets/statistics-equities/misc/tvdivq0000001vg2-att/data_j.xls,2026-07-10T23:26:35.886407+00:00
1994.T,1994,高橋カーテンウォール工業,スタンダード（内国株式）,2050,建設業,0003,建設・資材,-,-,20260630,https://www.jpx.co.jp/markets/statistics-equities/misc/tvdivq0000001vg2-att/data_j.xls,2026-07-10T23:26:35.886407+00:00
1997.T,1997,暁飯島工業,スタンダード（内国株式）,2050,建設業,0003,建設・資材,-,-,20260630,https://www.jpx.co.jp/markets/statistics-equities/misc/tvdivq0000001vg2-att/data_j.xls,2026-07-10T23:26:35.886407+00:00
2001.T,2001,ニップン,プライム（内国株式）,3050,食料品,0001,食品,0006,TOPIX Small 1,20260630,https://www.jpx.co.jp/markets/statistics-equities/misc/tvdivq0000001vg2-att/data_j.xls,2026-07-10T23:26:35.886407+00:00
2002.T,2002,日清製粉グループ本社,プライム（内国株式）,3050,食料品,0001,食品,0004,TOPIX Mid400,20260630,https://www.jpx.co.jp/markets/statistics-equities/misc/tvdivq0000001vg2-att/data_j.xls,2026-07-10T23:26:35.886407+00:00
2003.T,2003,日東富士製粉,スタンダード（内国株式）,3050,食料品,0001,食品,0007,TOPIX Small 2,20260630,https://www.jpx.co.jp/markets/statistics-equities/misc/tvdivq0000001vg2-att/data_j.xls,2026-07-10T23:26:35.886407+00:00
2004.T,2004,昭和産業,プライム（内国株式）,3050,食料品,0001,食品,0007,TOPIX Small 2,20260630,https://www.jpx.co.jp/markets/statistics-equities/misc/tvdivq0000001vg2-att/data_j.xls,2026-07-10T23:26:35.886407+00:00
2009.T,2009,鳥越製粉,スタンダード（内国株式）,3050,食料品,0001,食品,-,-,20260630,https://www.jpx.co.jp/markets/statistics-equities/misc/tvdivq0000001vg2-att/data_j.xls,2026-07-10T23:26:35.886407+00:00
2011.T,2011,ＳＭＤＡＭ　Ａｃｔｉｖｅ　ＥＴＦ　日本高配当株式,ETF・ETN,-,-,-,-,-,-,20260630,https://www.jpx.co.jp/markets/statistics-equities/misc/tvdivq0000001vg2-att/data_j.xls,2026-07-10T23:26:35.886407+00:00
2012.T,2012,ｉシェアーズ　米国債０－３ヶ月　ＥＴＦ,ETF・ETN,-,-,-,-,-,-,20260630,https://www.jpx.co.jp/markets/statistics-equities/misc/tvdivq0000001vg2-att/data_j.xls,2026-07-10T23:26:35.886407+00:00
2013.T,2013,ｉシェアーズ　米国高配当株　ＥＴＦ,ETF・ETN,-,-,-,-,-,-,20260630,https://www.jpx.co.jp/markets/statistics-equities/misc/tvdivq0000001vg2-att/data_j.xls,2026-07-10T23:26:35.886407+00:00
2014.T,2014,ｉシェアーズ　米国連続増配株　ＥＴＦ,ETF・ETN,-,-,-,-,-,-,20260630,https://www.jpx.co.jp/markets/statistics-equities/misc/tvdivq0000001vg2-att/data_j.xls,2026-07-10T23:26:35.886407+00:00
2015.T,2015,ｉＦｒｅｅＥＴＦ　米国国債７－１０年（為替ヘッジなし）,ETF・ETN,-,-,-,-,-,-,20260630,https://www.jpx.co.jp/markets/statistics-equities/misc/tvdivq0000001vg2-att/data_j.xls,2026-07-10T23:26:35.886407+00:00
2016.T,2016,ｉＦｒｅｅＥＴＦ　米国国債７－１０年（為替ヘッジあり）,ETF・ETN,-,-,-,-,-,-,20260630,https://www.jpx.co.jp/markets/statistics-equities/misc/tvdivq0000001vg2-att/data_j.xls,2026-07-10T23:26:35.886407+00:00
2017.T,2017,ｉＦｒｅｅＥＴＦ　ＪＰＸプライム１５０,ETF・ETN,-,-,-,-,-,-,20260630,https://www.jpx.co.jp/markets/statistics-equities/misc/tvdivq0000001vg2-att/data_j.xls,2026-07-10T23:26:35.886407+00:00
2018.T,2018,グローバルＸ　ＵＳ　ＲＥＩＴ・トップ２０　ＥＴＦ,ETF・ETN,-,-,-,-,-,-,20260630,https://www.jpx.co.jp/markets/statistics-equities/misc/tvdivq0000001vg2-att/data_j.xls,2026-07-10T23:26:35.886407+00:00
2019.T,2019,グローバルＸ　米国優先証券　ＥＴＦ（隔月分配型）,ETF・ETN,-,-,-,-,-,-,20260630,https://www.jpx.co.jp/markets/statistics-equities/misc/tvdivq0000001vg2-att/data_j.xls,2026-07-10T23:26:35.886407+00:00
2031.T,2031,ＮＥＸＴ　ＮＯＴＥＳ　香港ハンセン・ダブル・ブル　ＥＴＮ,ETF・ETN,-,-,-,-,-,-,20260630,https://www.jpx.co.jp/markets/statistics-equities/misc/tvdivq0000001vg2-att/data_j.xls,2026-07-10T23:26:35.886407+00:00
2032.T,2032,ＮＥＸＴ　ＮＯＴＥＳ　香港ハンセン・ベア　ＥＴＮ,ETF・ETN,-,-,-,-,-,-,20260630,https://www.jpx.co.jp/markets/statistics-equities/misc/tvdivq0000001vg2-att/data_j.xls,2026-07-10T23:26:35.886407+00:00
2033.T,2033,ＮＥＸＴ　ＮＯＴＥＳ　韓国ＫＯＳＰＩ・ダブル・ブル　ＥＴＮ,ETF・ETN,-,-,-,-,-,-,20260630,https://www.jpx.co.jp/markets/statistics-equities/misc/tvdivq0000001vg2-att/data_j.xls,2026-07-10T23:26:35.886407+00:00
2034.T,2034,ＮＥＸＴ　ＮＯＴＥＳ　韓国ＫＯＳＰＩ・ベア　ＥＴＮ,ETF・ETN,-,-,-,-,-,-,20260630,https://www.jpx.co.jp/markets/statistics-equities/misc/tvdivq0000001vg2-att/data_j.xls,2026-07-10T23:26:35.886407+00:00
2036.T,2036,ＮＥＸＴ　ＮＯＴＥＳ　金先物　ダブル・ブル　ＥＴＮ,ETF・ETN,-,-,-,-,-,-,20260630,https://www.jpx.co.jp/markets/statistics-equities/misc/tvdivq0000001vg2-att/data_j.xls,2026-07-10T23:26:35.886407+00:00
2037.T,2037,ＮＥＸＴ　ＮＯＴＥＳ　金先物　ベア　ＥＴＮ,ETF・ETN,-,-,-,-,-,-,20260630,https://www.jpx.co.jp/markets/statistics-equities/misc/tvdivq0000001vg2-att/data_j.xls,2026-07-10T23:26:35.886407+00:00
2038.T,2038,ＮＥＸＴ　ＮＯＴＥＳ　ドバイ原油先物　ダブル・ブル　ＥＴＮ,ETF・ETN,-,-,-,-,-,-,20260630,https://www.jpx.co.jp/markets/statistics-equities/misc/tvdivq0000001vg2-att/data_j.xls,2026-07-10T23:26:35.886407+00:00
2039.T,2039,ＮＥＸＴ　ＮＯＴＥＳ　ドバイ原油先物　ベア　ＥＴＮ,ETF・ETN,-,-,-,-,-,-,20260630,https://www.jpx.co.jp/markets/statistics-equities/misc/tvdivq0000001vg2-att/data_j.xls,2026-07-10T23:26:35.886407+00:00
2040.T,2040,ＮＥＸＴ　ＮＯＴＥＳ　ＮＹダウ・ダブル・ブル・ドルヘッジ　ＥＴＮ,ETF・ETN,-,-,-,-,-,-,20260630,https://www.jpx.co.jp/markets/statistics-equities/misc/tvdivq0000001vg2-att/data_j.xls,2026-07-10T23:26:35.886407+00:00
2041.T,2041,ＮＥＸＴ　ＮＯＴＥＳ　ＮＹダウ・ベア・ドルヘッジ　ＥＴＮ,ETF・ETN,-,-,-,-,-,-,20260630,https://www.jpx.co.jp/markets/statistics-equities/misc/tvdivq0000001vg2-att/data_j.xls,2026-07-10T23:26:35.886407+00:00
2042.T,2042,ＮＥＸＴ　ＮＯＴＥＳ　東証グロース市場２５０　ＥＴＮ,ETF・ETN,-,-,-,-,-,-,20260630,https://www.jpx.co.jp/markets/statistics-equities/misc/tvdivq0000001vg2-att/data_j.xls,2026-07-10T23:26:35.886407+00:00
2043.T,2043,ＮＥＸＴ　ＮＯＴＥＳ　ＳＴＯＸＸ　アセアン好配当５０（円、ネットリターン）ＥＴＮ,ETF・ETN,-,-,-,-,-,-,20260630,https://www.jpx.co.jp/markets/statistics-equities/misc/tvdivq0000001vg2-att/data_j.xls,2026-07-10T23:26:35.886407+00:00
2044.T,2044,ＮＥＸＴ　ＮＯＴＥＳ　Ｓ＆Ｐ５００　配当貴族（ネットリターン）　ＥＴＮ,ETF・ETN,-,-,-,-,-,-,20260630,https://www.jpx.co.jp/markets/statistics-equities/misc/tvdivq0000001vg2-att/data_j.xls,2026-07-10T23:26:35.886407+00:00
2045.T,2045,ＮＥＸＴ　ＮＯＴＥＳ　Ｓ＆Ｐ　シンガポール　リート（ネットリターン）　ＥＴＮ,ETF・ETN,-,-,-,-,-,-,20260630,https://www.jpx.co.jp/markets/statistics-equities/misc/tvdivq0000001vg2-att/data_j.xls,2026-07-10T23:26:35.886407+00:00
2046.T,2046,ＮＥＸＴ　ＮＯＴＥＳ　インドＮｉｆｔｙ・ダブル・ブル　ＥＴＮ,ETF・ETN,-,-,-,-,-,-,20260630,https://www.jpx.co.jp/markets/statistics-equities/misc/tvdivq0000001vg2-att/data_j.xls,2026-07-10T23:26:35.886407+00:00
2047.T,2047,ＮＥＸＴ　ＮＯＴＥＳ　インドＮｉｆｔｙ・ベア　ＥＴＮ,ETF・ETN,-,-,-,-,-,-,20260630,https://www.jpx.co.jp/markets/statistics-equities/misc/tvdivq0000001vg2-att/data_j.xls,2026-07-10T23:26:35.886407+00:00
2048.T,2048,ＮＥＸＴ　ＮＯＴＥＳ　野村日本株高配当７０（ドルヘッジ、ネットリターン）ＥＴＮ,ETF・ETN,-,-,-,-,-,-,20260630,https://www.jpx.co.jp/markets/statistics-equities/misc/tvdivq0000001vg2-att/data_j.xls,2026-07-10T23:26:35.886407+00:00
2050.T,2050,ＮＥＸＴ　ＮＯＴＥＳ　ニッチトップ　中小型日本株（ネットリターン）ＥＴＮ,ETF・ETN,-,-,-,-,-,-,20260630,https://www.jpx.co.jp/markets/statistics-equities/misc/tvdivq0000001vg2-att/data_j.xls,2026-07-10T23:26:35.886407+00:00
2053.T,2053,中部飼料,プライム（内国株式）,3050,食料品,0001,食品,0007,TOPIX Small 2,20260630,https://www.jpx.co.jp/markets/statistics-equities/misc/tvdivq0000001vg2-att/data_j.xls,2026-07-10T23:26:35.886407+00:00
2055.T,2055,日和産業,スタンダード（内国株式）,3050,食料品,0001,食品,-,-,20260630,https://www.jpx.co.jp/markets/statistics-equities/misc/tvdivq0000001vg2-att/data_j.xls,2026-07-10T23:26:35.886407+00:00
2060.T,2060,フィード・ワン,プライム（内国株式）,3050,食料品,0001,食品,0007,TOPIX Small 2,20260630,https://www.jpx.co.jp/markets/statistics-equities/misc/tvdivq0000001vg2-att/data_j.xls,2026-07-10T23:26:35.886407+00:00
2065.T,2065,ＮＥＸＴ　ＮＯＴＥＳ　日本株配当貴族（ドルヘッジ、ネットリターン）ＥＴＮ,ETF・ETN,-,-,-,-,-,-,20260630,https://www.jpx.co.jp/markets/statistics-equities/misc/tvdivq0000001vg2-att/data_j.xls,2026-07-10T23:26:35.886407+00:00
2066.T,2066,ＮＥＸＴ　ＮＯＴＥＳ　東証ＲＥＩＴ（ドルヘッジ、ネットリターン）ＥＴＮ,ETF・ETN,-,-,-,-,-,-,20260630,https://www.jpx.co.jp/markets/statistics-equities/misc/tvdivq0000001vg2-att/data_j.xls,2026-07-10T23:26:35.886407+00:00
2067.T,2067,ＮＥＸＴ　ＮＯＴＥＳ　野村ＡＩビジネス７０（ネットリターン）ＥＴＮ,ETF・ETN,-,-,-,-,-,-,20260630,https://www.jpx.co.jp/markets/statistics-equities/misc/tvdivq0000001vg2-att/data_j.xls,2026-07-10T23:26:35.886407+00:00
2068.T,2068,ＮＥＸＴ　ＮＯＴＥＳ　高ベータ３０（ネットリターン）ＥＴＮ,ETF・ETN,-,-,-,-,-,-,20260630,https://www.jpx.co.jp/markets/statistics-equities/misc/tvdivq0000001vg2-att/data_j.xls,2026-07-10T23:26:35.886407+00:00
2069.T,2069,ＮＥＸＴ　ＮＯＴＥＳ　低ベータ５０（ネットリターン）ＥＴＮ,ETF・ETN,-,-,-,-,-,-,20260630,https://www.jpx.co.jp/markets/statistics-equities/misc/tvdivq0000001vg2-att/data_j.xls,2026-07-10T23:26:35.886407+00:00
2070.T,2070,スマートＥＳＧ３０女性活躍（ネットリターン）ＥＴＮ,ETF・ETN,-,-,-,-,-,-,20260630,https://www.jpx.co.jp/markets/statistics-equities/misc/tvdivq0000001vg2-att/data_j.xls,2026-07-10T23:26:35.886407+00:00
2071.T,2071,スマートＥＳＧ３０総合（ネットリターン）ＥＴＮ,ETF・ETN,-,-,-,-,-,-,20260630,https://www.jpx.co.jp/markets/statistics-equities/misc/tvdivq0000001vg2-att/data_j.xls,2026-07-10T23:26:35.886407+00:00
2072.T,2072,トップシェアインデックス（ネットリターン）ＥＴＮ,ETF・ETN,-,-,-,-,-,-,20260630,https://www.jpx.co.jp/markets/statistics-equities/misc/tvdivq0000001vg2-att/data_j.xls,2026-07-10T23:26:35.886407+00:00
2073.T,2073,スマートＥＳＧ３０低カーボンリスク（ネットリターン）ＥＴＮ,ETF・ETN,-,-,-,-,-,-,20260630,https://www.jpx.co.jp/markets/statistics-equities/misc/tvdivq0000001vg2-att/data_j.xls,2026-07-10T23:26:35.886407+00:00
2080.T,2080,ＰＢＲ１倍割れ解消推進ＥＴＦ,ETF・ETN,-,-,-,-,-,-,20260630,https://www.jpx.co.jp/markets/statistics-equities/misc/tvdivq0000001vg2-att/data_j.xls,2026-07-10T23:26:35.886407+00:00
2081.T,2081,政策保有解消推進ＥＴＦ,ETF・ETN,-,-,-,-,-,-,20260630,https://www.jpx.co.jp/markets/statistics-equities/misc/tvdivq0000001vg2-att/data_j.xls,2026-07-10T23:26:35.886407+00:00
2082.T,2082,投資家経営者一心同体ＥＴＦ,ETF・ETN,-,-,-,-,-,-,20260630,https://www.jpx.co.jp/markets/statistics-equities/misc/tvdivq0000001vg2-att/data_j.xls,2026-07-10T23:26:35.886407+00:00
2083.T,2083,ＮＥＸＴ　ＦＵＮＤＳ　日本成長株アクティブ上場投信,ETF・ETN,-,-,-,-,-,-,20260630,https://www.jpx.co.jp/markets/statistics-equities/misc/tvdivq0000001vg2-att/data_j.xls,2026-07-10T23:26:35.886407+00:00
2084.T,2084,ＮＥＸＴ　ＦＵＮＤＳ　日本高配当株アクティブ上場投信,ETF・ETN,-,-,-,-,-,-,20260630,https://www.jpx.co.jp/markets/statistics-equities/misc/tvdivq0000001vg2-att/data_j.xls,2026-07-10T23:26:35.886407+00:00
2085.T,2085,ＭＡＸＩＳ高配当日本株アクティブ上場投信,ETF・ETN,-,-,-,-,-,-,20260630,https://www.jpx.co.jp/markets/statistics-equities/misc/tvdivq0000001vg2-att/data_j.xls,2026-07-10T23:26:35.886407+00:00
2086.T,2086,ＮＺＡＭ　上場投信　Ｓ＆Ｐ５００（為替ヘッジあり）,ETF・ETN,-,-,-,-,-,-,20260630,https://www.jpx.co.jp/markets/statistics-equities/misc/tvdivq0000001vg2-att/data_j.xls,2026-07-10T23:26:35.886407+00:00
2087.T,2087,ＮＺＡＭ　上場投信　ＮＡＳＤＡＱ１００（為替ヘッジあり）,ETF・ETN,-,-,-,-,-,-,20260630,https://www.jpx.co.jp/markets/statistics-equities/misc/tvdivq0000001vg2-att/data_j.xls,2026-07-10T23:26:35.886407+00:00
2088.T,2088,ＮＺＡＭ　上場投信　ＮＹダウ３０（為替ヘッジあり）,ETF・ETN,-,-,-,-,-,-,20260630,https://www.jpx.co.jp/markets/statistics-equities/misc/tvdivq0000001vg2-att/data_j.xls,2026-07-10T23:26:35.886407+00:00
2089.T,2089,ＮＺＡＭ　上場投信　ＤＡＸ（為替ヘッジあり）,ETF・ETN,-,-,-,-,-,-,20260630,https://www.jpx.co.jp/markets/statistics-equities/misc/tvdivq0000001vg2-att/data_j.xls,2026-07-10T23:26:35.886407+00:00
2090.T,2090,ＮＺＡＭ　上場投信　米国国債７－１０年（為替ヘッジあり）,ETF・ETN,-,-,-,-,-,-,20260630,https://www.jpx.co.jp/markets/statistics-equities/misc/tvdivq0000001vg2-att/data_j.xls,2026-07-10T23:26:35.886407+00:00
2091.T,2091,ＮＺＡＭ　上場投信　ドイツ国債７－１０年（為替ヘッジあり）,ETF・ETN,-,-,-,-,-,-,20260630,https://www.jpx.co.jp/markets/statistics-equities/misc/tvdivq0000001vg2-att/data_j.xls,2026-07-10T23:26:35.886407+00:00
2092.T,2092,ＮＺＡＭ　上場投信　フランス国債７－１０年（為替ヘッジあり）,ETF・ETN,-,-,-,-,-,-,20260630,https://www.jpx.co.jp/markets/statistics-equities/misc/tvdivq0000001vg2-att/data_j.xls,2026-07-10T23:26:35.886407+00:00
2093.T,2093,上場Ｔｒａｃｅｒｓ　米国債０－２年ラダー（為替ヘッジなし）,ETF・ETN,-,-,-,-,-,-,20260630,https://www.jpx.co.jp/markets/statistics-equities/misc/tvdivq0000001vg2-att/data_j.xls,2026-07-10T23:26:35.886407+00:00
2094.T,2094,東証ＲＥＩＴインバースＥＴＦ,ETF・ETN,-,-,-,-,-,-,20260630,https://www.jpx.co.jp/markets/statistics-equities/misc/tvdivq0000001vg2-att/data_j.xls,2026-07-10T23:26:35.886407+00:00
2095.T,2095,グローバルＸ　Ｓ＆Ｐ５００配当貴族　ＥＴＦ（為替ヘッジあり）,ETF・ETN,-,-,-,-,-,-,20260630,https://www.jpx.co.jp/markets/statistics-equities/misc/tvdivq0000001vg2-att/data_j.xls,2026-07-10T23:26:35.886407+00:00
2096.T,2096,グローバルＸ　オフィス・Ｊ－ＲＥＩＴ　ＥＴＦ,ETF・ETN,-,-,-,-,-,-,20260630,https://www.jpx.co.jp/markets/statistics-equities/misc/tvdivq0000001vg2-att/data_j.xls,2026-07-10T23:26:35.886407+00:00
2097.T,2097,グローバルＸ　レジデンシャル・Ｊ－ＲＥＩＴ　ＥＴＦ,ETF・ETN,-,-,-,-,-,-,20260630,https://www.jpx.co.jp/markets/statistics-equities/misc/tvdivq0000001vg2-att/data_j.xls,2026-07-10T23:26:35.886407+00:00
2098.T,2098,グローバルＸ　ホテル＆リテール・Ｊ－ＲＥＩＴ　ＥＴＦ,ETF・ETN,-,-,-,-,-,-,20260630,https://www.jpx.co.jp/markets/statistics-equities/misc/tvdivq0000001vg2-att/data_j.xls,2026-07-10T23:26:35.886407+00:00
2108.T,2108,日本甜菜製糖,プライム（内国株式）,3050,食料品,0001,食品,0007,TOPIX Small 2,20260630,https://www.jpx.co.jp/markets/statistics-equities/misc/tvdivq0000001vg2-att/data_j.xls,2026-07-10T23:26:35.886407+00:00
2109.T,2109,ＤＭ三井製糖,プライム（内国株式）,3050,食料品,0001,食品,0006,TOPIX Small 1,20260630,https://www.jpx.co.jp/markets/statistics-equities/misc/tvdivq0000001vg2-att/data_j.xls,2026-07-10T23:26:35.886407+00:00
2112.T,2112,塩水港精糖,スタンダード（内国株式）,3050,食料品,0001,食品,-,-,20260630,https://www.jpx.co.jp/markets/statistics-equities/misc/tvdivq0000001vg2-att/data_j.xls,2026-07-10T23:26:35.886407+00:00
2114.T,2114,フジ日本,スタンダード（内国株式）,3050,食料品,0001,食品,-,-,20260630,https://www.jpx.co.jp/markets/statistics-equities/misc/tvdivq0000001vg2-att/data_j.xls,2026-07-10T23:26:35.886407+00:00
2117.T,2117,ウェルネオシュガー,プライム（内国株式）,3050,食料品,0001,食品,0007,TOPIX Small 2,20260630,https://www.jpx.co.jp/markets/statistics-equities/misc/tvdivq0000001vg2-att/data_j.xls,2026-07-10T23:26:35.886407+00:00
2120.T,2120,ＬＩＦＵＬＬ,プライム（内国株式）,9050,サービス業,0010,情報通信・サービスその他,0007,TOPIX Small 2,20260630,https://www.jpx.co.jp/markets/statistics-equities/misc/tvdivq0000001vg2-att/data_j.xls,2026-07-10T23:26:35.886407+00:00
2121.T,2121,ＭＩＸＩ,プライム（内国株式）,5250,情報・通信業,0010,情報通信・サービスその他,0006,TOPIX Small 1,20260630,https://www.jpx.co.jp/markets/statistics-equities/misc/tvdivq0000001vg2-att/data_j.xls,2026-07-10T23:26:35.886407+00:00
2122.T,2122,インタースペース,スタンダード（内国株式）,9050,サービス業,0010,情報通信・サービスその他,-,-,20260630,https://www.jpx.co.jp/markets/statistics-equities/misc/tvdivq0000001vg2-att/data_j.xls,2026-07-10T23:26:35.886407+00:00
2124.T,2124,ジェイエイシーリクルートメント,プライム（内国株式）,9050,サービス業,0010,情報通信・サービスその他,0006,TOPIX Small 1,20260630,https://www.jpx.co.jp/markets/statistics-equities/misc/tvdivq0000001vg2-att/data_j.xls,2026-07-10T23:26:35.886407+00:00
2127.T,2127,日本Ｍ＆Ａセンターホールディングス,プライム（内国株式）,9050,サービス業,0010,情報通信・サービスその他,0004,TOPIX Mid400,20260630,https://www.jpx.co.jp/markets/statistics-equities/misc/tvdivq0000001vg2-att/data_j.xls,2026-07-10T23:26:35.886407+00:00
2130.T,2130,メンバーズ,プライム（内国株式）,9050,サービス業,0010,情報通信・サービスその他,0007,TOPIX Small 2,20260630,https://www.jpx.co.jp/markets/statistics-equities/misc/tvdivq0000001vg2-att/data_j.xls,2026-07-10T23:26:35.886407+00:00
2134.T,2134,北浜キャピタルパートナーズ,スタンダード（内国株式）,9050,サービス業,0010,情報通信・サービスその他,-,-,20260630,https://www.jpx.co.jp/markets/statistics-equities/misc/tvdivq0000001vg2-att/data_j.xls,2026-07-10T23:26:35.886407+00:00
2136.T,2136,ヒップ,スタンダード（内国株式）,9050,サービス業,0010,情報通信・サービスその他,-,-,20260630,https://www.jpx.co.jp/markets/statistics-equities/misc/tvdivq0000001vg2-att/data_j.xls,2026-07-10T23:26:35.886407+00:00
2138.T,2138,クルーズ,スタンダード（内国株式）,5250,情報・通信業,0010,情報通信・サービスその他,-,-,20260630,https://www.jpx.co.jp/markets/statistics-equities/misc/tvdivq0000001vg2-att/data_j.xls,2026-07-10T23:26:35.886407+00:00
2139.T,2139,中広,スタンダード（内国株式）,9050,サービス業,0010,情報通信・サービスその他,-,-,20260630,https://www.jpx.co.jp/markets/statistics-equities/misc/tvdivq0000001vg2-att/data_j.xls,2026-07-10T23:26:35.886407+00:00
2146.T,2146,ＵＴグループ,プライム（内国株式）,9050,サービス業,0010,情報通信・サービスその他,0006,TOPIX Small 1,20260630,https://www.jpx.co.jp/markets/statistics-equities/misc/tvdivq0000001vg2-att/data_j.xls,2026-07-10T23:26:35.886407+00:00
2148.T,2148,アイティメディア,プライム（内国株式）,9050,サービス業,0010,情報通信・サービスその他,0007,TOPIX Small 2,20260630,https://www.jpx.co.jp/markets/statistics-equities/misc/tvdivq0000001vg2-att/data_j.xls,2026-07-10T23:26:35.886407+00:00
2152.T,2152,幼児活動研究会,スタンダード（内国株式）,9050,サービス業,0010,情報通信・サービスその他,-,-,20260630,https://www.jpx.co.jp/markets/statistics-equities/misc/tvdivq0000001vg2-att/data_j.xls,2026-07-10T23:26:35.886407+00:00
2153.T,2153,Ｅ・Ｊホールディングス,プライム（内国株式）,9050,サービス業,0010,情報通信・サービスその他,0007,TOPIX Small 2,20260630,https://www.jpx.co.jp/markets/statistics-equities/misc/tvdivq0000001vg2-att/data_j.xls,2026-07-10T23:26:35.886407+00:00
2154.T,2154,オープンアップグループ,プライム（内国株式）,9050,サービス業,0010,情報通信・サービスその他,0006,TOPIX Small 1,20260630,https://www.jpx.co.jp/markets/statistics-equities/misc/tvdivq0000001vg2-att/data_j.xls,2026-07-10T23:26:35.886407+00:00
2156.T,2156,セーラー広告,スタンダード（内国株式）,9050,サービス業,0010,情報通信・サービスその他,-,-,20260630,https://www.jpx.co.jp/markets/statistics-equities/misc/tvdivq0000001vg2-att/data_j.xls,2026-07-10T23:26:35.886407+00:00
2157.T,2157,コシダカホールディングス,プライム（内国株式）,9050,サービス業,0010,情報通信・サービスその他,0006,TOPIX Small 1,20260630,https://www.jpx.co.jp/markets/statistics-equities/misc/tvdivq0000001vg2-att/data_j.xls,2026-07-10T23:26:35.886407+00:00
2158.T,2158,ＦＲＯＮＴＥＯ,グロース（内国株式）,9050,サービス業,0010,情報通信・サービスその他,-,-,20260630,https://www.jpx.co.jp/markets/statistics-equities/misc/tvdivq0000001vg2-att/data_j.xls,2026-07-10T23:26:35.886407+00:00
2160.T,2160,ジーエヌアイグループ,グロース（内国株式）,3250,医薬品,0005,医薬品,-,-,20260630,https://www.jpx.co.jp/markets/statistics-equities/misc/tvdivq0000001vg2-att/data_j.xls,2026-07-10T23:26:35.886407+00:00
2162.T,2162,ｎｍｓ　ホールディングス,スタンダード（内国株式）,9050,サービス業,0010,情報通信・サービスその他,-,-,20260630,https://www.jpx.co.jp/markets/statistics-equities/misc/tvdivq0000001vg2-att/data_j.xls,2026-07-10T23:26:35.886407+00:00
2163.T,2163,アルトナー,プライム（内国株式）,9050,サービス業,0010,情報通信・サービスその他,-,-,20260630,https://www.jpx.co.jp/markets/statistics-equities/misc/tvdivq0000001vg2-att/data_j.xls,2026-07-10T23:26:35.886407+00:00
2164.T,2164,地域新聞社,スタンダード（内国株式）,9050,サービス業,0010,情報通信・サービスその他,-,-,20260630,https://www.jpx.co.jp/markets/statistics-equities/misc/tvdivq0000001vg2-att/data_j.xls,2026-07-10T23:26:35.886407+00:00
2168.T,2168,パソナグループ,プライム（内国株式）,9050,サービス業,0010,情報通信・サービスその他,0006,TOPIX Small 1,20260630,https://www.jpx.co.jp/markets/statistics-equities/misc/tvdivq0000001vg2-att/data_j.xls,2026-07-10T23:26:35.886407+00:00
2169.T,2169,ＣＤＳ,スタンダード（内国株式）,9050,サービス業,0010,情報通信・サービスその他,-,-,20260630,https://www.jpx.co.jp/markets/statistics-equities/misc/tvdivq0000001vg2-att/data_j.xls,2026-07-10T23:26:35.886407+00:00
2170.T,2170,リンクアンドモチベーション,プライム（内国株式）,9050,サービス業,0010,情報通信・サービスその他,0007,TOPIX Small 2,20260630,https://www.jpx.co.jp/markets/statistics-equities/misc/tvdivq0000001vg2-att/data_j.xls,2026-07-10T23:26:35.886407+00:00
2173.T,2173,博展,グロース（内国株式）,9050,サービス業,0010,情報通信・サービスその他,-,-,20260630,https://www.jpx.co.jp/markets/statistics-equities/misc/tvdivq0000001vg2-att/data_j.xls,2026-07-10T23:26:35.886407+00:00
2175.T,2175,エス・エム・エス,プライム（内国株式）,9050,サービス業,0010,情報通信・サービスその他,0006,TOPIX Small 1,20260630,https://www.jpx.co.jp/markets/statistics-equities/misc/tvdivq0000001vg2-att/data_j.xls,2026-07-10T23:26:35.886407+00:00
2179.T,2179,成学社,スタンダード（内国株式）,9050,サービス業,0010,情報通信・サービスその他,-,-,20260630,https://www.jpx.co.jp/markets/statistics-equities/misc/tvdivq0000001vg2-att/data_j.xls,2026-07-10T23:26:35.886407+00:00
2180.T,2180,サニーサイドアップグループ,スタンダード（内国株式）,9050,サービス業,0010,情報通信・サービスその他,-,-,20260630,https://www.jpx.co.jp/markets/statistics-equities/misc/tvdivq0000001vg2-att/data_j.xls,2026-07-10T23:26:35.886407+00:00
2181.T,2181,パーソルホールディングス,プライム（内国株式）,9050,サービス業,0010,情報通信・サービスその他,0004,TOPIX Mid400,20260630,https://www.jpx.co.jp/markets/statistics-equities/misc/tvdivq0000001vg2-att/data_j.xls,2026-07-10T23:26:35.886407+00:00
2183.T,2183,リニカル,スタンダード（内国株式）,9050,サービス業,0010,情報通信・サービスその他,-,-,20260630,https://www.jpx.co.jp/markets/statistics-equities/misc/tvdivq0000001vg2-att/data_j.xls,2026-07-10T23:26:35.886407+00:00
2185.T,2185,シイエム・シイ,スタンダード（内国株式）,9050,サービス業,0010,情報通信・サービスその他,-,-,20260630,https://www.jpx.co.jp/markets/statistics-equities/misc/tvdivq0000001vg2-att/data_j.xls,2026-07-10T23:26:35.886407+00:00
2186.T,2186,ソーバル,スタンダード（内国株式）,9050,サービス業,0010,情報通信・サービスその他,-,-,20260630,https://www.jpx.co.jp/markets/statistics-equities/misc/tvdivq0000001vg2-att/data_j.xls,2026-07-10T23:26:35.886407+00:00
2193.T,2193,クックパッド,スタンダード（内国株式）,9050,サービス業,0010,情報通信・サービスその他,0007,TOPIX Small 2,20260630,https://www.jpx.co.jp/markets/statistics-equities/misc/tvdivq0000001vg2-att/data_j.xls,2026-07-10T23:26:35.886407+00:00
2195.T,2195,アミタホールディングス,グロース（内国株式）,9050,サービス業,0010,情報通信・サービスその他,-,-,20260630,https://www.jpx.co.jp/markets/statistics-equities/misc/tvdivq0000001vg2-att/data_j.xls,2026-07-10T23:26:35.886407+00:00
2198.T,2198,アイ・ケイ・ケイホールディングス,プライム（内国株式）,9050,サービス業,0010,情報通信・サービスその他,-,-,20260630,https://www.jpx.co.jp/markets/statistics-equities/misc/tvdivq0000001vg2-att/data_j.xls,2026-07-10T23:26:35.886407+00:00
2201.T,2201,森永製菓,プライム（内国株式）,3050,食料品,0001,食品,0004,TOPIX Mid400,20260630,https://www.jpx.co.jp/markets/statistics-equities/misc/tvdivq0000001vg2-att/data_j.xls,2026-07-10T23:26:35.886407+00:00
2204.T,2204,中村屋,スタンダード（内国株式）,3050,食料品,0001,食品,0007,TOPIX Small 2,20260630,https://www.jpx.co.jp/markets/statistics-equities/misc/tvdivq0000001vg2-att/data_j.xls,2026-07-10T23:26:35.886407+00:00
2206.T,2206,江崎グリコ,プライム（内国株式）,3050,食料品,0001,食品,0004,TOPIX Mid400,20260630,https://www.jpx.co.jp/markets/statistics-equities/misc/tvdivq0000001vg2-att/data_j.xls,2026-07-10T23:26:35.886407+00:00
2207.T,2207,ｍｅｉｔｏ,プライム（内国株式）,3050,食料品,0001,食品,0007,TOPIX Small 2,20260630,https://www.jpx.co.jp/markets/statistics-equities/misc/tvdivq0000001vg2-att/data_j.xls,2026-07-10T23:26:35.886407+00:00
2208.T,2208,ブルボン,スタンダード（内国株式）,3050,食料品,0001,食品,-,-,20260630,https://www.jpx.co.jp/markets/statistics-equities/misc/tvdivq0000001vg2-att/data_j.xls,2026-07-10T23:26:35.886407+00:00
2209.T,2209,井村屋グループ,プライム（内国株式）,3050,食料品,0001,食品,0007,TOPIX Small 2,20260630,https://www.jpx.co.jp/markets/statistics-equities/misc/tvdivq0000001vg2-att/data_j.xls,2026-07-10T23:26:35.886407+00:00
2211.T,2211,不二家,プライム（内国株式）,3050,食料品,0001,食品,0007,TOPIX Small 2,20260630,https://www.jpx.co.jp/markets/statistics-equities/misc/tvdivq0000001vg2-att/data_j.xls,2026-07-10T23:26:35.886407+00:00
2212.T,2212,山崎製パン,プライム（内国株式）,3050,食料品,0001,食品,0004,TOPIX Mid400,20260630,https://www.jpx.co.jp/markets/statistics-equities/misc/tvdivq0000001vg2-att/data_j.xls,2026-07-10T23:26:35.886407+00:00
2215.T,2215,第一屋製パン,スタンダード（内国株式）,3050,食料品,0001,食品,-,-,20260630,https://www.jpx.co.jp/markets/statistics-equities/misc/tvdivq0000001vg2-att/data_j.xls,2026-07-10T23:26:35.886407+00:00
2216.T,2216,カンロ,スタンダード（内国株式）,3050,食料品,0001,食品,-,-,20260630,https://www.jpx.co.jp/markets/statistics-equities/misc/tvdivq0000001vg2-att/data_j.xls,2026-07-10T23:26:35.886407+00:00
2217.T,2217,モロゾフ,プライム（内国株式）,3050,食料品,0001,食品,0007,TOPIX Small 2,20260630,https://www.jpx.co.jp/markets/statistics-equities/misc/tvdivq0000001vg2-att/data_j.xls,2026-07-10T23:26:35.886407+00:00
2220.T,2220,亀田製菓,プライム（内国株式）,3050,食料品,0001,食品,0006,TOPIX Small 1,20260630,https://www.jpx.co.jp/markets/statistics-equities/misc/tvdivq0000001vg2-att/data_j.xls,2026-07-10T23:26:35.886407+00:00
2221.T,2221,岩塚製菓,スタンダード（内国株式）,3050,食料品,0001,食品,-,-,20260630,https://www.jpx.co.jp/markets/statistics-equities/misc/tvdivq0000001vg2-att/data_j.xls,2026-07-10T23:26:35.886407+00:00
2222.T,2222,寿スピリッツ,プライム（内国株式）,3050,食料品,0001,食品,0004,TOPIX Mid400,20260630,https://www.jpx.co.jp/markets/statistics-equities/misc/tvdivq0000001vg2-att/data_j.xls,2026-07-10T23:26:35.886407+00:00
2224.T,2224,コモ,スタンダード（内国株式）,3050,食料品,0001,食品,-,-,20260630,https://www.jpx.co.jp/markets/statistics-equities/misc/tvdivq0000001vg2-att/data_j.xls,2026-07-10T23:26:35.886407+00:00
2226.T,2226,湖池屋,スタンダード（内国株式）,3050,食料品,0001,食品,-,-,20260630,https://www.jpx.co.jp/markets/statistics-equities/misc/tvdivq0000001vg2-att/data_j.xls,2026-07-10T23:26:35.886407+00:00
2229.T,2229,カルビー,プライム（内国株式）,3050,食料品,0001,食品,0004,TOPIX Mid400,20260630,https://www.jpx.co.jp/markets/statistics-equities/misc/tvdivq0000001vg2-att/data_j.xls,2026-07-10T23:26:35.886407+00:00
2235.T,2235,上場インデックスファンド米国株式（ダウ平均）為替ヘッジなし,ETF・ETN,-,-,-,-,-,-,20260630,https://www.jpx.co.jp/markets/statistics-equities/misc/tvdivq0000001vg2-att/data_j.xls,2026-07-10T23:26:35.886407+00:00
2236.T,2236,グローバルＸ　Ｓ＆Ｐ５００配当貴族ＥＴＦ,ETF・ETN,-,-,-,-,-,-,20260630,https://www.jpx.co.jp/markets/statistics-equities/misc/tvdivq0000001vg2-att/data_j.xls,2026-07-10T23:26:35.886407+00:00
2237.T,2237,ｉＦｒｅｅＥＴＦ　Ｓ＆Ｐ５００レバレッジ,ETF・ETN,-,-,-,-,-,-,20260630,https://www.jpx.co.jp/markets/statistics-equities/misc/tvdivq0000001vg2-att/data_j.xls,2026-07-10T23:26:35.886407+00:00
2238.T,2238,ｉＦｒｅｅＥＴＦ　Ｓ＆Ｐ５００インバース,ETF・ETN,-,-,-,-,-,-,20260630,https://www.jpx.co.jp/markets/statistics-equities/misc/tvdivq0000001vg2-att/data_j.xls,2026-07-10T23:26:35.886407+00:00
2239.T,2239,上場インデックスファンドＳ＆Ｐ５００先物レバレッジ２倍,ETF・ETN,-,-,-,-,-,-,20260630,https://www.jpx.co.jp/markets/statistics-equities/misc/tvdivq0000001vg2-att/data_j.xls,2026-07-10T23:26:35.886407+00:00
2240.T,2240,上場インデックスファンドＳ＆Ｐ５００先物インバース,ETF・ETN,-,-,-,-,-,-,20260630,https://www.jpx.co.jp/markets/statistics-equities/misc/tvdivq0000001vg2-att/data_j.xls,2026-07-10T23:26:35.886407+00:00
2241.T,2241,ＭＡＸＩＳ　ＮＹダウ上場投信,ETF・ETN,-,-,-,-,-,-,20260630,https://www.jpx.co.jp/markets/statistics-equities/misc/tvdivq0000001vg2-att/data_j.xls,2026-07-10T23:26:35.886407+00:00
2242.T,2242,ＭＡＸＩＳ　ＮＹダウ上場投信（為替ヘッジあり）,ETF・ETN,-,-,-,-,-,-,20260630,https://www.jpx.co.jp/markets/statistics-equities/misc/tvdivq0000001vg2-att/data_j.xls,2026-07-10T23:26:35.886407+00:00
2243.T,2243,グローバルＸ　半導体　ＥＴＦ,ETF・ETN,-,-,-,-,-,-,20260630,https://www.jpx.co.jp/markets/statistics-equities/misc/tvdivq0000001vg2-att/data_j.xls,2026-07-10T23:26:35.886407+00:00
2244.T,2244,グローバルＸ　ＵＳ　テック・トップ２０　ＥＴＦ,ETF・ETN,-,-,-,-,-,-,20260630,https://www.jpx.co.jp/markets/statistics-equities/misc/tvdivq0000001vg2-att/data_j.xls,2026-07-10T23:26:35.886407+00:00
2245.T,2245,ＮＥＸＴ　ＦＵＮＤＳ　ブルームバーグ・ドイツ国債（７－１０年）インデックス（為替ヘッジあり）連動型上場投信,ETF・ETN,-,-,-,-,-,-,20260630,https://www.jpx.co.jp/markets/statistics-equities/misc/tvdivq0000001vg2-att/data_j.xls,2026-07-10T23:26:35.886407+00:00
2247.T,2247,ｉＦｒｅｅＥＴＦ　Ｓ＆Ｐ５００（為替ヘッジなし）,ETF・ETN,-,-,-,-,-,-,20260630,https://www.jpx.co.jp/markets/statistics-equities/misc/tvdivq0000001vg2-att/data_j.xls,2026-07-10T23:26:35.886407+00:00
2248.T,2248,ｉＦｒｅｅＥＴＦ　Ｓ＆Ｐ５００（為替ヘッジあり）,ETF・ETN,-,-,-,-,-,-,20260630,https://www.jpx.co.jp/markets/statistics-equities/misc/tvdivq0000001vg2-att/data_j.xls,2026-07-10T23:26:35.886407+00:00
2249.T,2249,ｉＦｒｅｅＥＴＦ　Ｓ＆Ｐ５００ダブルインバース,ETF・ETN,-,-,-,-,-,-,20260630,https://www.jpx.co.jp/markets/statistics-equities/misc/tvdivq0000001vg2-att/data_j.xls,2026-07-10T23:26:35.886407+00:00
2250.T,2250,ｉシェアーズ　ＭＳＣＩ　ジャパン気候変動アクション　ＥＴＦ,ETF・ETN,-,-,-,-,-,-,20260630,https://www.jpx.co.jp/markets/statistics-equities/misc/tvdivq0000001vg2-att/data_j.xls,2026-07-10T23:26:35.886407+00:00
2251.T,2251,ＮＥＸＴ　ＦＵＮＤＳ　ＪＰＸ国債先物ダブルインバース指数連動型上場投信,ETF・ETN,-,-,-,-,-,-,20260630,https://www.jpx.co.jp/markets/statistics-equities/misc/tvdivq0000001vg2-att/data_j.xls,2026-07-10T23:26:35.886407+00:00
2252.T,2252,グローバルＸ　Ｍｏｒｎｉｎｇｓｔａｒ　米国中小型　Ｍｏａｔ　ＥＴＦ,ETF・ETN,-,-,-,-,-,-,20260630,https://www.jpx.co.jp/markets/statistics-equities/misc/tvdivq0000001vg2-att/data_j.xls,2026-07-10T23:26:35.886407+00:00
2253.T,2253,グローバルＸ　スーパーディビィデンド－ＵＳ　ＥＴＦ,ETF・ETN,-,-,-,-,-,-,20260630,https://www.jpx.co.jp/markets/statistics-equities/misc/tvdivq0000001vg2-att/data_j.xls,2026-07-10T23:26:35.886407+00:00
2254.T,2254,グローバルＸ　チャイナＥＶ＆バッテリー　ＥＴＦ,ETF・ETN,-,-,-,-,-,-,20260630,https://www.jpx.co.jp/markets/statistics-equities/misc/tvdivq0000001vg2-att/data_j.xls,2026-07-10T23:26:35.886407+00:00
2255.T,2255,ｉシェアーズ　米国債２０年超　ＥＴＦ,ETF・ETN,-,-,-,-,-,-,20260630,https://www.jpx.co.jp/markets/statistics-equities/misc/tvdivq0000001vg2-att/data_j.xls,2026-07-10T23:26:35.886407+00:00
2256.T,2256,ｉシェアーズ　米国総合債券　ＥＴＦ,ETF・ETN,-,-,-,-,-,-,20260630,https://www.jpx.co.jp/markets/statistics-equities/misc/tvdivq0000001vg2-att/data_j.xls,2026-07-10T23:26:35.886407+00:00
2257.T,2257,ｉシェアーズ　米ドル建て投資適格社債　ＥＴＦ,ETF・ETN,-,-,-,-,-,-,20260630,https://www.jpx.co.jp/markets/statistics-equities/misc/tvdivq0000001vg2-att/data_j.xls,2026-07-10T23:26:35.886407+00:00
2258.T,2258,ｉシェアーズ　米ドル建てハイイールド社債　ＥＴＦ,ETF・ETN,-,-,-,-,-,-,20260630,https://www.jpx.co.jp/markets/statistics-equities/misc/tvdivq0000001vg2-att/data_j.xls,2026-07-10T23:26:35.886407+00:00
2259.T,2259,ｉシェアーズ　フランス国債７－１０年　ＥＴＦ（為替ヘッジあり）,ETF・ETN,-,-,-,-,-,-,20260630,https://www.jpx.co.jp/markets/statistics-equities/misc/tvdivq0000001vg2-att/data_j.xls,2026-07-10T23:26:35.886407+00:00
2264.T,2264,森永乳業,プライム（内国株式）,3050,食料品,0001,食品,0004,TOPIX Mid400,20260630,https://www.jpx.co.jp/markets/statistics-equities/misc/tvdivq0000001vg2-att/data_j.xls,2026-07-10T23:26:35.886407+00:00
2266.T,2266,六甲バター,プライム（内国株式）,3050,食料品,0001,食品,0007,TOPIX Small 2,20260630,https://www.jpx.co.jp/markets/statistics-equities/misc/tvdivq0000001vg2-att/data_j.xls,2026-07-10T23:26:35.886407+00:00
2267.T,2267,ヤクルト本社,プライム（内国株式）,3050,食料品,0001,食品,0004,TOPIX Mid400,20260630,https://www.jpx.co.jp/markets/statistics-equities/misc/tvdivq0000001vg2-att/data_j.xls,2026-07-10T23:26:35.886407+00:00
2268.T,2268,Ｂ－Ｒ　サーティワン　アイスクリーム,スタンダード（内国株式）,3050,食料品,0001,食品,-,-,20260630,https://www.jpx.co.jp/markets/statistics-equities/misc/tvdivq0000001vg2-att/data_j.xls,2026-07-10T23:26:35.886407+00:00
2269.T,2269,明治ホールディングス,プライム（内国株式）,3050,食料品,0001,食品,0004,TOPIX Mid400,20260630,https://www.jpx.co.jp/markets/statistics-equities/misc/tvdivq0000001vg2-att/data_j.xls,2026-07-10T23:26:35.886407+00:00
2270.T,2270,雪印メグミルク,プライム（内国株式）,3050,食料品,0001,食品,0006,TOPIX Small 1,20260630,https://www.jpx.co.jp/markets/statistics-equities/misc/tvdivq0000001vg2-att/data_j.xls,2026-07-10T23:26:35.886407+00:00
2281.T,2281,プリマハム,プライム（内国株式）,3050,食料品,0001,食品,0006,TOPIX Small 1,20260630,https://www.jpx.co.jp/markets/statistics-equities/misc/tvdivq0000001vg2-att/data_j.xls,2026-07-10T23:26:35.886407+00:00
2282.T,2282,日本ハム,プライム（内国株式）,3050,食料品,0001,食品,0004,TOPIX Mid400,20260630,https://www.jpx.co.jp/markets/statistics-equities/misc/tvdivq0000001vg2-att/data_j.xls,2026-07-10T23:26:35.886407+00:00
2286.T,2286,林兼産業,スタンダード（内国株式）,3050,食料品,0001,食品,-,-,20260630,https://www.jpx.co.jp/markets/statistics-equities/misc/tvdivq0000001vg2-att/data_j.xls,2026-07-10T23:26:35.886407+00:00
2288.T,2288,丸大食品,プライム（内国株式）,3050,食料品,0001,食品,0007,TOPIX Small 2,20260630,https://www.jpx.co.jp/markets/statistics-equities/misc/tvdivq0000001vg2-att/data_j.xls,2026-07-10T23:26:35.886407+00:00
2291.T,2291,福留ハム,スタンダード（内国株式）,3050,食料品,0001,食品,-,-,20260630,https://www.jpx.co.jp/markets/statistics-equities/misc/tvdivq0000001vg2-att/data_j.xls,2026-07-10T23:26:35.886407+00:00
2292.T,2292,Ｓ　Ｆｏｏｄｓ,プライム（内国株式）,3050,食料品,0001,食品,0006,TOPIX Small 1,20260630,https://www.jpx.co.jp/markets/statistics-equities/misc/tvdivq0000001vg2-att/data_j.xls,2026-07-10T23:26:35.886407+00:00
2293.T,2293,滝沢ハム,スタンダード（内国株式）,3050,食料品,0001,食品,-,-,20260630,https://www.jpx.co.jp/markets/statistics-equities/misc/tvdivq0000001vg2-att/data_j.xls,2026-07-10T23:26:35.886407+00:00
2294.T,2294,柿安本店,プライム（内国株式）,3050,食料品,0001,食品,0007,TOPIX Small 2,20260630,https://www.jpx.co.jp/markets/statistics-equities/misc/tvdivq0000001vg2-att/data_j.xls,2026-07-10T23:26:35.886407+00:00
2296.T,2296,伊藤ハム米久ホールディングス,プライム（内国株式）,3050,食料品,0001,食品,0006,TOPIX Small 1,20260630,https://www.jpx.co.jp/markets/statistics-equities/misc/tvdivq0000001vg2-att/data_j.xls,2026-07-10T23:26:35.886407+00:00
2300.T,2300,きょくとう,スタンダード（内国株式）,9050,サービス業,0010,情報通信・サービスその他,-,-,20260630,https://www.jpx.co.jp/markets/statistics-equities/misc/tvdivq0000001vg2-att/data_j.xls,2026-07-10T23:26:35.886407+00:00
2301.T,2301,学情,プライム（内国株式）,9050,サービス業,0010,情報通信・サービスその他,0007,TOPIX Small 2,20260630,https://www.jpx.co.jp/markets/statistics-equities/misc/tvdivq0000001vg2-att/data_j.xls,2026-07-10T23:26:35.886407+00:00
2303.T,2303,ドーン,スタンダード（内国株式）,5250,情報・通信業,0010,情報通信・サービスその他,-,-,20260630,https://www.jpx.co.jp/markets/statistics-equities/misc/tvdivq0000001vg2-att/data_j.xls,2026-07-10T23:26:35.886407+00:00
2304.T,2304,ＣＳＳホールディングス,スタンダード（内国株式）,9050,サービス業,0010,情報通信・サービスその他,-,-,20260630,https://www.jpx.co.jp/markets/statistics-equities/misc/tvdivq0000001vg2-att/data_j.xls,2026-07-10T23:26:35.886407+00:00
2305.T,2305,スタジオアリス,スタンダード（内国株式）,9050,サービス業,0010,情報通信・サービスその他,0007,TOPIX Small 2,20260630,https://www.jpx.co.jp/markets/statistics-equities/misc/tvdivq0000001vg2-att/data_j.xls,2026-07-10T23:26:35.886407+00:00
2307.T,2307,クロスキャット,プライム（内国株式）,5250,情報・通信業,0010,情報通信・サービスその他,0007,TOPIX Small 2,20260630,https://www.jpx.co.jp/markets/statistics-equities/misc/tvdivq0000001vg2-att/data_j.xls,2026-07-10T23:26:35.886407+00:00
2311.T,2311,エプコ,スタンダード（内国株式）,9050,サービス業,0010,情報通信・サービスその他,-,-,20260630,https://www.jpx.co.jp/markets/statistics-equities/misc/tvdivq0000001vg2-att/data_j.xls,2026-07-10T23:26:35.886407+00:00
2315.T,2315,ＣＡＩＣＡ　ＤＩＧＩＴＡＬ,スタンダード（内国株式）,5250,情報・通信業,0010,情報通信・サービスその他,-,-,20260630,https://www.jpx.co.jp/markets/statistics-equities/misc/tvdivq0000001vg2-att/data_j.xls,2026-07-10T23:26:35.886407+00:00
2317.T,2317,システナ,プライム（内国株式）,5250,情報・通信業,0010,情報通信・サービスその他,0006,TOPIX Small 1,20260630,https://www.jpx.co.jp/markets/statistics-equities/misc/tvdivq0000001vg2-att/data_j.xls,2026-07-10T23:26:35.886407+00:00
2321.T,2321,ソフトフロントホールディングス,グロース（内国株式）,5250,情報・通信業,0010,情報通信・サービスその他,-,-,20260630,https://www.jpx.co.jp/markets/statistics-equities/misc/tvdivq0000001vg2-att/data_j.xls,2026-07-10T23:26:35.886407+00:00
2323.T,2323,ｆｏｎｆｕｎ,スタンダード（内国株式）,5250,情報・通信業,0010,情報通信・サービスその他,-,-,20260630,https://www.jpx.co.jp/markets/statistics-equities/misc/tvdivq0000001vg2-att/data_j.xls,2026-07-10T23:26:35.886407+00:00
2325.T,2325,ＮＪＳ,プライム（内国株式）,9050,サービス業,0010,情報通信・サービスその他,0007,TOPIX Small 2,20260630,https://www.jpx.co.jp/markets/statistics-equities/misc/tvdivq0000001vg2-att/data_j.xls,2026-07-10T23:26:35.886407+00:00
2326.T,2326,デジタルアーツ,プライム（内国株式）,5250,情報・通信業,0010,情報通信・サービスその他,0006,TOPIX Small 1,20260630,https://www.jpx.co.jp/markets/statistics-equities/misc/tvdivq0000001vg2-att/data_j.xls,2026-07-10T23:26:35.886407+00:00
2327.T,2327,日鉄ソリューションズ,プライム（内国株式）,5250,情報・通信業,0010,情報通信・サービスその他,0004,TOPIX Mid400,20260630,https://www.jpx.co.jp/markets/statistics-equities/misc/tvdivq0000001vg2-att/data_j.xls,2026-07-10T23:26:35.886407+00:00
2329.T,2329,東北新社,スタンダード（内国株式）,5250,情報・通信業,0010,情報通信・サービスその他,-,-,20260630,https://www.jpx.co.jp/markets/statistics-equities/misc/tvdivq0000001vg2-att/data_j.xls,2026-07-10T23:26:35.886407+00:00
2330.T,2330,フォーサイド,スタンダード（内国株式）,5250,情報・通信業,0010,情報通信・サービスその他,-,-,20260630,https://www.jpx.co.jp/markets/statistics-equities/misc/tvdivq0000001vg2-att/data_j.xls,2026-07-10T23:26:35.886407+00:00
2331.T,2331,ＡＬＳＯＫ,プライム（内国株式）,9050,サービス業,0010,情報通信・サービスその他,0004,TOPIX Mid400,20260630,https://www.jpx.co.jp/markets/statistics-equities/misc/tvdivq0000001vg2-att/data_j.xls,2026-07-10T23:26:35.886407+00:00
2332.T,2332,クエスト,スタンダード（内国株式）,5250,情報・通信業,0010,情報通信・サービスその他,-,-,20260630,https://www.jpx.co.jp/markets/statistics-equities/misc/tvdivq0000001vg2-att/data_j.xls,2026-07-10T23:26:35.886407+00:00
2334.T,2334,イオレ,グロース（内国株式）,9050,サービス業,0010,情報通信・サービスその他,-,-,20260630,https://www.jpx.co.jp/markets/statistics-equities/misc/tvdivq0000001vg2-att/data_j.xls,2026-07-10T23:26:35.886407+00:00
2335.T,2335,キューブシステム,プライム（内国株式）,5250,情報・通信業,0010,情報通信・サービスその他,0007,TOPIX Small 2,20260630,https://www.jpx.co.jp/markets/statistics-equities/misc/tvdivq0000001vg2-att/data_j.xls,2026-07-10T23:26:35.886407+00:00
2337.T,2337,いちご,プライム（内国株式）,8050,不動産業,0017,不動産,0006,TOPIX Small 1,20260630,https://www.jpx.co.jp/markets/statistics-equities/misc/tvdivq0000001vg2-att/data_j.xls,2026-07-10T23:26:35.886407+00:00
2338.T,2338,クオンタムソリューションズ,スタンダード（内国株式）,5250,情報・通信業,0010,情報通信・サービスその他,-,-,20260630,https://www.jpx.co.jp/markets/statistics-equities/misc/tvdivq0000001vg2-att/data_j.xls,2026-07-10T23:26:35.886407+00:00
2340.T,2340,極楽湯ホールディングス,スタンダード（内国株式）,9050,サービス業,0010,情報通信・サービスその他,-,-,20260630,https://www.jpx.co.jp/markets/statistics-equities/misc/tvdivq0000001vg2-att/data_j.xls,2026-07-10T23:26:35.886407+00:00
2341.T,2341,アルバイトタイムス,スタンダード（内国株式）,9050,サービス業,0010,情報通信・サービスその他,-,-,20260630,https://www.jpx.co.jp/markets/statistics-equities/misc/tvdivq0000001vg2-att/data_j.xls,2026-07-10T23:26:35.886407+00:00
2342.T,2342,トランスジェニックグループ,スタンダード（内国株式）,9050,サービス業,0010,情報通信・サービスその他,-,-,20260630,https://www.jpx.co.jp/markets/statistics-equities/misc/tvdivq0000001vg2-att/data_j.xls,2026-07-10T23:26:35.886407+00:00
2345.T,2345,ＨＯＤＬ１,スタンダード（内国株式）,5250,情報・通信業,0010,情報通信・サービスその他,-,-,20260630,https://www.jpx.co.jp/markets/statistics-equities/misc/tvdivq0000001vg2-att/data_j.xls,2026-07-10T23:26:35.886407+00:00
2349.T,2349,エヌアイデイ,スタンダード（内国株式）,5250,情報・通信業,0010,情報通信・サービスその他,-,-,20260630,https://www.jpx.co.jp/markets/statistics-equities/misc/tvdivq0000001vg2-att/data_j.xls,2026-07-10T23:26:35.886407+00:00
2351.T,2351,ＡＳＪ,スタンダード（内国株式）,5250,情報・通信業,0010,情報通信・サービスその他,-,-,20260630,https://www.jpx.co.jp/markets/statistics-equities/misc/tvdivq0000001vg2-att/data_j.xls,2026-07-10T23:26:35.886407+00:00
2353.T,2353,日本駐車場開発,プライム（内国株式）,8050,不動産業,0017,不動産,0006,TOPIX Small 1,20260630,https://www.jpx.co.jp/markets/statistics-equities/misc/tvdivq0000001vg2-att/data_j.xls,2026-07-10T23:26:35.886407+00:00
2354.T,2354,ＹＥ　ＤＩＧＩＴＡＬ,スタンダード（内国株式）,5250,情報・通信業,0010,情報通信・サービスその他,-,-,20260630,https://www.jpx.co.jp/markets/statistics-equities/misc/tvdivq0000001vg2-att/data_j.xls,2026-07-10T23:26:35.886407+00:00
2359.T,2359,コア,プライム（内国株式）,5250,情報・通信業,0010,情報通信・サービスその他,0007,TOPIX Small 2,20260630,https://www.jpx.co.jp/markets/statistics-equities/misc/tvdivq0000001vg2-att/data_j.xls,2026-07-10T23:26:35.886407+00:00
2370.T,2370,メディネット,グロース（内国株式）,9050,サービス業,0010,情報通信・サービスその他,-,-,20260630,https://www.jpx.co.jp/markets/statistics-equities/misc/tvdivq0000001vg2-att/data_j.xls,2026-07-10T23:26:35.886407+00:00
2371.T,2371,カカクコム,プライム（内国株式）,9050,サービス業,0010,情報通信・サービスその他,0004,TOPIX Mid400,20260630,https://www.jpx.co.jp/markets/statistics-equities/misc/tvdivq0000001vg2-att/data_j.xls,2026-07-10T23:26:35.886407+00:00
2373.T,2373,ケア２１,スタンダード（内国株式）,9050,サービス業,0010,情報通信・サービスその他,-,-,20260630,https://www.jpx.co.jp/markets/statistics-equities/misc/tvdivq0000001vg2-att/data_j.xls,2026-07-10T23:26:35.886407+00:00
2375.T,2375,ギグワークス,スタンダード（内国株式）,9050,サービス業,0010,情報通信・サービスその他,-,-,20260630,https://www.jpx.co.jp/markets/statistics-equities/misc/tvdivq0000001vg2-att/data_j.xls,2026-07-10T23:26:35.886407+00:00
2376.T,2376,サイネックス,スタンダード（内国株式）,9050,サービス業,0010,情報通信・サービスその他,-,-,20260630,https://www.jpx.co.jp/markets/statistics-equities/misc/tvdivq0000001vg2-att/data_j.xls,2026-07-10T23:26:35.886407+00:00
2378.T,2378,ルネサンス,プライム（内国株式）,9050,サービス業,0010,情報通信・サービスその他,0007,TOPIX Small 2,20260630,https://www.jpx.co.jp/markets/statistics-equities/misc/tvdivq0000001vg2-att/data_j.xls,2026-07-10T23:26:35.886407+00:00
2379.T,2379,ディップ,プライム（内国株式）,9050,サービス業,0010,情報通信・サービスその他,0006,TOPIX Small 1,20260630,https://www.jpx.co.jp/markets/statistics-equities/misc/tvdivq0000001vg2-att/data_j.xls,2026-07-10T23:26:35.886407+00:00
2384.T,2384,ＳＢＳホールディングス,プライム（内国株式）,5050,陸運業,0012,運輸・物流,0006,TOPIX Small 1,20260630,https://www.jpx.co.jp/markets/statistics-equities/misc/tvdivq0000001vg2-att/data_j.xls,2026-07-10T23:26:35.886407+00:00
2385.T,2385,総医研ホールディングス,グロース（内国株式）,9050,サービス業,0010,情報通信・サービスその他,-,-,20260630,https://www.jpx.co.jp/markets/statistics-equities/misc/tvdivq0000001vg2-att/data_j.xls,2026-07-10T23:26:35.886407+00:00
2388.T,2388,ウェッジホールディングス,グロース（内国株式）,7200,その他金融業,0016,金融（除く銀行）,-,-,20260630,https://www.jpx.co.jp/markets/statistics-equities/misc/tvdivq0000001vg2-att/data_j.xls,2026-07-10T23:26:35.886407+00:00
2391.T,2391,プラネット,スタンダード（内国株式）,9050,サービス業,0010,情報通信・サービスその他,-,-,20260630,https://www.jpx.co.jp/markets/statistics-equities/misc/tvdivq0000001vg2-att/data_j.xls,2026-07-10T23:26:35.886407+00:00
2393.T,2393,日本ケアサプライ,スタンダード（内国株式）,9050,サービス業,0010,情報通信・サービスその他,-,-,20260630,https://www.jpx.co.jp/markets/statistics-equities/misc/tvdivq0000001vg2-att/data_j.xls,2026-07-10T23:26:35.886407+00:00
2395.T,2395,新日本科学,プライム（内国株式）,9050,サービス業,0010,情報通信・サービスその他,0007,TOPIX Small 2,20260630,https://www.jpx.co.jp/markets/statistics-equities/misc/tvdivq0000001vg2-att/data_j.xls,2026-07-10T23:26:35.886407+00:00
2404.T,2404,鉄人化ホールディングス,スタンダード（内国株式）,9050,サービス業,0010,情報通信・サービスその他,-,-,20260630,https://www.jpx.co.jp/markets/statistics-equities/misc/tvdivq0000001vg2-att/data_j.xls,2026-07-10T23:26:35.886407+00:00
2408.T,2408,ＫＧ情報,スタンダード（内国株式）,9050,サービス業,0010,情報通信・サービスその他,-,-,20260630,https://www.jpx.co.jp/markets/statistics-equities/misc/tvdivq0000001vg2-att/data_j.xls,2026-07-10T23:26:35.886407+00:00
2410.T,2410,キャリアデザインセンター,プライム（内国株式）,9050,サービス業,0010,情報通信・サービスその他,-,-,20260630,https://www.jpx.co.jp/markets/statistics-equities/misc/tvdivq0000001vg2-att/data_j.xls,2026-07-10T23:26:35.886407+00:00
2411.T,2411,ゲンダイエージェンシー,スタンダード（内国株式）,5250,情報・通信業,0010,情報通信・サービスその他,-,-,20260630,https://www.jpx.co.jp/markets/statistics-equities/misc/tvdivq0000001vg2-att/data_j.xls,2026-07-10T23:26:35.886407+00:00
2413.T,2413,エムスリー,プライム（内国株式）,9050,サービス業,0010,情報通信・サービスその他,0004,TOPIX Mid400,20260630,https://www.jpx.co.jp/markets/statistics-equities/misc/tvdivq0000001vg2-att/data_j.xls,2026-07-10T23:26:35.886407+00:00
2415.T,2415,ヒューマンホールディングス,スタンダード（内国株式）,9050,サービス業,0010,情報通信・サービスその他,-,-,20260630,https://www.jpx.co.jp/markets/statistics-equities/misc/tvdivq0000001vg2-att/data_j.xls,2026-07-10T23:26:35.886407+00:00
2418.T,2418,ツカダ・グローバルホールディング,スタンダード（内国株式）,9050,サービス業,0010,情報通信・サービスその他,-,-,20260630,https://www.jpx.co.jp/markets/statistics-equities/misc/tvdivq0000001vg2-att/data_j.xls,2026-07-10T23:26:35.886407+00:00
2424.T,2424,ブラス,スタンダード（内国株式）,9050,サービス業,0010,情報通信・サービスその他,-,-,20260630,https://www.jpx.co.jp/markets/statistics-equities/misc/tvdivq0000001vg2-att/data_j.xls,2026-07-10T23:26:35.886407+00:00
2425.T,2425,ケアサービス,スタンダード（内国株式）,9050,サービス業,0010,情報通信・サービスその他,-,-,20260630,https://www.jpx.co.jp/markets/statistics-equities/misc/tvdivq0000001vg2-att/data_j.xls,2026-07-10T23:26:35.886407+00:00
2428.T,2428,ウェルネット,スタンダード（内国株式）,9050,サービス業,0010,情報通信・サービスその他,-,-,20260630,https://www.jpx.co.jp/markets/statistics-equities/misc/tvdivq0000001vg2-att/data_j.xls,2026-07-10T23:26:35.886407+00:00
2429.T,2429,ワールドホールディングス,プライム（内国株式）,9050,サービス業,0010,情報通信・サービスその他,0007,TOPIX Small 2,20260630,https://www.jpx.co.jp/markets/statistics-equities/misc/tvdivq0000001vg2-att/data_j.xls,2026-07-10T23:26:35.886407+00:00
2432.T,2432,ディー・エヌ・エー,プライム（内国株式）,5250,情報・通信業,0010,情報通信・サービスその他,0004,TOPIX Mid400,20260630,https://www.jpx.co.jp/markets/statistics-equities/misc/tvdivq0000001vg2-att/data_j.xls,2026-07-10T23:26:35.886407+00:00
2433.T,2433,博報堂ＤＹホールディングス,プライム（内国株式）,9050,サービス業,0010,情報通信・サービスその他,0004,TOPIX Mid400,20260630,https://www.jpx.co.jp/markets/statistics-equities/misc/tvdivq0000001vg2-att/data_j.xls,2026-07-10T23:26:35.886407+00:00
2435.T,2435,シダー,スタンダード（内国株式）,9050,サービス業,0010,情報通信・サービスその他,-,-,20260630,https://www.jpx.co.jp/markets/statistics-equities/misc/tvdivq0000001vg2-att/data_j.xls,2026-07-10T23:26:35.886407+00:00
2436.T,2436,共同ピーアール,スタンダード（内国株式）,9050,サービス業,0010,情報通信・サービスその他,-,-,20260630,https://www.jpx.co.jp/markets/statistics-equities/misc/tvdivq0000001vg2-att/data_j.xls,2026-07-10T23:26:35.886407+00:00
2437.T,2437,Ｓｈｉｎｗａ　Ｗｉｓｅ　Ｈｏｌｄｉｎｇｓ,スタンダード（内国株式）,9050,サービス業,0010,情報通信・サービスその他,-,-,20260630,https://www.jpx.co.jp/markets/statistics-equities/misc/tvdivq0000001vg2-att/data_j.xls,2026-07-10T23:26:35.886407+00:00
2438.T,2438,アスカネット,グロース（内国株式）,9050,サービス業,0010,情報通信・サービスその他,-,-,20260630,https://www.jpx.co.jp/markets/statistics-equities/misc/tvdivq0000001vg2-att/data_j.xls,2026-07-10T23:26:35.886407+00:00
2440.T,2440,ぐるなび,スタンダード（内国株式）,9050,サービス業,0010,情報通信・サービスその他,0007,TOPIX Small 2,20260630,https://www.jpx.co.jp/markets/statistics-equities/misc/tvdivq0000001vg2-att/data_j.xls,2026-07-10T23:26:35.886407+00:00
2445.T,2445,タカミヤ,スタンダード（内国株式）,9050,サービス業,0010,情報通信・サービスその他,0007,TOPIX Small 2,20260630,https://www.jpx.co.jp/markets/statistics-equities/misc/tvdivq0000001vg2-att/data_j.xls,2026-07-10T23:26:35.886407+00:00
2449.T,2449,プラップジャパン,スタンダード（内国株式）,9050,サービス業,0010,情報通信・サービスその他,-,-,20260630,https://www.jpx.co.jp/markets/statistics-equities/misc/tvdivq0000001vg2-att/data_j.xls,2026-07-10T23:26:35.886407+00:00
2452.T,2452,コンピュータマインド,PRO Market,5250,情報・通信業,0010,情報通信・サービスその他,-,-,20260630,https://www.jpx.co.jp/markets/statistics-equities/misc/tvdivq0000001vg2-att/data_j.xls,2026-07-10T23:26:35.886407+00:00
2454.T,2454,オールアバウト,スタンダード（内国株式）,9050,サービス業,0010,情報通信・サービスその他,-,-,20260630,https://www.jpx.co.jp/markets/statistics-equities/misc/tvdivq0000001vg2-att/data_j.xls,2026-07-10T23:26:35.886407+00:00
2459.T,2459,アウンコンサルティング,スタンダード（内国株式）,9050,サービス業,0010,情報通信・サービスその他,-,-,20260630,https://www.jpx.co.jp/markets/statistics-equities/misc/tvdivq0000001vg2-att/data_j.xls,2026-07-10T23:26:35.886407+00:00
2461.T,2461,ファンコミュニケーションズ,プライム（内国株式）,9050,サービス業,0010,情報通信・サービスその他,0007,TOPIX Small 2,20260630,https://www.jpx.co.jp/markets/statistics-equities/misc/tvdivq0000001vg2-att/data_j.xls,2026-07-10T23:26:35.886407+00:00
2462.T,2462,ライク,プライム（内国株式）,9050,サービス業,0010,情報通信・サービスその他,0007,TOPIX Small 2,20260630,https://www.jpx.co.jp/markets/statistics-equities/misc/tvdivq0000001vg2-att/data_j.xls,2026-07-10T23:26:35.886407+00:00
2464.T,2464,Ａｏｂａ‐ＢＢＴ,スタンダード（内国株式）,9050,サービス業,0010,情報通信・サービスその他,-,-,20260630,https://www.jpx.co.jp/markets/statistics-equities/misc/tvdivq0000001vg2-att/data_j.xls,2026-07-10T23:26:35.886407+00:00
2469.T,2469,ヒビノ,スタンダード（内国株式）,9050,サービス業,0010,情報通信・サービスその他,-,-,20260630,https://www.jpx.co.jp/markets/statistics-equities/misc/tvdivq0000001vg2-att/data_j.xls,2026-07-10T23:26:35.886407+00:00
2471.T,2471,エスプール,プライム（内国株式）,9050,サービス業,0010,情報通信・サービスその他,0007,TOPIX Small 2,20260630,https://www.jpx.co.jp/markets/statistics-equities/misc/tvdivq0000001vg2-att/data_j.xls,2026-07-10T23:26:35.886407+00:00
2475.T,2475,ＷＤＢホールディングス,プライム（内国株式）,9050,サービス業,0010,情報通信・サービスその他,0007,TOPIX Small 2,20260630,https://www.jpx.co.jp/markets/statistics-equities/misc/tvdivq0000001vg2-att/data_j.xls,2026-07-10T23:26:35.886407+00:00
2477.T,2477,手間いらず,スタンダード（内国株式）,5250,情報・通信業,0010,情報通信・サービスその他,0007,TOPIX Small 2,20260630,https://www.jpx.co.jp/markets/statistics-equities/misc/tvdivq0000001vg2-att/data_j.xls,2026-07-10T23:26:35.886407+00:00
2479.T,2479,ジェイテック,スタンダード（内国株式）,9050,サービス業,0010,情報通信・サービスその他,-,-,20260630,https://www.jpx.co.jp/markets/statistics-equities/misc/tvdivq0000001vg2-att/data_j.xls,2026-07-10T23:26:35.886407+00:00
2480.T,2480,システム・ロケーション,スタンダード（内国株式）,5250,情報・通信業,0010,情報通信・サービスその他,-,-,20260630,https://www.jpx.co.jp/markets/statistics-equities/misc/tvdivq0000001vg2-att/data_j.xls,2026-07-10T23:26:35.886407+00:00
2481.T,2481,タウンニュース社,スタンダード（内国株式）,9050,サービス業,0010,情報通信・サービスその他,-,-,20260630,https://www.jpx.co.jp/markets/statistics-equities/misc/tvdivq0000001vg2-att/data_j.xls,2026-07-10T23:26:35.886407+00:00
2483.T,2483,翻訳センター,スタンダード（内国株式）,9050,サービス業,0010,情報通信・サービスその他,-,-,20260630,https://www.jpx.co.jp/markets/statistics-equities/misc/tvdivq0000001vg2-att/data_j.xls,2026-07-10T23:26:35.886407+00:00
2484.T,2484,出前館,スタンダード（内国株式）,5250,情報・通信業,0010,情報通信・サービスその他,-,-,20260630,https://www.jpx.co.jp/markets/statistics-equities/misc/tvdivq0000001vg2-att/data_j.xls,2026-07-10T23:26:35.886407+00:00
2485.T,2485,ティア,スタンダード（内国株式）,9050,サービス業,0010,情報通信・サービスその他,-,-,20260630,https://www.jpx.co.jp/markets/statistics-equities/misc/tvdivq0000001vg2-att/data_j.xls,2026-07-10T23:26:35.886407+00:00
2488.T,2488,ＪＴＰ,スタンダード（内国株式）,9050,サービス業,0010,情報通信・サービスその他,-,-,20260630,https://www.jpx.co.jp/markets/statistics-equities/misc/tvdivq0000001vg2-att/data_j.xls,2026-07-10T23:26:35.886407+00:00
2489.T,2489,アドウェイズ,スタンダード（内国株式）,9050,サービス業,0010,情報通信・サービスその他,0007,TOPIX Small 2,20260630,https://www.jpx.co.jp/markets/statistics-equities/misc/tvdivq0000001vg2-att/data_j.xls,2026-07-10T23:26:35.886407+00:00
2491.T,2491,バリューコマース,プライム（内国株式）,9050,サービス業,0010,情報通信・サービスその他,0007,TOPIX Small 2,20260630,https://www.jpx.co.jp/markets/statistics-equities/misc/tvdivq0000001vg2-att/data_j.xls,2026-07-10T23:26:35.886407+00:00
2492.T,2492,インフォマート,プライム（内国株式）,9050,サービス業,0010,情報通信・サービスその他,0006,TOPIX Small 1,20260630,https://www.jpx.co.jp/markets/statistics-equities/misc/tvdivq0000001vg2-att/data_j.xls,2026-07-10T23:26:35.886407+00:00
2493.T,2493,イーサポートリンク,スタンダード（内国株式）,9050,サービス業,0010,情報通信・サービスその他,-,-,20260630,https://www.jpx.co.jp/markets/statistics-equities/misc/tvdivq0000001vg2-att/data_j.xls,2026-07-10T23:26:35.886407+00:00
2497.T,2497,ユナイテッド,グロース（内国株式）,9050,サービス業,0010,情報通信・サービスその他,-,-,20260630,https://www.jpx.co.jp/markets/statistics-equities/misc/tvdivq0000001vg2-att/data_j.xls,2026-07-10T23:26:35.886407+00:00
2498.T,2498,オリエンタルコンサルタンツホールディングス,スタンダード（内国株式）,9050,サービス業,0010,情報通信・サービスその他,-,-,20260630,https://www.jpx.co.jp/markets/statistics-equities/misc/tvdivq0000001vg2-att/data_j.xls,2026-07-10T23:26:35.886407+00:00
2499.T,2499,日本和装ホールディングス,スタンダード（内国株式）,9050,サービス業,0010,情報通信・サービスその他,-,-,20260630,https://www.jpx.co.jp/markets/statistics-equities/misc/tvdivq0000001vg2-att/data_j.xls,2026-07-10T23:26:35.886407+00:00
2501.T,2501,サッポロホールディングス,プライム（内国株式）,3050,食料品,0001,食品,0004,TOPIX Mid400,20260630,https://www.jpx.co.jp/markets/statistics-equities/misc/tvdivq0000001vg2-att/data_j.xls,2026-07-10T23:26:35.886407+00:00
2502.T,2502,アサヒグループホールディングス,プライム（内国株式）,3050,食料品,0001,食品,0002,TOPIX Large70,20260630,https://www.jpx.co.jp/markets/statistics-equities/misc/tvdivq0000001vg2-att/data_j.xls,2026-07-10T23:26:35.886407+00:00
2503.T,2503,キリンホールディングス,プライム（内国株式）,3050,食料品,0001,食品,0002,TOPIX Large70,20260630,https://www.jpx.co.jp/markets/statistics-equities/misc/tvdivq0000001vg2-att/data_j.xls,2026-07-10T23:26:35.886407+00:00
2510.T,2510,ＮＥＸＴ　ＦＵＮＤＳ　国内債券・ＮＯＭＵＲＡ－ＢＰＩ総合連動型上場投信,ETF・ETN,-,-,-,-,-,-,20260630,https://www.jpx.co.jp/markets/statistics-equities/misc/tvdivq0000001vg2-att/data_j.xls,2026-07-10T23:26:35.886407+00:00
2511.T,2511,ＮＥＸＴ　ＦＵＮＤＳ　外国債券・ＦＴＳＥ世界国債インデックス（除く日本・為替ヘッジなし）連動型上場投信,ETF・ETN,-,-,-,-,-,-,20260630,https://www.jpx.co.jp/markets/statistics-equities/misc/tvdivq0000001vg2-att/data_j.xls,2026-07-10T23:26:35.886407+00:00
2512.T,2512,ＮＥＸＴ　ＦＵＮＤＳ　外国債券・ＦＴＳＥ世界国債インデックス（除く日本・為替ヘッジあり）連動型上場投信,ETF・ETN,-,-,-,-,-,-,20260630,https://www.jpx.co.jp/markets/statistics-equities/misc/tvdivq0000001vg2-att/data_j.xls,2026-07-10T23:26:35.886407+00:00
2513.T,2513,ＮＥＸＴ　ＦＵＮＤＳ　外国株式・ＭＳＣＩ－ＫＯＫＵＳＡＩ指数（為替ヘッジなし）連動型上場投信,ETF・ETN,-,-,-,-,-,-,20260630,https://www.jpx.co.jp/markets/statistics-equities/misc/tvdivq0000001vg2-att/data_j.xls,2026-07-10T23:26:35.886407+00:00
2514.T,2514,ＮＥＸＴ　ＦＵＮＤＳ　外国株式・ＭＳＣＩ－ＫＯＫＵＳＡＩ指数（為替ヘッジあり）連動型上場投信,ETF・ETN,-,-,-,-,-,-,20260630,https://www.jpx.co.jp/markets/statistics-equities/misc/tvdivq0000001vg2-att/data_j.xls,2026-07-10T23:26:35.886407+00:00
2515.T,2515,ＮＥＸＴ　ＦＵＮＤＳ　外国ＲＥＩＴ・Ｓ＆Ｐ先進国ＲＥＩＴ指数（除く日本・為替ヘッジなし）連動型上場投信,ETF・ETN,-,-,-,-,-,-,20260630,https://www.jpx.co.jp/markets/statistics-equities/misc/tvdivq0000001vg2-att/data_j.xls,2026-07-10T23:26:35.886407+00:00
2516.T,2516,東証グロース２５０ＥＴＦ,ETF・ETN,-,-,-,-,-,-,20260630,https://www.jpx.co.jp/markets/statistics-equities/misc/tvdivq0000001vg2-att/data_j.xls,2026-07-10T23:26:35.886407+00:00
2517.T,2517,ＭＡＸＩＳ　Ｊリート・コア上場投信,ETF・ETN,-,-,-,-,-,-,20260630,https://www.jpx.co.jp/markets/statistics-equities/misc/tvdivq0000001vg2-att/data_j.xls,2026-07-10T23:26:35.886407+00:00
2518.T,2518,ＮＥＸＴ　ＦＵＮＤＳ　ＭＳＣＩ日本株女性活躍指数（セレクト）連動型上場投信,ETF・ETN,-,-,-,-,-,-,20260630,https://www.jpx.co.jp/markets/statistics-equities/misc/tvdivq0000001vg2-att/data_j.xls,2026-07-10T23:26:35.886407+00:00
2519.T,2519,ＮＥＸＴ　ＦＵＮＤＳ　新興国債券・Ｊ．Ｐ．モルガン・エマージング・マーケット・ボンド・インデックス・プラス（為替ヘッジなし）連動型上場投信,ETF・ETN,-,-,-,-,-,-,20260630,https://www.jpx.co.jp/markets/statistics-equities/misc/tvdivq0000001vg2-att/data_j.xls,2026-07-10T23:26:35.886407+00:00
2520.T,2520,ＮＥＸＴ　ＦＵＮＤＳ　新興国株式・ＭＳＣＩエマージング・マーケット・インデックス（為替ヘッジなし）連動型上場投信,ETF・ETN,-,-,-,-,-,-,20260630,https://www.jpx.co.jp/markets/statistics-equities/misc/tvdivq0000001vg2-att/data_j.xls,2026-07-10T23:26:35.886407+00:00
2521.T,2521,上場インデックスファンド米国株式（Ｓ＆Ｐ５００）為替ヘッジあり,ETF・ETN,-,-,-,-,-,-,20260630,https://www.jpx.co.jp/markets/statistics-equities/misc/tvdivq0000001vg2-att/data_j.xls,2026-07-10T23:26:35.886407+00:00
2522.T,2522,ｉシェアーズ　オートメーション　＆　ロボット　ＥＴＦ,ETF・ETN,-,-,-,-,-,-,20260630,https://www.jpx.co.jp/markets/statistics-equities/misc/tvdivq0000001vg2-att/data_j.xls,2026-07-10T23:26:35.886407+00:00
2523.T,2523,ＭＡＸＩＳトピックス（除く金融）上場投信,ETF・ETN,-,-,-,-,-,-,20260630,https://www.jpx.co.jp/markets/statistics-equities/misc/tvdivq0000001vg2-att/data_j.xls,2026-07-10T23:26:35.886407+00:00
2524.T,2524,ＮＺＡＭ　上場投信　ＴＯＰＩＸ,ETF・ETN,-,-,-,-,-,-,20260630,https://www.jpx.co.jp/markets/statistics-equities/misc/tvdivq0000001vg2-att/data_j.xls,2026-07-10T23:26:35.886407+00:00
2525.T,2525,ＮＺＡＭ　上場投信　日経２２５,ETF・ETN,-,-,-,-,-,-,20260630,https://www.jpx.co.jp/markets/statistics-equities/misc/tvdivq0000001vg2-att/data_j.xls,2026-07-10T23:26:35.886407+00:00
2526.T,2526,ＮＺＡＭ　上場投信　ＪＰＸ日経４００,ETF・ETN,-,-,-,-,-,-,20260630,https://www.jpx.co.jp/markets/statistics-equities/misc/tvdivq0000001vg2-att/data_j.xls,2026-07-10T23:26:35.886407+00:00
2527.T,2527,ＮＺＡＭ　上場投信　東証ＲＥＩＴ　Ｃｏｒｅ指数,ETF・ETN,-,-,-,-,-,-,20260630,https://www.jpx.co.jp/markets/statistics-equities/misc/tvdivq0000001vg2-att/data_j.xls,2026-07-10T23:26:35.886407+00:00
2528.T,2528,ｉＦｒｅｅＥＴＦ　東証ＲＥＩＴ　Ｃｏｒｅ指数,ETF・ETN,-,-,-,-,-,-,20260630,https://www.jpx.co.jp/markets/statistics-equities/misc/tvdivq0000001vg2-att/data_j.xls,2026-07-10T23:26:35.886407+00:00
2529.T,2529,ＮＥＸＴ　ＦＵＮＤＳ　野村株主還元７０連動型上場投信,ETF・ETN,-,-,-,-,-,-,20260630,https://www.jpx.co.jp/markets/statistics-equities/misc/tvdivq0000001vg2-att/data_j.xls,2026-07-10T23:26:35.886407+00:00
2530.T,2530,ＭＡＸＩＳ　ＨｕａＡｎ中国株式（上海１８０Ａ株）上場投信,ETF・ETN,-,-,-,-,-,-,20260630,https://www.jpx.co.jp/markets/statistics-equities/misc/tvdivq0000001vg2-att/data_j.xls,2026-07-10T23:26:35.886407+00:00
2531.T,2531,宝ホールディングス,プライム（内国株式）,3050,食料品,0001,食品,0004,TOPIX Mid400,20260630,https://www.jpx.co.jp/markets/statistics-equities/misc/tvdivq0000001vg2-att/data_j.xls,2026-07-10T23:26:35.886407+00:00
2533.T,2533,オエノンホールディングス,プライム（内国株式）,3050,食料品,0001,食品,0007,TOPIX Small 2,20260630,https://www.jpx.co.jp/markets/statistics-equities/misc/tvdivq0000001vg2-att/data_j.xls,2026-07-10T23:26:35.886407+00:00
2552.T,2552,上場インデックスファンドＪリート（東証ＲＥＩＴ指数）隔月分配型（ミニ）,ETF・ETN,-,-,-,-,-,-,20260630,https://www.jpx.co.jp/markets/statistics-equities/misc/tvdivq0000001vg2-att/data_j.xls,2026-07-10T23:26:35.886407+00:00
2553.T,2553,Ｏｎｅ　ＥＴＦ　南方　中国Ａ株　ＣＳＩ５００,ETF・ETN,-,-,-,-,-,-,20260630,https://www.jpx.co.jp/markets/statistics-equities/misc/tvdivq0000001vg2-att/data_j.xls,2026-07-10T23:26:35.886407+00:00
2554.T,2554,ＮＥＸＴ　ＦＵＮＤＳ　ブルームバーグ米国投資適格社債（１－１０年）インデックス（為替ヘッジあり）連動型上場投信,ETF・ETN,-,-,-,-,-,-,20260630,https://www.jpx.co.jp/markets/statistics-equities/misc/tvdivq0000001vg2-att/data_j.xls,2026-07-10T23:26:35.886407+00:00
2555.T,2555,東証ＲＥＩＴ　ＥＴＦ,ETF・ETN,-,-,-,-,-,-,20260630,https://www.jpx.co.jp/markets/statistics-equities/misc/tvdivq0000001vg2-att/data_j.xls,2026-07-10T23:26:35.886407+00:00
2556.T,2556,Ｏｎｅ　ＥＴＦ　東証ＲＥＩＴ指数,ETF・ETN,-,-,-,-,-,-,20260630,https://www.jpx.co.jp/markets/statistics-equities/misc/tvdivq0000001vg2-att/data_j.xls,2026-07-10T23:26:35.886407+00:00
2557.T,2557,ＳＭＤＡＭ　トピックス上場投信,ETF・ETN,-,-,-,-,-,-,20260630,https://www.jpx.co.jp/markets/statistics-equities/misc/tvdivq0000001vg2-att/data_j.xls,2026-07-10T23:26:35.886407+00:00
2558.T,2558,ＭＡＸＩＳ米国株式（Ｓ＆Ｐ５００）上場投信,ETF・ETN,-,-,-,-,-,-,20260630,https://www.jpx.co.jp/markets/statistics-equities/misc/tvdivq0000001vg2-att/data_j.xls,2026-07-10T23:26:35.886407+00:00
2559.T,2559,ＭＡＸＩＳ全世界株式（オール・カントリー）上場投信,ETF・ETN,-,-,-,-,-,-,20260630,https://www.jpx.co.jp/markets/statistics-equities/misc/tvdivq0000001vg2-att/data_j.xls,2026-07-10T23:26:35.886407+00:00
2560.T,2560,ＭＡＸＩＳカーボン・エフィシェント日本株上場投信,ETF・ETN,-,-,-,-,-,-,20260630,https://www.jpx.co.jp/markets/statistics-equities/misc/tvdivq0000001vg2-att/data_j.xls,2026-07-10T23:26:35.886407+00:00
2561.T,2561,ｉシェアーズ・コア　日本国債　ＥＴＦ,ETF・ETN,-,-,-,-,-,-,20260630,https://www.jpx.co.jp/markets/statistics-equities/misc/tvdivq0000001vg2-att/data_j.xls,2026-07-10T23:26:35.886407+00:00
2562.T,2562,上場インデックスファンド米国株式（ダウ平均）為替ヘッジあり,ETF・ETN,-,-,-,-,-,-,20260630,https://www.jpx.co.jp/markets/statistics-equities/misc/tvdivq0000001vg2-att/data_j.xls,2026-07-10T23:26:35.886407+00:00
2563.T,2563,ｉシェアーズ　Ｓ＆Ｐ　５００　米国株　ＥＴＦ（為替ヘッジあり）,ETF・ETN,-,-,-,-,-,-,20260630,https://www.jpx.co.jp/markets/statistics-equities/misc/tvdivq0000001vg2-att/data_j.xls,2026-07-10T23:26:35.886407+00:00
2564.T,2564,グローバルＸ　ＭＳＣＩスーパーディビィデンド－日本株式　ＥＴＦ,ETF・ETN,-,-,-,-,-,-,20260630,https://www.jpx.co.jp/markets/statistics-equities/misc/tvdivq0000001vg2-att/data_j.xls,2026-07-10T23:26:35.886407+00:00
2565.T,2565,グローバルＸ　ロジスティクス・Ｊ－ＲＥＩＴ　ＥＴＦ,ETF・ETN,-,-,-,-,-,-,20260630,https://www.jpx.co.jp/markets/statistics-equities/misc/tvdivq0000001vg2-att/data_j.xls,2026-07-10T23:26:35.886407+00:00
2566.T,2566,上場インデックスファンド日経ＥＳＧリート,ETF・ETN,-,-,-,-,-,-,20260630,https://www.jpx.co.jp/markets/statistics-equities/misc/tvdivq0000001vg2-att/data_j.xls,2026-07-10T23:26:35.886407+00:00
2567.T,2567,ＮＺＡＭ　上場投信　Ｓ＆Ｐ／ＪＰＸカーボン・エフィシェント指数,ETF・ETN,-,-,-,-,-,-,20260630,https://www.jpx.co.jp/markets/statistics-equities/misc/tvdivq0000001vg2-att/data_j.xls,2026-07-10T23:26:35.886407+00:00
2568.T,2568,上場インデックスファンド米国株式（ＮＡＳＤＡＱ１００）為替ヘッジなし,ETF・ETN,-,-,-,-,-,-,20260630,https://www.jpx.co.jp/markets/statistics-equities/misc/tvdivq0000001vg2-att/data_j.xls,2026-07-10T23:26:35.886407+00:00
2569.T,2569,上場インデックスファンド米国株式（ＮＡＳＤＡＱ１００）為替ヘッジあり,ETF・ETN,-,-,-,-,-,-,20260630,https://www.jpx.co.jp/markets/statistics-equities/misc/tvdivq0000001vg2-att/data_j.xls,2026-07-10T23:26:35.886407+00:00
2573.T,2573,北海道コカ・コーラボトリング,スタンダード（内国株式）,3050,食料品,0001,食品,-,-,20260630,https://www.jpx.co.jp/markets/statistics-equities/misc/tvdivq0000001vg2-att/data_j.xls,2026-07-10T23:26:35.886407+00:00
2579.T,2579,コカ・コーラ　ボトラーズジャパンホールディングス,プライム（内国株式）,3050,食料品,0001,食品,0004,TOPIX Mid400,20260630,https://www.jpx.co.jp/markets/statistics-equities/misc/tvdivq0000001vg2-att/data_j.xls,2026-07-10T23:26:35.886407+00:00
2585.T,2585,ライフドリンク　カンパニー,プライム（内国株式）,3050,食料品,0001,食品,0006,TOPIX Small 1,20260630,https://www.jpx.co.jp/markets/statistics-equities/misc/tvdivq0000001vg2-att/data_j.xls,2026-07-10T23:26:35.886407+00:00
2586.T,2586,フルッタフルッタ,グロース（内国株式）,3050,食料品,0001,食品,-,-,20260630,https://www.jpx.co.jp/markets/statistics-equities/misc/tvdivq0000001vg2-att/data_j.xls,2026-07-10T23:26:35.886407+00:00
2587.T,2587,サントリービバレッジ＆フード,プライム（内国株式）,3050,食料品,0001,食品,0004,TOPIX Mid400,20260630,https://www.jpx.co.jp/markets/statistics-equities/misc/tvdivq0000001vg2-att/data_j.xls,2026-07-10T23:26:35.886407+00:00
2588.T,2588,プレミアムウォーターホールディングス,スタンダード（内国株式）,3050,食料品,0001,食品,-,-,20260630,https://www.jpx.co.jp/markets/statistics-equities/misc/tvdivq0000001vg2-att/data_j.xls,2026-07-10T23:26:35.886407+00:00
2590.T,2590,ダイドーグループホールディングス,プライム（内国株式）,3050,食料品,0001,食品,0006,TOPIX Small 1,20260630,https://www.jpx.co.jp/markets/statistics-equities/misc/tvdivq0000001vg2-att/data_j.xls,2026-07-10T23:26:35.886407+00:00
2593.T,2593,伊藤園,プライム（内国株式）,3050,食料品,0001,食品,0004,TOPIX Mid400,20260630,https://www.jpx.co.jp/markets/statistics-equities/misc/tvdivq0000001vg2-att/data_j.xls,2026-07-10T23:26:35.886407+00:00
2594.T,2594,キーコーヒー,プライム（内国株式）,3050,食料品,0001,食品,0007,TOPIX Small 2,20260630,https://www.jpx.co.jp/markets/statistics-equities/misc/tvdivq0000001vg2-att/data_j.xls,2026-07-10T23:26:35.886407+00:00
2597.T,2597,ユニカフェ,スタンダード（内国株式）,3050,食料品,0001,食品,-,-,20260630,https://www.jpx.co.jp/markets/statistics-equities/misc/tvdivq0000001vg2-att/data_j.xls,2026-07-10T23:26:35.886407+00:00
2602.T,2602,日清オイリオグループ,プライム（内国株式）,3050,食料品,0001,食品,0006,TOPIX Small 1,20260630,https://www.jpx.co.jp/markets/statistics-equities/misc/tvdivq0000001vg2-att/data_j.xls,2026-07-10T23:26:35.886407+00:00
2607.T,2607,不二製油,プライム（内国株式）,3050,食料品,0001,食品,0004,TOPIX Mid400,20260630,https://www.jpx.co.jp/markets/statistics-equities/misc/tvdivq0000001vg2-att/data_j.xls,2026-07-10T23:26:35.886407+00:00
2612.T,2612,かどや製油,スタンダード（内国株式）,3050,食料品,0001,食品,-,-,20260630,https://www.jpx.co.jp/markets/statistics-equities/misc/tvdivq0000001vg2-att/data_j.xls,2026-07-10T23:26:35.886407+00:00
2613.T,2613,Ｊ－オイルミルズ,プライム（内国株式）,3050,食料品,0001,食品,0007,TOPIX Small 2,20260630,https://www.jpx.co.jp/markets/statistics-equities/misc/tvdivq0000001vg2-att/data_j.xls,2026-07-10T23:26:35.886407+00:00
2620.T,2620,ｉシェアーズ　米国債１－３年　ＥＴＦ,ETF・ETN,-,-,-,-,-,-,20260630,https://www.jpx.co.jp/markets/statistics-equities/misc/tvdivq0000001vg2-att/data_j.xls,2026-07-10T23:26:35.886407+00:00
2621.T,2621,ｉシェアーズ　米国債２０年超　ＥＴＦ（為替ヘッジあり）,ETF・ETN,-,-,-,-,-,-,20260630,https://www.jpx.co.jp/markets/statistics-equities/misc/tvdivq0000001vg2-att/data_j.xls,2026-07-10T23:26:35.886407+00:00
2622.T,2622,ｉシェアーズ　米ドル建て新興国債券　ＥＴＦ（為替ヘッジあり）,ETF・ETN,-,-,-,-,-,-,20260630,https://www.jpx.co.jp/markets/statistics-equities/misc/tvdivq0000001vg2-att/data_j.xls,2026-07-10T23:26:35.886407+00:00
2623.T,2623,ｉシェアーズ　ユーロ建て投資適格社債　ＥＴＦ（為替ヘッジあり）,ETF・ETN,-,-,-,-,-,-,20260630,https://www.jpx.co.jp/markets/statistics-equities/misc/tvdivq0000001vg2-att/data_j.xls,2026-07-10T23:26:35.886407+00:00
2624.T,2624,ｉＦｒｅｅＥＴＦ　日経２２５（年４回決算型）,ETF・ETN,-,-,-,-,-,-,20260630,https://www.jpx.co.jp/markets/statistics-equities/misc/tvdivq0000001vg2-att/data_j.xls,2026-07-10T23:26:35.886407+00:00
2625.T,2625,ｉＦｒｅｅＥＴＦ　ＴＯＰＩＸ（年４回決算型）,ETF・ETN,-,-,-,-,-,-,20260630,https://www.jpx.co.jp/markets/statistics-equities/misc/tvdivq0000001vg2-att/data_j.xls,2026-07-10T23:26:35.886407+00:00
2626.T,2626,グローバルＸ　デジタル・イノベーション－日本株式　ＥＴＦ,ETF・ETN,-,-,-,-,-,-,20260630,https://www.jpx.co.jp/markets/statistics-equities/misc/tvdivq0000001vg2-att/data_j.xls,2026-07-10T23:26:35.886407+00:00
2627.T,2627,グローバルＸ　ｅコマース－日本株式　ＥＴＦ,ETF・ETN,-,-,-,-,-,-,20260630,https://www.jpx.co.jp/markets/statistics-equities/misc/tvdivq0000001vg2-att/data_j.xls,2026-07-10T23:26:35.886407+00:00
2628.T,2628,ｉＦｒｅｅＥＴＦ　中国科創板５０（ＳＴＡＲ５０）,ETF・ETN,-,-,-,-,-,-,20260630,https://www.jpx.co.jp/markets/statistics-equities/misc/tvdivq0000001vg2-att/data_j.xls,2026-07-10T23:26:35.886407+00:00
2629.T,2629,ｉＦｒｅｅＥＴＦ　中国グレーターベイエリア・イノベーション１００（ＧＢＡ１００）,ETF・ETN,-,-,-,-,-,-,20260630,https://www.jpx.co.jp/markets/statistics-equities/misc/tvdivq0000001vg2-att/data_j.xls,2026-07-10T23:26:35.886407+00:00
2630.T,2630,ＭＡＸＩＳ米国株式（Ｓ＆Ｐ５００）上場投信（為替ヘッジあり）,ETF・ETN,-,-,-,-,-,-,20260630,https://www.jpx.co.jp/markets/statistics-equities/misc/tvdivq0000001vg2-att/data_j.xls,2026-07-10T23:26:35.886407+00:00
2631.T,2631,ＭＡＸＩＳナスダック１００上場投信,ETF・ETN,-,-,-,-,-,-,20260630,https://www.jpx.co.jp/markets/statistics-equities/misc/tvdivq0000001vg2-att/data_j.xls,2026-07-10T23:26:35.886407+00:00
2632.T,2632,ＭＡＸＩＳナスダック１００上場投信（為替ヘッジあり）,ETF・ETN,-,-,-,-,-,-,20260630,https://www.jpx.co.jp/markets/statistics-equities/misc/tvdivq0000001vg2-att/data_j.xls,2026-07-10T23:26:35.886407+00:00
2633.T,2633,ＮＥＸＴ　ＦＵＮＤＳ　Ｓ＆Ｐ　５００　指数（為替ヘッジなし）連動型上場投信,ETF・ETN,-,-,-,-,-,-,20260630,https://www.jpx.co.jp/markets/statistics-equities/misc/tvdivq0000001vg2-att/data_j.xls,2026-07-10T23:26:35.886407+00:00
2634.T,2634,ＮＥＸＴ　ＦＵＮＤＳ　Ｓ＆Ｐ　５００　指数（為替ヘッジあり）連動型上場投信,ETF・ETN,-,-,-,-,-,-,20260630,https://www.jpx.co.jp/markets/statistics-equities/misc/tvdivq0000001vg2-att/data_j.xls,2026-07-10T23:26:35.886407+00:00
2636.T,2636,グローバルＸ　ＭＳＣＩ　ガバナンス・クオリティ－日本株式　ＥＴＦ,ETF・ETN,-,-,-,-,-,-,20260630,https://www.jpx.co.jp/markets/statistics-equities/misc/tvdivq0000001vg2-att/data_j.xls,2026-07-10T23:26:35.886407+00:00
2637.T,2637,グローバルＸ　クリーンテック－日本株式　ＥＴＦ,ETF・ETN,-,-,-,-,-,-,20260630,https://www.jpx.co.jp/markets/statistics-equities/misc/tvdivq0000001vg2-att/data_j.xls,2026-07-10T23:26:35.886407+00:00
2638.T,2638,グローバルＸ　ロボティクス＆ＡＩ－日本株式　ＥＴＦ,ETF・ETN,-,-,-,-,-,-,20260630,https://www.jpx.co.jp/markets/statistics-equities/misc/tvdivq0000001vg2-att/data_j.xls,2026-07-10T23:26:35.886407+00:00
2639.T,2639,グローバルＸ　バイオ＆メドテック－日本株式　ＥＴＦ,ETF・ETN,-,-,-,-,-,-,20260630,https://www.jpx.co.jp/markets/statistics-equities/misc/tvdivq0000001vg2-att/data_j.xls,2026-07-10T23:26:35.886407+00:00
2640.T,2640,グローバルＸ　ゲーム＆アニメ－日本株式　ＥＴＦ,ETF・ETN,-,-,-,-,-,-,20260630,https://www.jpx.co.jp/markets/statistics-equities/misc/tvdivq0000001vg2-att/data_j.xls,2026-07-10T23:26:35.886407+00:00
2641.T,2641,グローバルＸ　グローバルリーダーズ－日本株式　ＥＴＦ,ETF・ETN,-,-,-,-,-,-,20260630,https://www.jpx.co.jp/markets/statistics-equities/misc/tvdivq0000001vg2-att/data_j.xls,2026-07-10T23:26:35.886407+00:00
2642.T,2642,ＳＭＴ　ＥＴＦカーボン・エフィシェント日本株,ETF・ETN,-,-,-,-,-,-,20260630,https://www.jpx.co.jp/markets/statistics-equities/misc/tvdivq0000001vg2-att/data_j.xls,2026-07-10T23:26:35.886407+00:00
2643.T,2643,ＮＥＸＴ　ＦＵＮＤＳ　ＭＳＣＩジャパンカントリー指数（セレクト）連動型上場投信,ETF・ETN,-,-,-,-,-,-,20260630,https://www.jpx.co.jp/markets/statistics-equities/misc/tvdivq0000001vg2-att/data_j.xls,2026-07-10T23:26:35.886407+00:00
2644.T,2644,グローバルＸ　半導体関連－日本株式　ＥＴＦ,ETF・ETN,-,-,-,-,-,-,20260630,https://www.jpx.co.jp/markets/statistics-equities/misc/tvdivq0000001vg2-att/data_j.xls,2026-07-10T23:26:35.886407+00:00
2645.T,2645,グローバルＸ　レジャー＆エンターテインメント－日本株式　ＥＴＦ,ETF・ETN,-,-,-,-,-,-,20260630,https://www.jpx.co.jp/markets/statistics-equities/misc/tvdivq0000001vg2-att/data_j.xls,2026-07-10T23:26:35.886407+00:00
2646.T,2646,グローバルＸ　メタルビジネス－日本株式　ＥＴＦ,ETF・ETN,-,-,-,-,-,-,20260630,https://www.jpx.co.jp/markets/statistics-equities/misc/tvdivq0000001vg2-att/data_j.xls,2026-07-10T23:26:35.886407+00:00
2647.T,2647,ＮＥＸＴ　ＦＵＮＤＳ　ブルームバーグ米国国債（７－１０年）インデックス（為替ヘッジなし）連動型上場投信,ETF・ETN,-,-,-,-,-,-,20260630,https://www.jpx.co.jp/markets/statistics-equities/misc/tvdivq0000001vg2-att/data_j.xls,2026-07-10T23:26:35.886407+00:00
2648.T,2648,ＮＥＸＴ　ＦＵＮＤＳ　ブルームバーグ米国国債（７－１０年）インデックス（為替ヘッジあり）連動型上場投信,ETF・ETN,-,-,-,-,-,-,20260630,https://www.jpx.co.jp/markets/statistics-equities/misc/tvdivq0000001vg2-att/data_j.xls,2026-07-10T23:26:35.886407+00:00
2649.T,2649,ｉシェアーズ　米国政府系機関ジニーメイＭＢＳ　ＥＴＦ（為替ヘッジあり）,ETF・ETN,-,-,-,-,-,-,20260630,https://www.jpx.co.jp/markets/statistics-equities/misc/tvdivq0000001vg2-att/data_j.xls,2026-07-10T23:26:35.886407+00:00
2652.T,2652,まんだらけ,スタンダード（内国株式）,6100,小売業,0014,小売,-,-,20260630,https://www.jpx.co.jp/markets/statistics-equities/misc/tvdivq0000001vg2-att/data_j.xls,2026-07-10T23:26:35.886407+00:00
2653.T,2653,イオン九州,スタンダード（内国株式）,6100,小売業,0014,小売,-,-,20260630,https://www.jpx.co.jp/markets/statistics-equities/misc/tvdivq0000001vg2-att/data_j.xls,2026-07-10T23:26:35.886407+00:00
2654.T,2654,アスモ,スタンダード（内国株式）,6100,小売業,0014,小売,-,-,20260630,https://www.jpx.co.jp/markets/statistics-equities/misc/tvdivq0000001vg2-att/data_j.xls,2026-07-10T23:26:35.886407+00:00
2656.T,2656,ベクターホールディングス,スタンダード（内国株式）,6100,小売業,0014,小売,-,-,20260630,https://www.jpx.co.jp/markets/statistics-equities/misc/tvdivq0000001vg2-att/data_j.xls,2026-07-10T23:26:35.886407+00:00
2659.T,2659,サンエー,プライム（内国株式）,6100,小売業,0014,小売,0006,TOPIX Small 1,20260630,https://www.jpx.co.jp/markets/statistics-equities/misc/tvdivq0000001vg2-att/data_j.xls,2026-07-10T23:26:35.886407+00:00
2664.T,2664,カワチ薬品,プライム（内国株式）,6100,小売業,0014,小売,0006,TOPIX Small 1,20260630,https://www.jpx.co.jp/markets/statistics-equities/misc/tvdivq0000001vg2-att/data_j.xls,2026-07-10T23:26:35.886407+00:00
2666.T,2666,オートウェーブ,スタンダード（内国株式）,6100,小売業,0014,小売,-,-,20260630,https://www.jpx.co.jp/markets/statistics-equities/misc/tvdivq0000001vg2-att/data_j.xls,2026-07-10T23:26:35.886407+00:00
2667.T,2667,イメージ　ワン,スタンダード（内国株式）,6050,卸売業,0013,商社・卸売,-,-,20260630,https://www.jpx.co.jp/markets/statistics-equities/misc/tvdivq0000001vg2-att/data_j.xls,2026-07-10T23:26:35.886407+00:00
2668.T,2668,タビオ,スタンダード（内国株式）,6050,卸売業,0013,商社・卸売,-,-,20260630,https://www.jpx.co.jp/markets/statistics-equities/misc/tvdivq0000001vg2-att/data_j.xls,2026-07-10T23:26:35.886407+00:00
2669.T,2669,カネ美食品,スタンダード（内国株式）,6100,小売業,0014,小売,-,-,20260630,https://www.jpx.co.jp/markets/statistics-equities/misc/tvdivq0000001vg2-att/data_j.xls,2026-07-10T23:26:35.886407+00:00
2670.T,2670,エービーシー・マート,プライム（内国株式）,6100,小売業,0014,小売,0004,TOPIX Mid400,20260630,https://www.jpx.co.jp/markets/statistics-equities/misc/tvdivq0000001vg2-att/data_j.xls,2026-07-10T23:26:35.886407+00:00
2673.T,2673,夢みつけ隊,スタンダード（内国株式）,6100,小売業,0014,小売,-,-,20260630,https://www.jpx.co.jp/markets/statistics-equities/misc/tvdivq0000001vg2-att/data_j.xls,2026-07-10T23:26:35.886407+00:00
2674.T,2674,ハードオフコーポレーション,プライム（内国株式）,6100,小売業,0014,小売,0007,TOPIX Small 2,20260630,https://www.jpx.co.jp/markets/statistics-equities/misc/tvdivq0000001vg2-att/data_j.xls,2026-07-10T23:26:35.886407+00:00
2676.T,2676,高千穂交易,プライム（内国株式）,6050,卸売業,0013,商社・卸売,0007,TOPIX Small 2,20260630,https://www.jpx.co.jp/markets/statistics-equities/misc/tvdivq0000001vg2-att/data_j.xls,2026-07-10T23:26:35.886407+00:00
2678.T,2678,アスクル,プライム（内国株式）,6100,小売業,0014,小売,0006,TOPIX Small 1,20260630,https://www.jpx.co.jp/markets/statistics-equities/misc/tvdivq0000001vg2-att/data_j.xls,2026-07-10T23:26:35.886407+00:00
2681.T,2681,ゲオホールディングス,プライム（内国株式）,6100,小売業,0014,小売,0006,TOPIX Small 1,20260630,https://www.jpx.co.jp/markets/statistics-equities/misc/tvdivq0000001vg2-att/data_j.xls,2026-07-10T23:26:35.886407+00:00
2683.T,2683,魚喜,スタンダード（内国株式）,6100,小売業,0014,小売,-,-,20260630,https://www.jpx.co.jp/markets/statistics-equities/misc/tvdivq0000001vg2-att/data_j.xls,2026-07-10T23:26:35.886407+00:00
2685.T,2685,アンドエスティＨＤ,プライム（内国株式）,6100,小売業,0014,小売,0006,TOPIX Small 1,20260630,https://www.jpx.co.jp/markets/statistics-equities/misc/tvdivq0000001vg2-att/data_j.xls,2026-07-10T23:26:35.886407+00:00
2687.T,2687,シー・ヴイ・エス・ベイエリア,スタンダード（内国株式）,9050,サービス業,0010,情報通信・サービスその他,-,-,20260630,https://www.jpx.co.jp/markets/statistics-equities/misc/tvdivq0000001vg2-att/data_j.xls,2026-07-10T23:26:35.886407+00:00
2689.T,2689,オルバヘルスケアホールディングス,スタンダード（内国株式）,6050,卸売業,0013,商社・卸売,-,-,20260630,https://www.jpx.co.jp/markets/statistics-equities/misc/tvdivq0000001vg2-att/data_j.xls,2026-07-10T23:26:35.886407+00:00
2693.T,2693,ＹＫＴ,スタンダード（内国株式）,6050,卸売業,0013,商社・卸売,-,-,20260630,https://www.jpx.co.jp/markets/statistics-equities/misc/tvdivq0000001vg2-att/data_j.xls,2026-07-10T23:26:35.886407+00:00
2694.T,2694,焼肉坂井ホールディングス,スタンダード（内国株式）,6100,小売業,0014,小売,-,-,20260630,https://www.jpx.co.jp/markets/statistics-equities/misc/tvdivq0000001vg2-att/data_j.xls,2026-07-10T23:26:35.886407+00:00
2695.T,2695,くら寿司,プライム（内国株式）,6100,小売業,0014,小売,0006,TOPIX Small 1,20260630,https://www.jpx.co.jp/markets/statistics-equities/misc/tvdivq0000001vg2-att/data_j.xls,2026-07-10T23:26:35.886407+00:00
2698.T,2698,キャンドゥ,スタンダード（内国株式）,6100,小売業,0014,小売,0007,TOPIX Small 2,20260630,https://www.jpx.co.jp/markets/statistics-equities/misc/tvdivq0000001vg2-att/data_j.xls,2026-07-10T23:26:35.886407+00:00
2700.T,2700,木徳神糧,スタンダード（内国株式）,6050,卸売業,0013,商社・卸売,-,-,20260630,https://www.jpx.co.jp/markets/statistics-equities/misc/tvdivq0000001vg2-att/data_j.xls,2026-07-10T23:26:35.886407+00:00
2702.T,2702,日本マクドナルドホールディングス,スタンダード（内国株式）,6100,小売業,0014,小売,-,-,20260630,https://www.jpx.co.jp/markets/statistics-equities/misc/tvdivq0000001vg2-att/data_j.xls,2026-07-10T23:26:35.886407+00:00
2705.T,2705,大戸屋ホールディングス,スタンダード（内国株式）,6100,小売業,0014,小売,-,-,20260630,https://www.jpx.co.jp/markets/statistics-equities/misc/tvdivq0000001vg2-att/data_j.xls,2026-07-10T23:26:35.886407+00:00
2708.T,2708,久世,スタンダード（内国株式）,6050,卸売業,0013,商社・卸売,-,-,20260630,https://www.jpx.co.jp/markets/statistics-equities/misc/tvdivq0000001vg2-att/data_j.xls,2026-07-10T23:26:35.886407+00:00
2721.T,2721,ジェイホールディングス,スタンダード（内国株式）,6050,卸売業,0013,商社・卸売,-,-,20260630,https://www.jpx.co.jp/markets/statistics-equities/misc/tvdivq0000001vg2-att/data_j.xls,2026-07-10T23:26:35.886407+00:00
2722.T,2722,ＩＫホールディングス,スタンダード（内国株式）,6100,小売業,0014,小売,-,-,20260630,https://www.jpx.co.jp/markets/statistics-equities/misc/tvdivq0000001vg2-att/data_j.xls,2026-07-10T23:26:35.886407+00:00
2726.T,2726,パルグループホールディングス,プライム（内国株式）,6100,小売業,0014,小売,0006,TOPIX Small 1,20260630,https://www.jpx.co.jp/markets/statistics-equities/misc/tvdivq0000001vg2-att/data_j.xls,2026-07-10T23:26:35.886407+00:00
2730.T,2730,エディオン,プライム（内国株式）,6100,小売業,0014,小売,0006,TOPIX Small 1,20260630,https://www.jpx.co.jp/markets/statistics-equities/misc/tvdivq0000001vg2-att/data_j.xls,2026-07-10T23:26:35.886407+00:00
2733.T,2733,あらた,プライム（内国株式）,6050,卸売業,0013,商社・卸売,0006,TOPIX Small 1,20260630,https://www.jpx.co.jp/markets/statistics-equities/misc/tvdivq0000001vg2-att/data_j.xls,2026-07-10T23:26:35.886407+00:00
2734.T,2734,サーラコーポレーション,プライム（内国株式）,6100,小売業,0014,小売,0007,TOPIX Small 2,20260630,https://www.jpx.co.jp/markets/statistics-equities/misc/tvdivq0000001vg2-att/data_j.xls,2026-07-10T23:26:35.886407+00:00
2735.T,2735,ワッツ,スタンダード（内国株式）,6100,小売業,0014,小売,-,-,20260630,https://www.jpx.co.jp/markets/statistics-equities/misc/tvdivq0000001vg2-att/data_j.xls,2026-07-10T23:26:35.886407+00:00
2736.T,2736,フェスタリアホールディングス,スタンダード（内国株式）,6100,小売業,0014,小売,-,-,20260630,https://www.jpx.co.jp/markets/statistics-equities/misc/tvdivq0000001vg2-att/data_j.xls,2026-07-10T23:26:35.886407+00:00
2737.T,2737,トーメンデバイス,プライム（内国株式）,6050,卸売業,0013,商社・卸売,0007,TOPIX Small 2,20260630,https://www.jpx.co.jp/markets/statistics-equities/misc/tvdivq0000001vg2-att/data_j.xls,2026-07-10T23:26:35.886407+00:00
2742.T,2742,ハローズ,プライム（内国株式）,6100,小売業,0014,小売,0007,TOPIX Small 2,20260630,https://www.jpx.co.jp/markets/statistics-equities/misc/tvdivq0000001vg2-att/data_j.xls,2026-07-10T23:26:35.886407+00:00
2747.T,2747,北雄ラッキー,スタンダード（内国株式）,6100,小売業,0014,小売,-,-,20260630,https://www.jpx.co.jp/markets/statistics-equities/misc/tvdivq0000001vg2-att/data_j.xls,2026-07-10T23:26:35.886407+00:00
2749.T,2749,ＪＰホールディングス,プライム（内国株式）,9050,サービス業,0010,情報通信・サービスその他,0006,TOPIX Small 1,20260630,https://www.jpx.co.jp/markets/statistics-equities/misc/tvdivq0000001vg2-att/data_j.xls,2026-07-10T23:26:35.886407+00:00
2750.T,2750,石光商事,スタンダード（内国株式）,6050,卸売業,0013,商社・卸売,-,-,20260630,https://www.jpx.co.jp/markets/statistics-equities/misc/tvdivq0000001vg2-att/data_j.xls,2026-07-10T23:26:35.886407+00:00
2751.T,2751,テンポスホールディングス,スタンダード（内国株式）,6050,卸売業,0013,商社・卸売,-,-,20260630,https://www.jpx.co.jp/markets/statistics-equities/misc/tvdivq0000001vg2-att/data_j.xls,2026-07-10T23:26:35.886407+00:00
2752.T,2752,フジオフードグループ本社,プライム（内国株式）,6100,小売業,0014,小売,0006,TOPIX Small 1,20260630,https://www.jpx.co.jp/markets/statistics-equities/misc/tvdivq0000001vg2-att/data_j.xls,2026-07-10T23:26:35.886407+00:00
2753.T,2753,あみやき亭,プライム（内国株式）,6100,小売業,0014,小売,0007,TOPIX Small 2,20260630,https://www.jpx.co.jp/markets/statistics-equities/misc/tvdivq0000001vg2-att/data_j.xls,2026-07-10T23:26:35.886407+00:00
2760.T,2760,東京エレクトロン　デバイス,プライム（内国株式）,6050,卸売業,0013,商社・卸売,0006,TOPIX Small 1,20260630,https://www.jpx.co.jp/markets/statistics-equities/misc/tvdivq0000001vg2-att/data_j.xls,2026-07-10T23:26:35.886407+00:00
2762.T,2762,ＳＡＮＫＯ　ＭＡＲＫＥＴＩＮＧ　ＦＯＯＤＳ,スタンダード（内国株式）,6100,小売業,0014,小売,-,-,20260630,https://www.jpx.co.jp/markets/statistics-equities/misc/tvdivq0000001vg2-att/data_j.xls,2026-07-10T23:26:35.886407+00:00
2763.T,2763,エフティグループ,スタンダード（内国株式）,6050,卸売業,0013,商社・卸売,-,-,20260630,https://www.jpx.co.jp/markets/statistics-equities/misc/tvdivq0000001vg2-att/data_j.xls,2026-07-10T23:26:35.886407+00:00
2764.T,2764,ひらまつ,スタンダード（内国株式）,6100,小売業,0014,小売,-,-,20260630,https://www.jpx.co.jp/markets/statistics-equities/misc/tvdivq0000001vg2-att/data_j.xls,2026-07-10T23:26:35.886407+00:00
2767.T,2767,円谷フィールズホールディングス,プライム（内国株式）,6050,卸売業,0013,商社・卸売,0006,TOPIX Small 1,20260630,https://www.jpx.co.jp/markets/statistics-equities/misc/tvdivq0000001vg2-att/data_j.xls,2026-07-10T23:26:35.886407+00:00
2768.T,2768,双日,プライム（内国株式）,6050,卸売業,0013,商社・卸売,0004,TOPIX Mid400,20260630,https://www.jpx.co.jp/markets/statistics-equities/misc/tvdivq0000001vg2-att/data_j.xls,2026-07-10T23:26:35.886407+00:00
2769.T,2769,ヴィレッジヴァンガードコーポレーション,スタンダード（内国株式）,6100,小売業,0014,小売,-,-,20260630,https://www.jpx.co.jp/markets/statistics-equities/misc/tvdivq0000001vg2-att/data_j.xls,2026-07-10T23:26:35.886407+00:00
2776.T,2776,新都ホールディングス,スタンダード（内国株式）,6050,卸売業,0013,商社・卸売,-,-,20260630,https://www.jpx.co.jp/markets/statistics-equities/misc/tvdivq0000001vg2-att/data_j.xls,2026-07-10T23:26:35.886407+00:00
2778.T,2778,パレモ・ホールディングス,スタンダード（内国株式）,6100,小売業,0014,小売,-,-,20260630,https://www.jpx.co.jp/markets/statistics-equities/misc/tvdivq0000001vg2-att/data_j.xls,2026-07-10T23:26:35.886407+00:00
2780.T,2780,コメ兵ホールディングス,スタンダード（内国株式）,6100,小売業,0014,小売,-,-,20260630,https://www.jpx.co.jp/markets/statistics-equities/misc/tvdivq0000001vg2-att/data_j.xls,2026-07-10T23:26:35.886407+00:00
2782.T,2782,セリア,スタンダード（内国株式）,6100,小売業,0014,小売,-,-,20260630,https://www.jpx.co.jp/markets/statistics-equities/misc/tvdivq0000001vg2-att/data_j.xls,2026-07-10T23:26:35.886407+00:00
2784.T,2784,アルフレッサ　ホールディングス,プライム（内国株式）,6050,卸売業,0013,商社・卸売,0004,TOPIX Mid400,20260630,https://www.jpx.co.jp/markets/statistics-equities/misc/tvdivq0000001vg2-att/data_j.xls,2026-07-10T23:26:35.886407+00:00
2788.T,2788,アップルインターナショナル,スタンダード（内国株式）,6050,卸売業,0013,商社・卸売,-,-,20260630,https://www.jpx.co.jp/markets/statistics-equities/misc/tvdivq0000001vg2-att/data_j.xls,2026-07-10T23:26:35.886407+00:00
2789.T,2789,カルラ,スタンダード（内国株式）,6100,小売業,0014,小売,-,-,20260630,https://www.jpx.co.jp/markets/statistics-equities/misc/tvdivq0000001vg2-att/data_j.xls,2026-07-10T23:26:35.886407+00:00
2790.T,2790,ナフコ,スタンダード（内国株式）,6100,小売業,0014,小売,-,-,20260630,https://www.jpx.co.jp/markets/statistics-equities/misc/tvdivq0000001vg2-att/data_j.xls,2026-07-10T23:26:35.886407+00:00
2791.T,2791,大黒天物産,プライム（内国株式）,6100,小売業,0014,小売,0006,TOPIX Small 1,20260630,https://www.jpx.co.jp/markets/statistics-equities/misc/tvdivq0000001vg2-att/data_j.xls,2026-07-10T23:26:35.886407+00:00
2792.T,2792,ハニーズホールディングス,プライム（内国株式）,6100,小売業,0014,小売,0007,TOPIX Small 2,20260630,https://www.jpx.co.jp/markets/statistics-equities/misc/tvdivq0000001vg2-att/data_j.xls,2026-07-10T23:26:35.886407+00:00
2795.T,2795,日本プリメックス,スタンダード（内国株式）,6050,卸売業,0013,商社・卸売,-,-,20260630,https://www.jpx.co.jp/markets/statistics-equities/misc/tvdivq0000001vg2-att/data_j.xls,2026-07-10T23:26:35.886407+00:00
2796.T,2796,ファーマライズホールディングス,スタンダード（内国株式）,6100,小売業,0014,小売,-,-,20260630,https://www.jpx.co.jp/markets/statistics-equities/misc/tvdivq0000001vg2-att/data_j.xls,2026-07-10T23:26:35.886407+00:00
2798.T,2798,ワイズテーブルコーポレーション,スタンダード（内国株式）,6100,小売業,0014,小売,-,-,20260630,https://www.jpx.co.jp/markets/statistics-equities/misc/tvdivq0000001vg2-att/data_j.xls,2026-07-10T23:26:35.886407+00:00
2801.T,2801,キッコーマン,プライム（内国株式）,3050,食料品,0001,食品,0004,TOPIX Mid400,20260630,https://www.jpx.co.jp/markets/statistics-equities/misc/tvdivq0000001vg2-att/data_j.xls,2026-07-10T23:26:35.886407+00:00
2802.T,2802,味の素,プライム（内国株式）,3050,食料品,0001,食品,0002,TOPIX Large70,20260630,https://www.jpx.co.jp/markets/statistics-equities/misc/tvdivq0000001vg2-att/data_j.xls,2026-07-10T23:26:35.886407+00:00
2804.T,2804,ブルドックソース,プライム（内国株式）,3050,食料品,0001,食品,0007,TOPIX Small 2,20260630,https://www.jpx.co.jp/markets/statistics-equities/misc/tvdivq0000001vg2-att/data_j.xls,2026-07-10T23:26:35.886407+00:00
2805.T,2805,ヱスビー食品,スタンダード（内国株式）,3050,食料品,0001,食品,-,-,20260630,https://www.jpx.co.jp/markets/statistics-equities/misc/tvdivq0000001vg2-att/data_j.xls,2026-07-10T23:26:35.886407+00:00
2806.T,2806,ユタカフーズ,スタンダード（内国株式）,3050,食料品,0001,食品,-,-,20260630,https://www.jpx.co.jp/markets/statistics-equities/misc/tvdivq0000001vg2-att/data_j.xls,2026-07-10T23:26:35.886407+00:00
2809.T,2809,キユーピー,プライム（内国株式）,3050,食料品,0001,食品,0004,TOPIX Mid400,20260630,https://www.jpx.co.jp/markets/statistics-equities/misc/tvdivq0000001vg2-att/data_j.xls,2026-07-10T23:26:35.886407+00:00
2810.T,2810,ハウス食品グループ本社,プライム（内国株式）,3050,食料品,0001,食品,0004,TOPIX Mid400,20260630,https://www.jpx.co.jp/markets/statistics-equities/misc/tvdivq0000001vg2-att/data_j.xls,2026-07-10T23:26:35.886407+00:00
2811.T,2811,カゴメ,プライム（内国株式）,3050,食料品,0001,食品,0004,TOPIX Mid400,20260630,https://www.jpx.co.jp/markets/statistics-equities/misc/tvdivq0000001vg2-att/data_j.xls,2026-07-10T23:26:35.886407+00:00
2813.T,2813,和弘食品,スタンダード（内国株式）,3050,食料品,0001,食品,-,-,20260630,https://www.jpx.co.jp/markets/statistics-equities/misc/tvdivq0000001vg2-att/data_j.xls,2026-07-10T23:26:35.886407+00:00
2814.T,2814,佐藤食品工業,スタンダード（内国株式）,3050,食料品,0001,食品,-,-,20260630,https://www.jpx.co.jp/markets/statistics-equities/misc/tvdivq0000001vg2-att/data_j.xls,2026-07-10T23:26:35.886407+00:00
2815.T,2815,アリアケジャパン,プライム（内国株式）,3050,食料品,0001,食品,0006,TOPIX Small 1,20260630,https://www.jpx.co.jp/markets/statistics-equities/misc/tvdivq0000001vg2-att/data_j.xls,2026-07-10T23:26:35.886407+00:00
2816.T,2816,ダイショー,スタンダード（内国株式）,3050,食料品,0001,食品,-,-,20260630,https://www.jpx.co.jp/markets/statistics-equities/misc/tvdivq0000001vg2-att/data_j.xls,2026-07-10T23:26:35.886407+00:00
2818.T,2818,ピエトロ,スタンダード（内国株式）,3050,食料品,0001,食品,-,-,20260630,https://www.jpx.co.jp/markets/statistics-equities/misc/tvdivq0000001vg2-att/data_j.xls,2026-07-10T23:26:35.886407+00:00
2819.T,2819,エバラ食品工業,スタンダード（内国株式）,3050,食料品,0001,食品,0007,TOPIX Small 2,20260630,https://www.jpx.co.jp/markets/statistics-equities/misc/tvdivq0000001vg2-att/data_j.xls,2026-07-10T23:26:35.886407+00:00
2820.T,2820,やまみ,スタンダード（内国株式）,3050,食料品,0001,食品,-,-,20260630,https://www.jpx.co.jp/markets/statistics-equities/misc/tvdivq0000001vg2-att/data_j.xls,2026-07-10T23:26:35.886407+00:00
2831.T,2831,はごろもフーズ,スタンダード（内国株式）,3050,食料品,0001,食品,-,-,20260630,https://www.jpx.co.jp/markets/statistics-equities/misc/tvdivq0000001vg2-att/data_j.xls,2026-07-10T23:26:35.886407+00:00
2836.T,2836,グローバルＸ　フィンテック－日本株式　ＥＴＦ,ETF・ETN,-,-,-,-,-,-,20260630,https://www.jpx.co.jp/markets/statistics-equities/misc/tvdivq0000001vg2-att/data_j.xls,2026-07-10T23:26:35.886407+00:00
2837.T,2837,グローバルＸ　中小型リーダーズ－日本株式　ＥＴＦ,ETF・ETN,-,-,-,-,-,-,20260630,https://www.jpx.co.jp/markets/statistics-equities/misc/tvdivq0000001vg2-att/data_j.xls,2026-07-10T23:26:35.886407+00:00
2838.T,2838,ＭＡＸＩＳ米国国債７－１０年上場投信（為替ヘッジなし）,ETF・ETN,-,-,-,-,-,-,20260630,https://www.jpx.co.jp/markets/statistics-equities/misc/tvdivq0000001vg2-att/data_j.xls,2026-07-10T23:26:35.886407+00:00
2839.T,2839,ＭＡＸＩＳ米国国債７－１０年上場投信（為替ヘッジあり）,ETF・ETN,-,-,-,-,-,-,20260630,https://www.jpx.co.jp/markets/statistics-equities/misc/tvdivq0000001vg2-att/data_j.xls,2026-07-10T23:26:35.886407+00:00
2840.T,2840,ｉＦｒｅｅＥＴＦ　ＮＡＳＤＡＱ１００（為替ヘッジなし）,ETF・ETN,-,-,-,-,-,-,20260630,https://www.jpx.co.jp/markets/statistics-equities/misc/tvdivq0000001vg2-att/data_j.xls,2026-07-10T23:26:35.886407+00:00
2841.T,2841,ｉＦｒｅｅＥＴＦ　ＮＡＳＤＡＱ１００（為替ヘッジあり）,ETF・ETN,-,-,-,-,-,-,20260630,https://www.jpx.co.jp/markets/statistics-equities/misc/tvdivq0000001vg2-att/data_j.xls,2026-07-10T23:26:35.886407+00:00
2842.T,2842,ｉＦｒｅｅＥＴＦ　ＮＡＳＤＡＱ１００インバース,ETF・ETN,-,-,-,-,-,-,20260630,https://www.jpx.co.jp/markets/statistics-equities/misc/tvdivq0000001vg2-att/data_j.xls,2026-07-10T23:26:35.886407+00:00
2843.T,2843,上場インデックスファンド豪州国債（為替ヘッジあり）,ETF・ETN,-,-,-,-,-,-,20260630,https://www.jpx.co.jp/markets/statistics-equities/misc/tvdivq0000001vg2-att/data_j.xls,2026-07-10T23:26:35.886407+00:00
2844.T,2844,上場インデックスファンド豪州国債（為替ヘッジなし）,ETF・ETN,-,-,-,-,-,-,20260630,https://www.jpx.co.jp/markets/statistics-equities/misc/tvdivq0000001vg2-att/data_j.xls,2026-07-10T23:26:35.886407+00:00
2845.T,2845,ＮＥＸＴ　ＦＵＮＤＳ　ＮＡＳＤＡＱ－１００（為替ヘッジあり）連動型上場投信,ETF・ETN,-,-,-,-,-,-,20260630,https://www.jpx.co.jp/markets/statistics-equities/misc/tvdivq0000001vg2-att/data_j.xls,2026-07-10T23:26:35.886407+00:00
2846.T,2846,ＮＥＸＴ　ＦＵＮＤＳ　ダウ・ジョーンズ工業株３０種平均株価（為替ヘッジあり）連動型上場投信,ETF・ETN,-,-,-,-,-,-,20260630,https://www.jpx.co.jp/markets/statistics-equities/misc/tvdivq0000001vg2-att/data_j.xls,2026-07-10T23:26:35.886407+00:00
2847.T,2847,グローバルＸ　新成長インフラ－日本株式　ＥＴＦ,ETF・ETN,-,-,-,-,-,-,20260630,https://www.jpx.co.jp/markets/statistics-equities/misc/tvdivq0000001vg2-att/data_j.xls,2026-07-10T23:26:35.886407+00:00
2848.T,2848,グローバルＸ　ＭＳＣＩ　気候変動対応－日本株式　ＥＴＦ,ETF・ETN,-,-,-,-,-,-,20260630,https://www.jpx.co.jp/markets/statistics-equities/misc/tvdivq0000001vg2-att/data_j.xls,2026-07-10T23:26:35.886407+00:00
2849.T,2849,グローバルＸ　Ｍｏｒｎｉｎｇｓｔａｒ　高配当　ＥＳＧ－日本株式　ＥＴＦ,ETF・ETN,-,-,-,-,-,-,20260630,https://www.jpx.co.jp/markets/statistics-equities/misc/tvdivq0000001vg2-att/data_j.xls,2026-07-10T23:26:35.886407+00:00
2851.T,2851,ｉシェアーズ　ＭＳＣＩ　ジャパンＳＲＩ　ＥＴＦ,ETF・ETN,-,-,-,-,-,-,20260630,https://www.jpx.co.jp/markets/statistics-equities/misc/tvdivq0000001vg2-att/data_j.xls,2026-07-10T23:26:35.886407+00:00
2852.T,2852,ｉシェアーズ　グリーンＪリート　ＥＴＦ,ETF・ETN,-,-,-,-,-,-,20260630,https://www.jpx.co.jp/markets/statistics-equities/misc/tvdivq0000001vg2-att/data_j.xls,2026-07-10T23:26:35.886407+00:00
2853.T,2853,ｉシェアーズ　気候リスク調整世界国債　ＥＴＦ（除く日本・為替ヘッジあり）,ETF・ETN,-,-,-,-,-,-,20260630,https://www.jpx.co.jp/markets/statistics-equities/misc/tvdivq0000001vg2-att/data_j.xls,2026-07-10T23:26:35.886407+00:00
2854.T,2854,グローバルＸ　テック・トップ２０－日本株式　ＥＴＦ,ETF・ETN,-,-,-,-,-,-,20260630,https://www.jpx.co.jp/markets/statistics-equities/misc/tvdivq0000001vg2-att/data_j.xls,2026-07-10T23:26:35.886407+00:00
2855.T,2855,グローバルＸ　グリーン・Ｊ－ＲＥＩＴ　ＥＴＦ,ETF・ETN,-,-,-,-,-,-,20260630,https://www.jpx.co.jp/markets/statistics-equities/misc/tvdivq0000001vg2-att/data_j.xls,2026-07-10T23:26:35.886407+00:00
2856.T,2856,ｉシェアーズ　米国債３－７年　ＥＴＦ（為替ヘッジあり）,ETF・ETN,-,-,-,-,-,-,20260630,https://www.jpx.co.jp/markets/statistics-equities/misc/tvdivq0000001vg2-att/data_j.xls,2026-07-10T23:26:35.886407+00:00
2857.T,2857,ｉシェアーズ　ドイツ国債　ＥＴＦ（為替ヘッジあり）,ETF・ETN,-,-,-,-,-,-,20260630,https://www.jpx.co.jp/markets/statistics-equities/misc/tvdivq0000001vg2-att/data_j.xls,2026-07-10T23:26:35.886407+00:00
2858.T,2858,グローバルＸ　日経２２５　カバード・コール　ＥＴＦ（プレミアム再投資型）,ETF・ETN,-,-,-,-,-,-,20260630,https://www.jpx.co.jp/markets/statistics-equities/misc/tvdivq0000001vg2-att/data_j.xls,2026-07-10T23:26:35.886407+00:00
2859.T,2859,ＮＥＸＴ　ＦＵＮＤＳ　ユーロ・ストックス５０指数（為替ヘッジあり）連動型上場投信,ETF・ETN,-,-,-,-,-,-,20260630,https://www.jpx.co.jp/markets/statistics-equities/misc/tvdivq0000001vg2-att/data_j.xls,2026-07-10T23:26:35.886407+00:00
2860.T,2860,ＮＥＸＴ　ＦＵＮＤＳ　ドイツ株式・ＤＡＸ（為替ヘッジあり）連動型上場投信,ETF・ETN,-,-,-,-,-,-,20260630,https://www.jpx.co.jp/markets/statistics-equities/misc/tvdivq0000001vg2-att/data_j.xls,2026-07-10T23:26:35.886407+00:00
2861.T,2861,上場インデックスファンドフランス国債（為替ヘッジなし）,ETF・ETN,-,-,-,-,-,-,20260630,https://www.jpx.co.jp/markets/statistics-equities/misc/tvdivq0000001vg2-att/data_j.xls,2026-07-10T23:26:35.886407+00:00
2862.T,2862,上場インデックスファンドフランス国債（為替ヘッジあり）,ETF・ETN,-,-,-,-,-,-,20260630,https://www.jpx.co.jp/markets/statistics-equities/misc/tvdivq0000001vg2-att/data_j.xls,2026-07-10T23:26:35.886407+00:00
2864.T,2864,グローバルＸ　ロジスティクス・ＲＥＩＴ　ＥＴＦ,ETF・ETN,-,-,-,-,-,-,20260630,https://www.jpx.co.jp/markets/statistics-equities/misc/tvdivq0000001vg2-att/data_j.xls,2026-07-10T23:26:35.886407+00:00
2865.T,2865,グローバルＸ　ＮＡＳＤＡＱ１００・カバード・コール　ＥＴＦ,ETF・ETN,-,-,-,-,-,-,20260630,https://www.jpx.co.jp/markets/statistics-equities/misc/tvdivq0000001vg2-att/data_j.xls,2026-07-10T23:26:35.886407+00:00
2866.T,2866,グローバルＸ　米国優先証券　ＥＴＦ,ETF・ETN,-,-,-,-,-,-,20260630,https://www.jpx.co.jp/markets/statistics-equities/misc/tvdivq0000001vg2-att/data_j.xls,2026-07-10T23:26:35.886407+00:00
2867.T,2867,グローバルＸ　自動運転＆ＥＶ　ＥＴＦ,ETF・ETN,-,-,-,-,-,-,20260630,https://www.jpx.co.jp/markets/statistics-equities/misc/tvdivq0000001vg2-att/data_j.xls,2026-07-10T23:26:35.886407+00:00
2868.T,2868,グローバルＸ　Ｓ＆Ｐ５００・カバード・コール　ＥＴＦ,ETF・ETN,-,-,-,-,-,-,20260630,https://www.jpx.co.jp/markets/statistics-equities/misc/tvdivq0000001vg2-att/data_j.xls,2026-07-10T23:26:35.886407+00:00
2869.T,2869,ｉＦｒｅｅＥＴＦ　ＮＡＳＤＡＱ１００レバレッジ,ETF・ETN,-,-,-,-,-,-,20260630,https://www.jpx.co.jp/markets/statistics-equities/misc/tvdivq0000001vg2-att/data_j.xls,2026-07-10T23:26:35.886407+00:00
2870.T,2870,ｉＦｒｅｅＥＴＦ　ＮＡＳＤＡＱ１００ダブルインバース,ETF・ETN,-,-,-,-,-,-,20260630,https://www.jpx.co.jp/markets/statistics-equities/misc/tvdivq0000001vg2-att/data_j.xls,2026-07-10T23:26:35.886407+00:00
2871.T,2871,ニチレイ,プライム（内国株式）,3050,食料品,0001,食品,0004,TOPIX Mid400,20260630,https://www.jpx.co.jp/markets/statistics-equities/misc/tvdivq0000001vg2-att/data_j.xls,2026-07-10T23:26:35.886407+00:00
2872.T,2872,セイヒョー,スタンダード（内国株式）,3050,食料品,0001,食品,-,-,20260630,https://www.jpx.co.jp/markets/statistics-equities/misc/tvdivq0000001vg2-att/data_j.xls,2026-07-10T23:26:35.886407+00:00
2874.T,2874,横浜冷凍,プライム（内国株式）,6050,卸売業,0013,商社・卸売,0006,TOPIX Small 1,20260630,https://www.jpx.co.jp/markets/statistics-equities/misc/tvdivq0000001vg2-att/data_j.xls,2026-07-10T23:26:35.886407+00:00
2875.T,2875,東洋水産,プライム（内国株式）,3050,食料品,0001,食品,0004,TOPIX Mid400,20260630,https://www.jpx.co.jp/markets/statistics-equities/misc/tvdivq0000001vg2-att/data_j.xls,2026-07-10T23:26:35.886407+00:00
2876.T,2876,デルソーレ,スタンダード（内国株式）,3050,食料品,0001,食品,-,-,20260630,https://www.jpx.co.jp/markets/statistics-equities/misc/tvdivq0000001vg2-att/data_j.xls,2026-07-10T23:26:35.886407+00:00
2877.T,2877,日東ベスト,スタンダード（内国株式）,3050,食料品,0001,食品,-,-,20260630,https://www.jpx.co.jp/markets/statistics-equities/misc/tvdivq0000001vg2-att/data_j.xls,2026-07-10T23:26:35.886407+00:00
2882.T,2882,イートアンドホールディングス,プライム（内国株式）,3050,食料品,0001,食品,0007,TOPIX Small 2,20260630,https://www.jpx.co.jp/markets/statistics-equities/misc/tvdivq0000001vg2-att/data_j.xls,2026-07-10T23:26:35.886407+00:00
2883.T,2883,大冷,スタンダード（内国株式）,3050,食料品,0001,食品,-,-,20260630,https://www.jpx.co.jp/markets/statistics-equities/misc/tvdivq0000001vg2-att/data_j.xls,2026-07-10T23:26:35.886407+00:00
2884.T,2884,ヨシムラ・フード・ホールディングス,プライム（内国株式）,3050,食料品,0001,食品,0007,TOPIX Small 2,20260630,https://www.jpx.co.jp/markets/statistics-equities/misc/tvdivq0000001vg2-att/data_j.xls,2026-07-10T23:26:35.886407+00:00
2892.T,2892,日本食品化工,スタンダード（内国株式）,3050,食料品,0001,食品,-,-,20260630,https://www.jpx.co.jp/markets/statistics-equities/misc/tvdivq0000001vg2-att/data_j.xls,2026-07-10T23:26:35.886407+00:00
2894.T,2894,石井食品,スタンダード（内国株式）,3050,食料品,0001,食品,-,-,20260630,https://www.jpx.co.jp/markets/statistics-equities/misc/tvdivq0000001vg2-att/data_j.xls,2026-07-10T23:26:35.886407+00:00
2897.T,2897,日清食品ホールディングス,プライム（内国株式）,3050,食料品,0001,食品,0004,TOPIX Mid400,20260630,https://www.jpx.co.jp/markets/statistics-equities/misc/tvdivq0000001vg2-att/data_j.xls,2026-07-10T23:26:35.886407+00:00
2901.T,2901,ウェルディッシュ,スタンダード（内国株式）,3050,食料品,0001,食品,-,-,20260630,https://www.jpx.co.jp/markets/statistics-equities/misc/tvdivq0000001vg2-att/data_j.xls,2026-07-10T23:26:35.886407+00:00
2903.T,2903,シノブフーズ,スタンダード（内国株式）,3050,食料品,0001,食品,-,-,20260630,https://www.jpx.co.jp/markets/statistics-equities/misc/tvdivq0000001vg2-att/data_j.xls,2026-07-10T23:26:35.886407+00:00
2904.T,2904,一正蒲鉾,スタンダード（内国株式）,3050,食料品,0001,食品,-,-,20260630,https://www.jpx.co.jp/markets/statistics-equities/misc/tvdivq0000001vg2-att/data_j.xls,2026-07-10T23:26:35.886407+00:00
2907.T,2907,あじかん,スタンダード（内国株式）,3050,食料品,0001,食品,-,-,20260630,https://www.jpx.co.jp/markets/statistics-equities/misc/tvdivq0000001vg2-att/data_j.xls,2026-07-10T23:26:35.886407+00:00
2908.T,2908,フジッコ,プライム（内国株式）,3050,食料品,0001,食品,0007,TOPIX Small 2,20260630,https://www.jpx.co.jp/markets/statistics-equities/misc/tvdivq0000001vg2-att/data_j.xls,2026-07-10T23:26:35.886407+00:00
2910.T,2910,ロック・フィールド,プライム（内国株式）,3050,食料品,0001,食品,0007,TOPIX Small 2,20260630,https://www.jpx.co.jp/markets/statistics-equities/misc/tvdivq0000001vg2-att/data_j.xls,2026-07-10T23:26:35.886407+00:00
2911.T,2911,旭松食品,スタンダード（内国株式）,3050,食料品,0001,食品,-,-,20260630,https://www.jpx.co.jp/markets/statistics-equities/misc/tvdivq0000001vg2-att/data_j.xls,2026-07-10T23:26:35.886407+00:00
2914.T,2914,日本たばこ産業,プライム（内国株式）,3050,食料品,0001,食品,0001,TOPIX Core30,20260630,https://www.jpx.co.jp/markets/statistics-equities/misc/tvdivq0000001vg2-att/data_j.xls,2026-07-10T23:26:35.886407+00:00
2915.T,2915,ケンコーマヨネーズ,プライム（内国株式）,3050,食料品,0001,食品,0007,TOPIX Small 2,20260630,https://www.jpx.co.jp/markets/statistics-equities/misc/tvdivq0000001vg2-att/data_j.xls,2026-07-10T23:26:35.886407+00:00
2916.T,2916,仙波糖化工業,スタンダード（内国株式）,3050,食料品,0001,食品,-,-,20260630,https://www.jpx.co.jp/markets/statistics-equities/misc/tvdivq0000001vg2-att/data_j.xls,2026-07-10T23:26:35.886407+00:00
2917.T,2917,大森屋,スタンダード（内国株式）,3050,食料品,0001,食品,-,-,20260630,https://www.jpx.co.jp/markets/statistics-equities/misc/tvdivq0000001vg2-att/data_j.xls,2026-07-10T23:26:35.886407+00:00
2918.T,2918,わらべや日洋ホールディングス,プライム（内国株式）,3050,食料品,0001,食品,0006,TOPIX Small 1,20260630,https://www.jpx.co.jp/markets/statistics-equities/misc/tvdivq0000001vg2-att/data_j.xls,2026-07-10T23:26:35.886407+00:00
2922.T,2922,なとり,プライム（内国株式）,3050,食料品,0001,食品,0007,TOPIX Small 2,20260630,https://www.jpx.co.jp/markets/statistics-equities/misc/tvdivq0000001vg2-att/data_j.xls,2026-07-10T23:26:35.886407+00:00
2923.T,2923,サトウ食品,スタンダード（内国株式）,3050,食料品,0001,食品,-,-,20260630,https://www.jpx.co.jp/markets/statistics-equities/misc/tvdivq0000001vg2-att/data_j.xls,2026-07-10T23:26:35.886407+00:00
2924.T,2924,イフジ産業,スタンダード（内国株式）,3050,食料品,0001,食品,-,-,20260630,https://www.jpx.co.jp/markets/statistics-equities/misc/tvdivq0000001vg2-att/data_j.xls,2026-07-10T23:26:35.886407+00:00
2926.T,2926,篠崎屋,スタンダード（内国株式）,3050,食料品,0001,食品,-,-,20260630,https://www.jpx.co.jp/markets/statistics-equities/misc/tvdivq0000001vg2-att/data_j.xls,2026-07-10T23:26:35.886407+00:00
2927.T,2927,ＡＦＣ－ＨＤアムスライフサイエンス,スタンダード（内国株式）,3050,食料品,0001,食品,-,-,20260630,https://www.jpx.co.jp/markets/statistics-equities/misc/tvdivq0000001vg2-att/data_j.xls,2026-07-10T23:26:35.886407+00:00
2929.T,2929,ファーマフーズ,プライム（内国株式）,3050,食料品,0001,食品,0007,TOPIX Small 2,20260630,https://www.jpx.co.jp/markets/statistics-equities/misc/tvdivq0000001vg2-att/data_j.xls,2026-07-10T23:26:35.886407+00:00
2930.T,2930,北の達人コーポレーション,プライム（内国株式）,3200,化学,0004,素材・化学,0007,TOPIX Small 2,20260630,https://www.jpx.co.jp/markets/statistics-equities/misc/tvdivq0000001vg2-att/data_j.xls,2026-07-10T23:26:35.886407+00:00
2931.T,2931,ユーグレナ,プライム（内国株式）,3050,食料品,0001,食品,0006,TOPIX Small 1,20260630,https://www.jpx.co.jp/markets/statistics-equities/misc/tvdivq0000001vg2-att/data_j.xls,2026-07-10T23:26:35.886407+00:00
2932.T,2932,ＳＴＩフードホールディングス,スタンダード（内国株式）,3050,食料品,0001,食品,-,-,20260630,https://www.jpx.co.jp/markets/statistics-equities/misc/tvdivq0000001vg2-att/data_j.xls,2026-07-10T23:26:35.886407+00:00
2933.T,2933,紀文食品,プライム（内国株式）,3050,食料品,0001,食品,0007,TOPIX Small 2,20260630,https://www.jpx.co.jp/markets/statistics-equities/misc/tvdivq0000001vg2-att/data_j.xls,2026-07-10T23:26:35.886407+00:00
2934.T,2934,ジェイフロンティア,グロース（内国株式）,3050,食料品,0001,食品,-,-,20260630,https://www.jpx.co.jp/markets/statistics-equities/misc/tvdivq0000001vg2-att/data_j.xls,2026-07-10T23:26:35.886407+00:00
2935.T,2935,ピックルスホールディングス,プライム（内国株式）,3050,食料品,0001,食品,0007,TOPIX Small 2,20260630,https://www.jpx.co.jp/markets/statistics-equities/misc/tvdivq0000001vg2-att/data_j.xls,2026-07-10T23:26:35.886407+00:00
2936.T,2936,ベースフード,グロース（内国株式）,3050,食料品,0001,食品,-,-,20260630,https://www.jpx.co.jp/markets/statistics-equities/misc/tvdivq0000001vg2-att/data_j.xls,2026-07-10T23:26:35.886407+00:00
2937.T,2937,サンクゼール,グロース（内国株式）,3050,食料品,0001,食品,-,-,20260630,https://www.jpx.co.jp/markets/statistics-equities/misc/tvdivq0000001vg2-att/data_j.xls,2026-07-10T23:26:35.886407+00:00
2938.T,2938,オカムラ食品工業,スタンダード（内国株式）,3050,食料品,0001,食品,-,-,20260630,https://www.jpx.co.jp/markets/statistics-equities/misc/tvdivq0000001vg2-att/data_j.xls,2026-07-10T23:26:35.886407+00:00
2961.T,2961,日本調理機,スタンダード（内国株式）,3550,金属製品,0003,建設・資材,-,-,20260630,https://www.jpx.co.jp/markets/statistics-equities/misc/tvdivq0000001vg2-att/data_j.xls,2026-07-10T23:26:35.886407+00:00
2962.T,2962,テクニスコ,スタンダード（内国株式）,3550,金属製品,0003,建設・資材,-,-,20260630,https://www.jpx.co.jp/markets/statistics-equities/misc/tvdivq0000001vg2-att/data_j.xls,2026-07-10T23:26:35.886407+00:00
2970.T,2970,ＧＬＣ　ＧＲＯＵＰ,スタンダード（内国株式）,8050,不動産業,0017,不動産,-,-,20260630,https://www.jpx.co.jp/markets/statistics-equities/misc/tvdivq0000001vg2-att/data_j.xls,2026-07-10T23:26:35.886407+00:00
2971.T,2971,エスコンジャパンリート投資法人,REIT・ベンチャーファンド・カントリーファンド・インフラファンド,-,-,-,-,-,-,20260630,https://www.jpx.co.jp/markets/statistics-equities/misc/tvdivq0000001vg2-att/data_j.xls,2026-07-10T23:26:35.886407+00:00
2972.T,2972,サンケイリアルエステート投資法人,REIT・ベンチャーファンド・カントリーファンド・インフラファンド,-,-,-,-,-,-,20260630,https://www.jpx.co.jp/markets/statistics-equities/misc/tvdivq0000001vg2-att/data_j.xls,2026-07-10T23:26:35.886407+00:00
2975.T,2975,スター・マイカ・ホールディングス,プライム（内国株式）,8050,不動産業,0017,不動産,0007,TOPIX Small 2,20260630,https://www.jpx.co.jp/markets/statistics-equities/misc/tvdivq0000001vg2-att/data_j.xls,2026-07-10T23:26:35.886407+00:00
2978.T,2978,ツクルバ,グロース（内国株式）,8050,不動産業,0017,不動産,-,-,20260630,https://www.jpx.co.jp/markets/statistics-equities/misc/tvdivq0000001vg2-att/data_j.xls,2026-07-10T23:26:35.886407+00:00
2979.T,2979,ＳＯＳｉＬＡ物流リート投資法人,REIT・ベンチャーファンド・カントリーファンド・インフラファンド,-,-,-,-,-,-,20260630,https://www.jpx.co.jp/markets/statistics-equities/misc/tvdivq0000001vg2-att/data_j.xls,2026-07-10T23:26:35.886407+00:00
2980.T,2980,ＳＲＥホールディングス,プライム（内国株式）,8050,不動産業,0017,不動産,0007,TOPIX Small 2,20260630,https://www.jpx.co.jp/markets/statistics-equities/misc/tvdivq0000001vg2-att/data_j.xls,2026-07-10T23:26:35.886407+00:00
2981.T,2981,ランディックス,グロース（内国株式）,8050,不動産業,0017,不動産,-,-,20260630,https://www.jpx.co.jp/markets/statistics-equities/misc/tvdivq0000001vg2-att/data_j.xls,2026-07-10T23:26:35.886407+00:00
2982.T,2982,ＡＤワークスグループ,プライム（内国株式）,8050,不動産業,0017,不動産,-,-,20260630,https://www.jpx.co.jp/markets/statistics-equities/misc/tvdivq0000001vg2-att/data_j.xls,2026-07-10T23:26:35.886407+00:00
2983.T,2983,アールプランナー,グロース（内国株式）,8050,不動産業,0017,不動産,-,-,20260630,https://www.jpx.co.jp/markets/statistics-equities/misc/tvdivq0000001vg2-att/data_j.xls,2026-07-10T23:26:35.886407+00:00
2984.T,2984,ヤマイチエステート,スタンダード（内国株式）,8050,不動産業,0017,不動産,-,-,20260630,https://www.jpx.co.jp/markets/statistics-equities/misc/tvdivq0000001vg2-att/data_j.xls,2026-07-10T23:26:35.886407+00:00
2985.T,2985,ファーストステージ,PRO Market,8050,不動産業,0017,不動産,-,-,20260630,https://www.jpx.co.jp/markets/statistics-equities/misc/tvdivq0000001vg2-att/data_j.xls,2026-07-10T23:26:35.886407+00:00
2986.T,2986,ＬＡホールディングス,グロース（内国株式）,8050,不動産業,0017,不動産,-,-,20260630,https://www.jpx.co.jp/markets/statistics-equities/misc/tvdivq0000001vg2-att/data_j.xls,2026-07-10T23:26:35.886407+00:00
2989.T,2989,東海道リート投資法人,REIT・ベンチャーファンド・カントリーファンド・インフラファンド,-,-,-,-,-,-,20260630,https://www.jpx.co.jp/markets/statistics-equities/misc/tvdivq0000001vg2-att/data_j.xls,2026-07-10T23:26:35.886407+00:00
2990.T,2990,アイダ設計,PRO Market,8050,不動産業,0017,不動産,-,-,20260630,https://www.jpx.co.jp/markets/statistics-equities/misc/tvdivq0000001vg2-att/data_j.xls,2026-07-10T23:26:35.886407+00:00
2991.T,2991,ランドネット,スタンダード（内国株式）,8050,不動産業,0017,不動産,-,-,20260630,https://www.jpx.co.jp/markets/statistics-equities/misc/tvdivq0000001vg2-att/data_j.xls,2026-07-10T23:26:35.886407+00:00
2992.T,2992,アーバンライク,PRO Market,8050,不動産業,0017,不動産,-,-,20260630,https://www.jpx.co.jp/markets/statistics-equities/misc/tvdivq0000001vg2-att/data_j.xls,2026-07-10T23:26:35.886407+00:00
2993.T,2993,長栄,スタンダード（内国株式）,8050,不動産業,0017,不動産,-,-,20260630,https://www.jpx.co.jp/markets/statistics-equities/misc/tvdivq0000001vg2-att/data_j.xls,2026-07-10T23:26:35.886407+00:00
2994.T,2994,アンサーホールディングス,PRO Market,8050,不動産業,0017,不動産,-,-,20260630,https://www.jpx.co.jp/markets/statistics-equities/misc/tvdivq0000001vg2-att/data_j.xls,2026-07-10T23:26:35.886407+00:00
2995.T,2995,ジェイレックス・コーポレーション,PRO Market,8050,不動産業,0017,不動産,-,-,20260630,https://www.jpx.co.jp/markets/statistics-equities/misc/tvdivq0000001vg2-att/data_j.xls,2026-07-10T23:26:35.886407+00:00
2997.T,2997,ストレージ王,グロース（内国株式）,8050,不動産業,0017,不動産,-,-,20260630,https://www.jpx.co.jp/markets/statistics-equities/misc/tvdivq0000001vg2-att/data_j.xls,2026-07-10T23:26:35.886407+00:00
2998.T,2998,クリアル,グロース（内国株式）,8050,不動産業,0017,不動産,-,-,20260630,https://www.jpx.co.jp/markets/statistics-equities/misc/tvdivq0000001vg2-att/data_j.xls,2026-07-10T23:26:35.886407+00:00
2999.T,2999,ホームポジション,スタンダード（内国株式）,8050,不動産業,0017,不動産,-,-,20260630,https://www.jpx.co.jp/markets/statistics-equities/misc/tvdivq0000001vg2-att/data_j.xls,2026-07-10T23:26:35.886407+00:00
3001.T,3001,片倉工業,スタンダード（内国株式）,3100,繊維製品,0004,素材・化学,0007,TOPIX Small 2,20260630,https://www.jpx.co.jp/markets/statistics-equities/misc/tvdivq0000001vg2-att/data_j.xls,2026-07-10T23:26:35.886407+00:00
3002.T,3002,グンゼ,プライム（内国株式）,3100,繊維製品,0004,素材・化学,0006,TOPIX Small 1,20260630,https://www.jpx.co.jp/markets/statistics-equities/misc/tvdivq0000001vg2-att/data_j.xls,2026-07-10T23:26:35.886407+00:00
3003.T,3003,ヒューリック,プライム（内国株式）,8050,不動産業,0017,不動産,0004,TOPIX Mid400,20260630,https://www.jpx.co.jp/markets/statistics-equities/misc/tvdivq0000001vg2-att/data_j.xls,2026-07-10T23:26:35.886407+00:00
3004.T,3004,神栄,スタンダード（内国株式）,6050,卸売業,0013,商社・卸売,-,-,20260630,https://www.jpx.co.jp/markets/statistics-equities/misc/tvdivq0000001vg2-att/data_j.xls,2026-07-10T23:26:35.886407+00:00
3010.T,3010,ポラリス・ホールディングス,スタンダード（内国株式）,9050,サービス業,0010,情報通信・サービスその他,-,-,20260630,https://www.jpx.co.jp/markets/statistics-equities/misc/tvdivq0000001vg2-att/data_j.xls,2026-07-10T23:26:35.886407+00:00
3011.T,3011,バナーズ,スタンダード（内国株式）,6100,小売業,0014,小売,-,-,20260630,https://www.jpx.co.jp/markets/statistics-equities/misc/tvdivq0000001vg2-att/data_j.xls,2026-07-10T23:26:35.886407+00:00
3020.T,3020,アプライド,スタンダード（内国株式）,6100,小売業,0014,小売,-,-,20260630,https://www.jpx.co.jp/markets/statistics-equities/misc/tvdivq0000001vg2-att/data_j.xls,2026-07-10T23:26:35.886407+00:00
3021.T,3021,パシフィックネット,スタンダード（内国株式）,9050,サービス業,0010,情報通信・サービスその他,-,-,20260630,https://www.jpx.co.jp/markets/statistics-equities/misc/tvdivq0000001vg2-att/data_j.xls,2026-07-10T23:26:35.886407+00:00
3023.T,3023,ラサ商事,スタンダード（内国株式）,6050,卸売業,0013,商社・卸売,0007,TOPIX Small 2,20260630,https://www.jpx.co.jp/markets/statistics-equities/misc/tvdivq0000001vg2-att/data_j.xls,2026-07-10T23:26:35.886407+00:00
3024.T,3024,クリエイト,スタンダード（内国株式）,6050,卸売業,0013,商社・卸売,-,-,20260630,https://www.jpx.co.jp/markets/statistics-equities/misc/tvdivq0000001vg2-att/data_j.xls,2026-07-10T23:26:35.886407+00:00
3028.T,3028,アルペン,プライム（内国株式）,6100,小売業,0014,小売,0006,TOPIX Small 1,20260630,https://www.jpx.co.jp/markets/statistics-equities/misc/tvdivq0000001vg2-att/data_j.xls,2026-07-10T23:26:35.886407+00:00
3030.T,3030,ハブ,スタンダード（内国株式）,6100,小売業,0014,小売,-,-,20260630,https://www.jpx.co.jp/markets/statistics-equities/misc/tvdivq0000001vg2-att/data_j.xls,2026-07-10T23:26:35.886407+00:00
3031.T,3031,ラクーンホールディングス,プライム（内国株式）,5250,情報・通信業,0010,情報通信・サービスその他,0007,TOPIX Small 2,20260630,https://www.jpx.co.jp/markets/statistics-equities/misc/tvdivq0000001vg2-att/data_j.xls,2026-07-10T23:26:35.886407+00:00
3034.T,3034,クオールホールディングス,プライム（内国株式）,6100,小売業,0014,小売,0006,TOPIX Small 1,20260630,https://www.jpx.co.jp/markets/statistics-equities/misc/tvdivq0000001vg2-att/data_j.xls,2026-07-10T23:26:35.886407+00:00
3035.T,3035,ケイティケイ,スタンダード（内国株式）,6050,卸売業,0013,商社・卸売,-,-,20260630,https://www.jpx.co.jp/markets/statistics-equities/misc/tvdivq0000001vg2-att/data_j.xls,2026-07-10T23:26:35.886407+00:00
3036.T,3036,アルコニックス,プライム（内国株式）,6050,卸売業,0013,商社・卸売,0006,TOPIX Small 1,20260630,https://www.jpx.co.jp/markets/statistics-equities/misc/tvdivq0000001vg2-att/data_j.xls,2026-07-10T23:26:35.886407+00:00
3038.T,3038,神戸物産,プライム（内国株式）,6050,卸売業,0013,商社・卸売,0004,TOPIX Mid400,20260630,https://www.jpx.co.jp/markets/statistics-equities/misc/tvdivq0000001vg2-att/data_j.xls,2026-07-10T23:26:35.886407+00:00
3040.T,3040,ソリトンシステムズ,プライム（内国株式）,5250,情報・通信業,0010,情報通信・サービスその他,0007,TOPIX Small 2,20260630,https://www.jpx.co.jp/markets/statistics-equities/misc/tvdivq0000001vg2-att/data_j.xls,2026-07-10T23:26:35.886407+00:00
3041.T,3041,ビューティカダンホールディングス,スタンダード（内国株式）,6050,卸売業,0013,商社・卸売,-,-,20260630,https://www.jpx.co.jp/markets/statistics-equities/misc/tvdivq0000001vg2-att/data_j.xls,2026-07-10T23:26:35.886407+00:00
3042.T,3042,セキュアヴェイル,スタンダード（内国株式）,5250,情報・通信業,0010,情報通信・サービスその他,-,-,20260630,https://www.jpx.co.jp/markets/statistics-equities/misc/tvdivq0000001vg2-att/data_j.xls,2026-07-10T23:26:35.886407+00:00
3045.T,3045,カワサキ,スタンダード（内国株式）,6050,卸売業,0013,商社・卸売,-,-,20260630,https://www.jpx.co.jp/markets/statistics-equities/misc/tvdivq0000001vg2-att/data_j.xls,2026-07-10T23:26:35.886407+00:00
3046.T,3046,ジンズホールディングス,プライム（内国株式）,6100,小売業,0014,小売,0006,TOPIX Small 1,20260630,https://www.jpx.co.jp/markets/statistics-equities/misc/tvdivq0000001vg2-att/data_j.xls,2026-07-10T23:26:35.886407+00:00
3048.T,3048,ビックカメラ,プライム（内国株式）,6100,小売業,0014,小売,0004,TOPIX Mid400,20260630,https://www.jpx.co.jp/markets/statistics-equities/misc/tvdivq0000001vg2-att/data_j.xls,2026-07-10T23:26:35.886407+00:00
3050.T,3050,ＤＣＭホールディングス,プライム（内国株式）,6100,小売業,0014,小売,0006,TOPIX Small 1,20260630,https://www.jpx.co.jp/markets/statistics-equities/misc/tvdivq0000001vg2-att/data_j.xls,2026-07-10T23:26:35.886407+00:00
3053.T,3053,ペッパーフードサービス,スタンダード（内国株式）,6100,小売業,0014,小売,0007,TOPIX Small 2,20260630,https://www.jpx.co.jp/markets/statistics-equities/misc/tvdivq0000001vg2-att/data_j.xls,2026-07-10T23:26:35.886407+00:00
3054.T,3054,ハイパー,スタンダード（内国株式）,6050,卸売業,0013,商社・卸売,-,-,20260630,https://www.jpx.co.jp/markets/statistics-equities/misc/tvdivq0000001vg2-att/data_j.xls,2026-07-10T23:26:35.886407+00:00
3058.T,3058,三洋堂ホールディングス,スタンダード（内国株式）,6100,小売業,0014,小売,-,-,20260630,https://www.jpx.co.jp/markets/statistics-equities/misc/tvdivq0000001vg2-att/data_j.xls,2026-07-10T23:26:35.886407+00:00
3059.T,3059,ヒラキ,スタンダード（内国株式）,6100,小売業,0014,小売,-,-,20260630,https://www.jpx.co.jp/markets/statistics-equities/misc/tvdivq0000001vg2-att/data_j.xls,2026-07-10T23:26:35.886407+00:00
3063.T,3063,ジェイグループホールディングス,グロース（内国株式）,6100,小売業,0014,小売,-,-,20260630,https://www.jpx.co.jp/markets/statistics-equities/misc/tvdivq0000001vg2-att/data_j.xls,2026-07-10T23:26:35.886407+00:00
3064.T,3064,ＭｏｎｏｔａＲＯ,プライム（内国株式）,6100,小売業,0014,小売,0004,TOPIX Mid400,20260630,https://www.jpx.co.jp/markets/statistics-equities/misc/tvdivq0000001vg2-att/data_j.xls,2026-07-10T23:26:35.886407+00:00
3065.T,3065,ライフフーズ,スタンダード（内国株式）,6100,小売業,0014,小売,-,-,20260630,https://www.jpx.co.jp/markets/statistics-equities/misc/tvdivq0000001vg2-att/data_j.xls,2026-07-10T23:26:35.886407+00:00
3067.T,3067,東京一番フーズ,スタンダード（内国株式）,6100,小売業,0014,小売,-,-,20260630,https://www.jpx.co.jp/markets/statistics-equities/misc/tvdivq0000001vg2-att/data_j.xls,2026-07-10T23:26:35.886407+00:00
3068.T,3068,ＷＤＩ,スタンダード（内国株式）,6100,小売業,0014,小売,-,-,20260630,https://www.jpx.co.jp/markets/statistics-equities/misc/tvdivq0000001vg2-att/data_j.xls,2026-07-10T23:26:35.886407+00:00
3069.T,3069,ＪＦＬＡホールディングス,スタンダード（内国株式）,3050,食料品,0001,食品,-,-,20260630,https://www.jpx.co.jp/markets/statistics-equities/misc/tvdivq0000001vg2-att/data_j.xls,2026-07-10T23:26:35.886407+00:00
3070.T,3070,ジェリービーンズグループ,グロース（内国株式）,6050,卸売業,0013,商社・卸売,-,-,20260630,https://www.jpx.co.jp/markets/statistics-equities/misc/tvdivq0000001vg2-att/data_j.xls,2026-07-10T23:26:35.886407+00:00
3071.T,3071,ストリーム,スタンダード（内国株式）,6100,小売業,0014,小売,-,-,20260630,https://www.jpx.co.jp/markets/statistics-equities/misc/tvdivq0000001vg2-att/data_j.xls,2026-07-10T23:26:35.886407+00:00
3075.T,3075,銚子丸,スタンダード（内国株式）,6100,小売業,0014,小売,-,-,20260630,https://www.jpx.co.jp/markets/statistics-equities/misc/tvdivq0000001vg2-att/data_j.xls,2026-07-10T23:26:35.886407+00:00
3076.T,3076,あい　ホールディングス,プライム（内国株式）,6050,卸売業,0013,商社・卸売,0006,TOPIX Small 1,20260630,https://www.jpx.co.jp/markets/statistics-equities/misc/tvdivq0000001vg2-att/data_j.xls,2026-07-10T23:26:35.886407+00:00
3077.T,3077,ホリイフードサービス,スタンダード（内国株式）,6100,小売業,0014,小売,-,-,20260630,https://www.jpx.co.jp/markets/statistics-equities/misc/tvdivq0000001vg2-att/data_j.xls,2026-07-10T23:26:35.886407+00:00
3079.T,3079,ディーブイエックス,スタンダード（内国株式）,6050,卸売業,0013,商社・卸売,-,-,20260630,https://www.jpx.co.jp/markets/statistics-equities/misc/tvdivq0000001vg2-att/data_j.xls,2026-07-10T23:26:35.886407+00:00
3080.T,3080,ジェーソン,スタンダード（内国株式）,6100,小売業,0014,小売,-,-,20260630,https://www.jpx.co.jp/markets/statistics-equities/misc/tvdivq0000001vg2-att/data_j.xls,2026-07-10T23:26:35.886407+00:00
3082.T,3082,きちりホールディングス,スタンダード（内国株式）,6100,小売業,0014,小売,-,-,20260630,https://www.jpx.co.jp/markets/statistics-equities/misc/tvdivq0000001vg2-att/data_j.xls,2026-07-10T23:26:35.886407+00:00
3083.T,3083,スターシーズ,スタンダード（内国株式）,6100,小売業,0014,小売,-,-,20260630,https://www.jpx.co.jp/markets/statistics-equities/misc/tvdivq0000001vg2-att/data_j.xls,2026-07-10T23:26:35.886407+00:00
3086.T,3086,Ｊ．フロント　リテイリング,プライム（内国株式）,6100,小売業,0014,小売,0004,TOPIX Mid400,20260630,https://www.jpx.co.jp/markets/statistics-equities/misc/tvdivq0000001vg2-att/data_j.xls,2026-07-10T23:26:35.886407+00:00
3087.T,3087,ドトール・日レスホールディングス,プライム（内国株式）,6100,小売業,0014,小売,0006,TOPIX Small 1,20260630,https://www.jpx.co.jp/markets/statistics-equities/misc/tvdivq0000001vg2-att/data_j.xls,2026-07-10T23:26:35.886407+00:00
3088.T,3088,マツキヨココカラ＆カンパニー,プライム（内国株式）,6100,小売業,0014,小売,0004,TOPIX Mid400,20260630,https://www.jpx.co.jp/markets/statistics-equities/misc/tvdivq0000001vg2-att/data_j.xls,2026-07-10T23:26:35.886407+00:00
3089.T,3089,テクノアルファ,スタンダード（内国株式）,6050,卸売業,0013,商社・卸売,-,-,20260630,https://www.jpx.co.jp/markets/statistics-equities/misc/tvdivq0000001vg2-att/data_j.xls,2026-07-10T23:26:35.886407+00:00
3091.T,3091,ブロンコビリー,プライム（内国株式）,6100,小売業,0014,小売,0006,TOPIX Small 1,20260630,https://www.jpx.co.jp/markets/statistics-equities/misc/tvdivq0000001vg2-att/data_j.xls,2026-07-10T23:26:35.886407+00:00
3092.T,3092,ＺＯＺＯ,プライム（内国株式）,6100,小売業,0014,小売,0004,TOPIX Mid400,20260630,https://www.jpx.co.jp/markets/statistics-equities/misc/tvdivq0000001vg2-att/data_j.xls,2026-07-10T23:26:35.886407+00:00
3093.T,3093,トレジャー・ファクトリー,プライム（内国株式）,6100,小売業,0014,小売,0007,TOPIX Small 2,20260630,https://www.jpx.co.jp/markets/statistics-equities/misc/tvdivq0000001vg2-att/data_j.xls,2026-07-10T23:26:35.886407+00:00
3096.T,3096,オーシャンシステム,スタンダード（内国株式）,6100,小売業,0014,小売,-,-,20260630,https://www.jpx.co.jp/markets/statistics-equities/misc/tvdivq0000001vg2-att/data_j.xls,2026-07-10T23:26:35.886407+00:00
3097.T,3097,物語コーポレーション,プライム（内国株式）,6100,小売業,0014,小売,0006,TOPIX Small 1,20260630,https://www.jpx.co.jp/markets/statistics-equities/misc/tvdivq0000001vg2-att/data_j.xls,2026-07-10T23:26:35.886407+00:00
3099.T,3099,三越伊勢丹ホールディングス,プライム（内国株式）,6100,小売業,0014,小売,0004,TOPIX Mid400,20260630,https://www.jpx.co.jp/markets/statistics-equities/misc/tvdivq0000001vg2-att/data_j.xls,2026-07-10T23:26:35.886407+00:00
3101.T,3101,東洋紡,プライム（内国株式）,3200,化学,0004,素材・化学,0006,TOPIX Small 1,20260630,https://www.jpx.co.jp/markets/statistics-equities/misc/tvdivq0000001vg2-att/data_j.xls,2026-07-10T23:26:35.886407+00:00
3103.T,3103,ユニチカ,スタンダード（内国株式）,3100,繊維製品,0004,素材・化学,0007,TOPIX Small 2,20260630,https://www.jpx.co.jp/markets/statistics-equities/misc/tvdivq0000001vg2-att/data_j.xls,2026-07-10T23:26:35.886407+00:00
3104.T,3104,富士紡ホールディングス,プライム（内国株式）,3100,繊維製品,0004,素材・化学,0007,TOPIX Small 2,20260630,https://www.jpx.co.jp/markets/statistics-equities/misc/tvdivq0000001vg2-att/data_j.xls,2026-07-10T23:26:35.886407+00:00
3105.T,3105,日清紡ホールディングス,プライム（内国株式）,3650,電気機器,0009,電機・精密,0004,TOPIX Mid400,20260630,https://www.jpx.co.jp/markets/statistics-equities/misc/tvdivq0000001vg2-att/data_j.xls,2026-07-10T23:26:35.886407+00:00
3106.T,3106,倉敷紡績,プライム（内国株式）,3100,繊維製品,0004,素材・化学,0006,TOPIX Small 1,20260630,https://www.jpx.co.jp/markets/statistics-equities/misc/tvdivq0000001vg2-att/data_j.xls,2026-07-10T23:26:35.886407+00:00
3107.T,3107,ダイワボウホールディングス,プライム（内国株式）,6050,卸売業,0013,商社・卸売,0004,TOPIX Mid400,20260630,https://www.jpx.co.jp/markets/statistics-equities/misc/tvdivq0000001vg2-att/data_j.xls,2026-07-10T23:26:35.886407+00:00
3109.T,3109,シキボウ,プライム（内国株式）,3100,繊維製品,0004,素材・化学,0007,TOPIX Small 2,20260630,https://www.jpx.co.jp/markets/statistics-equities/misc/tvdivq0000001vg2-att/data_j.xls,2026-07-10T23:26:35.886407+00:00
3110.T,3110,日東紡績,プライム（内国株式）,3400,ガラス・土石製品,0003,建設・資材,0006,TOPIX Small 1,20260630,https://www.jpx.co.jp/markets/statistics-equities/misc/tvdivq0000001vg2-att/data_j.xls,2026-07-10T23:26:35.886407+00:00
3111.T,3111,オーミケンシ,スタンダード（内国株式）,3100,繊維製品,0004,素材・化学,-,-,20260630,https://www.jpx.co.jp/markets/statistics-equities/misc/tvdivq0000001vg2-att/data_j.xls,2026-07-10T23:26:35.886407+00:00
3113.T,3113,ＵＮＩＶＡ・Ｏａｋホールディングス,スタンダード（内国株式）,7100,証券、商品先物取引業,0016,金融（除く銀行）,-,-,20260630,https://www.jpx.co.jp/markets/statistics-equities/misc/tvdivq0000001vg2-att/data_j.xls,2026-07-10T23:26:35.886407+00:00
3116.T,3116,トヨタ紡織,プライム（内国株式）,3700,輸送用機器,0006,自動車・輸送機,0004,TOPIX Mid400,20260630,https://www.jpx.co.jp/markets/statistics-equities/misc/tvdivq0000001vg2-att/data_j.xls,2026-07-10T23:26:35.886407+00:00
3121.T,3121,マーチャント・バンカーズ,スタンダード（内国株式）,9050,サービス業,0010,情報通信・サービスその他,-,-,20260630,https://www.jpx.co.jp/markets/statistics-equities/misc/tvdivq0000001vg2-att/data_j.xls,2026-07-10T23:26:35.886407+00:00
3123.T,3123,サイボー,スタンダード（内国株式）,3100,繊維製品,0004,素材・化学,-,-,20260630,https://www.jpx.co.jp/markets/statistics-equities/misc/tvdivq0000001vg2-att/data_j.xls,2026-07-10T23:26:35.886407+00:00
3131.T,3131,シンデン・ハイテックス,スタンダード（内国株式）,6050,卸売業,0013,商社・卸売,-,-,20260630,https://www.jpx.co.jp/markets/statistics-equities/misc/tvdivq0000001vg2-att/data_j.xls,2026-07-10T23:26:35.886407+00:00
3132.T,3132,マクニカホールディングス,プライム（内国株式）,6050,卸売業,0013,商社・卸売,0004,TOPIX Mid400,20260630,https://www.jpx.co.jp/markets/statistics-equities/misc/tvdivq0000001vg2-att/data_j.xls,2026-07-10T23:26:35.886407+00:00
3133.T,3133,海帆,グロース（内国株式）,6100,小売業,0014,小売,-,-,20260630,https://www.jpx.co.jp/markets/statistics-equities/misc/tvdivq0000001vg2-att/data_j.xls,2026-07-10T23:26:35.886407+00:00
3134.T,3134,Ｈａｍｅｅ,スタンダード（内国株式）,6100,小売業,0014,小売,0007,TOPIX Small 2,20260630,https://www.jpx.co.jp/markets/statistics-equities/misc/tvdivq0000001vg2-att/data_j.xls,2026-07-10T23:26:35.886407+00:00
3135.T,3135,マーケットエンタープライズ,スタンダード（内国株式）,6100,小売業,0014,小売,-,-,20260630,https://www.jpx.co.jp/markets/statistics-equities/misc/tvdivq0000001vg2-att/data_j.xls,2026-07-10T23:26:35.886407+00:00
3137.T,3137,ファンデリー,スタンダード（内国株式）,6100,小売業,0014,小売,-,-,20260630,https://www.jpx.co.jp/markets/statistics-equities/misc/tvdivq0000001vg2-att/data_j.xls,2026-07-10T23:26:35.886407+00:00
3138.T,3138,富士山マガジンサービス,スタンダード（内国株式）,6100,小売業,0014,小売,-,-,20260630,https://www.jpx.co.jp/markets/statistics-equities/misc/tvdivq0000001vg2-att/data_j.xls,2026-07-10T23:26:35.886407+00:00
3139.T,3139,ラクト・ジャパン,プライム（内国株式）,6050,卸売業,0013,商社・卸売,0007,TOPIX Small 2,20260630,https://www.jpx.co.jp/markets/statistics-equities/misc/tvdivq0000001vg2-att/data_j.xls,2026-07-10T23:26:35.886407+00:00
3140.T,3140,ＢＲＵＮＯ,グロース（内国株式）,6050,卸売業,0013,商社・卸売,-,-,20260630,https://www.jpx.co.jp/markets/statistics-equities/misc/tvdivq0000001vg2-att/data_j.xls,2026-07-10T23:26:35.886407+00:00
3143.T,3143,オーウイル,スタンダード（内国株式）,6050,卸売業,0013,商社・卸売,-,-,20260630,https://www.jpx.co.jp/markets/statistics-equities/misc/tvdivq0000001vg2-att/data_j.xls,2026-07-10T23:26:35.886407+00:00
3148.T,3148,クリエイトＳＤホールディングス,プライム（内国株式）,6100,小売業,0014,小売,0006,TOPIX Small 1,20260630,https://www.jpx.co.jp/markets/statistics-equities/misc/tvdivq0000001vg2-att/data_j.xls,2026-07-10T23:26:35.886407+00:00
3150.T,3150,グリムス,プライム（内国株式）,4050,電気・ガス業,0011,電力・ガス,0007,TOPIX Small 2,20260630,https://www.jpx.co.jp/markets/statistics-equities/misc/tvdivq0000001vg2-att/data_j.xls,2026-07-10T23:26:35.886407+00:00
3151.T,3151,バイタルケーエスケー・ホールディングス,プライム（内国株式）,6050,卸売業,0013,商社・卸売,0007,TOPIX Small 2,20260630,https://www.jpx.co.jp/markets/statistics-equities/misc/tvdivq0000001vg2-att/data_j.xls,2026-07-10T23:26:35.886407+00:00
3153.T,3153,八洲電機,プライム（内国株式）,6050,卸売業,0013,商社・卸売,0007,TOPIX Small 2,20260630,https://www.jpx.co.jp/markets/statistics-equities/misc/tvdivq0000001vg2-att/data_j.xls,2026-07-10T23:26:35.886407+00:00
3154.T,3154,メディアスホールディングス,プライム（内国株式）,6050,卸売業,0013,商社・卸売,0007,TOPIX Small 2,20260630,https://www.jpx.co.jp/markets/statistics-equities/misc/tvdivq0000001vg2-att/data_j.xls,2026-07-10T23:26:35.886407+00:00
3156.T,3156,レスター,プライム（内国株式）,6050,卸売業,0013,商社・卸売,0007,TOPIX Small 2,20260630,https://www.jpx.co.jp/markets/statistics-equities/misc/tvdivq0000001vg2-att/data_j.xls,2026-07-10T23:26:35.886407+00:00
3157.T,3157,ジオリーブグループ,スタンダード（内国株式）,6050,卸売業,0013,商社・卸売,-,-,20260630,https://www.jpx.co.jp/markets/statistics-equities/misc/tvdivq0000001vg2-att/data_j.xls,2026-07-10T23:26:35.886407+00:00
3159.T,3159,丸善ＣＨＩホールディングス,スタンダード（内国株式）,6100,小売業,0014,小売,-,-,20260630,https://www.jpx.co.jp/markets/statistics-equities/misc/tvdivq0000001vg2-att/data_j.xls,2026-07-10T23:26:35.886407+00:00
3160.T,3160,大光,スタンダード（内国株式）,6050,卸売業,0013,商社・卸売,-,-,20260630,https://www.jpx.co.jp/markets/statistics-equities/misc/tvdivq0000001vg2-att/data_j.xls,2026-07-10T23:26:35.886407+00:00
3161.T,3161,アゼアス,スタンダード（内国株式）,6050,卸売業,0013,商社・卸売,-,-,20260630,https://www.jpx.co.jp/markets/statistics-equities/misc/tvdivq0000001vg2-att/data_j.xls,2026-07-10T23:26:35.886407+00:00
3166.T,3166,ＯＣＨＩホールディングス,スタンダード（内国株式）,6050,卸売業,0013,商社・卸売,-,-,20260630,https://www.jpx.co.jp/markets/statistics-equities/misc/tvdivq0000001vg2-att/data_j.xls,2026-07-10T23:26:35.886407+00:00
3167.T,3167,ＴＯＫＡＩホールディングス,プライム（内国株式）,6050,卸売業,0013,商社・卸売,0006,TOPIX Small 1,20260630,https://www.jpx.co.jp/markets/statistics-equities/misc/tvdivq0000001vg2-att/data_j.xls,2026-07-10T23:26:35.886407+00:00
3168.T,3168,ＭＥＲＦ,スタンダード（内国株式）,6050,卸売業,0013,商社・卸売,-,-,20260630,https://www.jpx.co.jp/markets/statistics-equities/misc/tvdivq0000001vg2-att/data_j.xls,2026-07-10T23:26:35.886407+00:00
3169.T,3169,ミサワ,スタンダード（内国株式）,6100,小売業,0014,小売,-,-,20260630,https://www.jpx.co.jp/markets/statistics-equities/misc/tvdivq0000001vg2-att/data_j.xls,2026-07-10T23:26:35.886407+00:00
3172.T,3172,ティーライフ,スタンダード（内国株式）,6100,小売業,0014,小売,-,-,20260630,https://www.jpx.co.jp/markets/statistics-equities/misc/tvdivq0000001vg2-att/data_j.xls,2026-07-10T23:26:35.886407+00:00
3173.T,3173,Ｃｏｍｉｎｉｘ,スタンダード（内国株式）,6050,卸売業,0013,商社・卸売,-,-,20260630,https://www.jpx.co.jp/markets/statistics-equities/misc/tvdivq0000001vg2-att/data_j.xls,2026-07-10T23:26:35.886407+00:00
3174.T,3174,ハピネス・アンド・ディ,スタンダード（内国株式）,6100,小売業,0014,小売,-,-,20260630,https://www.jpx.co.jp/markets/statistics-equities/misc/tvdivq0000001vg2-att/data_j.xls,2026-07-10T23:26:35.886407+00:00
3175.T,3175,エー・ピーホールディングス,スタンダード（内国株式）,6100,小売業,0014,小売,-,-,20260630,https://www.jpx.co.jp/markets/statistics-equities/misc/tvdivq0000001vg2-att/data_j.xls,2026-07-10T23:26:35.886407+00:00
3176.T,3176,三洋貿易,プライム（内国株式）,6050,卸売業,0013,商社・卸売,0007,TOPIX Small 2,20260630,https://www.jpx.co.jp/markets/statistics-equities/misc/tvdivq0000001vg2-att/data_j.xls,2026-07-10T23:26:35.886407+00:00
3177.T,3177,ありがとうサービス,スタンダード（内国株式）,6100,小売業,0014,小売,-,-,20260630,https://www.jpx.co.jp/markets/statistics-equities/misc/tvdivq0000001vg2-att/data_j.xls,2026-07-10T23:26:35.886407+00:00
3178.T,3178,チムニー,スタンダード（内国株式）,6100,小売業,0014,小売,-,-,20260630,https://www.jpx.co.jp/markets/statistics-equities/misc/tvdivq0000001vg2-att/data_j.xls,2026-07-10T23:26:35.886407+00:00
3179.T,3179,シュッピン,プライム（内国株式）,6100,小売業,0014,小売,0007,TOPIX Small 2,20260630,https://www.jpx.co.jp/markets/statistics-equities/misc/tvdivq0000001vg2-att/data_j.xls,2026-07-10T23:26:35.886407+00:00
3180.T,3180,ビューティガレージ,プライム（内国株式）,6050,卸売業,0013,商社・卸売,0007,TOPIX Small 2,20260630,https://www.jpx.co.jp/markets/statistics-equities/misc/tvdivq0000001vg2-att/data_j.xls,2026-07-10T23:26:35.886407+00:00
3181.T,3181,買取王国,スタンダード（内国株式）,6100,小売業,0014,小売,-,-,20260630,https://www.jpx.co.jp/markets/statistics-equities/misc/tvdivq0000001vg2-att/data_j.xls,2026-07-10T23:26:35.886407+00:00
3182.T,3182,オイシックス・ラ・大地,プライム（内国株式）,6100,小売業,0014,小売,0006,TOPIX Small 1,20260630,https://www.jpx.co.jp/markets/statistics-equities/misc/tvdivq0000001vg2-att/data_j.xls,2026-07-10T23:26:35.886407+00:00
3183.T,3183,ウイン・パートナーズ,プライム（内国株式）,6050,卸売業,0013,商社・卸売,0007,TOPIX Small 2,20260630,https://www.jpx.co.jp/markets/statistics-equities/misc/tvdivq0000001vg2-att/data_j.xls,2026-07-10T23:26:35.886407+00:00
3184.T,3184,ＩＣＤＡホールディングス,スタンダード（内国株式）,6100,小売業,0014,小売,-,-,20260630,https://www.jpx.co.jp/markets/statistics-equities/misc/tvdivq0000001vg2-att/data_j.xls,2026-07-10T23:26:35.886407+00:00
3185.T,3185,夢展望,グロース（内国株式）,6100,小売業,0014,小売,-,-,20260630,https://www.jpx.co.jp/markets/statistics-equities/misc/tvdivq0000001vg2-att/data_j.xls,2026-07-10T23:26:35.886407+00:00
3186.T,3186,ネクステージ,プライム（内国株式）,6100,小売業,0014,小売,0006,TOPIX Small 1,20260630,https://www.jpx.co.jp/markets/statistics-equities/misc/tvdivq0000001vg2-att/data_j.xls,2026-07-10T23:26:35.886407+00:00
3187.T,3187,ミラタップ,グロース（内国株式）,6100,小売業,0014,小売,-,-,20260630,https://www.jpx.co.jp/markets/statistics-equities/misc/tvdivq0000001vg2-att/data_j.xls,2026-07-10T23:26:35.886407+00:00
3189.T,3189,ＡＮＡＰホールディングス,スタンダード（内国株式）,6100,小売業,0014,小売,-,-,20260630,https://www.jpx.co.jp/markets/statistics-equities/misc/tvdivq0000001vg2-att/data_j.xls,2026-07-10T23:26:35.886407+00:00
3190.T,3190,ホットマン,スタンダード（内国株式）,6100,小売業,0014,小売,-,-,20260630,https://www.jpx.co.jp/markets/statistics-equities/misc/tvdivq0000001vg2-att/data_j.xls,2026-07-10T23:26:35.886407+00:00
3191.T,3191,ジョイフル本田,プライム（内国株式）,6100,小売業,0014,小売,0006,TOPIX Small 1,20260630,https://www.jpx.co.jp/markets/statistics-equities/misc/tvdivq0000001vg2-att/data_j.xls,2026-07-10T23:26:35.886407+00:00
3192.T,3192,白鳩,スタンダード（内国株式）,6100,小売業,0014,小売,-,-,20260630,https://www.jpx.co.jp/markets/statistics-equities/misc/tvdivq0000001vg2-att/data_j.xls,2026-07-10T23:26:35.886407+00:00
3193.T,3193,エターナルホスピタリティグループ,プライム（内国株式）,6100,小売業,0014,小売,0007,TOPIX Small 2,20260630,https://www.jpx.co.jp/markets/statistics-equities/misc/tvdivq0000001vg2-att/data_j.xls,2026-07-10T23:26:35.886407+00:00
3195.T,3195,ジェネレーションパス,スタンダード（内国株式）,6100,小売業,0014,小売,-,-,20260630,https://www.jpx.co.jp/markets/statistics-equities/misc/tvdivq0000001vg2-att/data_j.xls,2026-07-10T23:26:35.886407+00:00
3196.T,3196,ホットランドホールディングス,プライム（内国株式）,6100,小売業,0014,小売,0007,TOPIX Small 2,20260630,https://www.jpx.co.jp/markets/statistics-equities/misc/tvdivq0000001vg2-att/data_j.xls,2026-07-10T23:26:35.886407+00:00
3197.T,3197,すかいらーくホールディングス,プライム（内国株式）,6100,小売業,0014,小売,0004,TOPIX Mid400,20260630,https://www.jpx.co.jp/markets/statistics-equities/misc/tvdivq0000001vg2-att/data_j.xls,2026-07-10T23:26:35.886407+00:00
3199.T,3199,綿半ホールディングス,プライム（内国株式）,6100,小売業,0014,小売,0007,TOPIX Small 2,20260630,https://www.jpx.co.jp/markets/statistics-equities/misc/tvdivq0000001vg2-att/data_j.xls,2026-07-10T23:26:35.886407+00:00
3201.T,3201,日本毛織,プライム（内国株式）,3100,繊維製品,0004,素材・化学,0006,TOPIX Small 1,20260630,https://www.jpx.co.jp/markets/statistics-equities/misc/tvdivq0000001vg2-att/data_j.xls,2026-07-10T23:26:35.886407+00:00
3202.T,3202,ダイトウボウ,スタンダード（内国株式）,3100,繊維製品,0004,素材・化学,-,-,20260630,https://www.jpx.co.jp/markets/statistics-equities/misc/tvdivq0000001vg2-att/data_j.xls,2026-07-10T23:26:35.886407+00:00
3204.T,3204,トーア紡コーポレーション,スタンダード（内国株式）,3100,繊維製品,0004,素材・化学,-,-,20260630,https://www.jpx.co.jp/markets/statistics-equities/misc/tvdivq0000001vg2-att/data_j.xls,2026-07-10T23:26:35.886407+00:00
3205.T,3205,ダイドーリミテッド,スタンダード（内国株式）,3100,繊維製品,0004,素材・化学,-,-,20260630,https://www.jpx.co.jp/markets/statistics-equities/misc/tvdivq0000001vg2-att/data_j.xls,2026-07-10T23:26:35.886407+00:00
3221.T,3221,ヨシックスホールディングス,プライム（内国株式）,6100,小売業,0014,小売,0007,TOPIX Small 2,20260630,https://www.jpx.co.jp/markets/statistics-equities/misc/tvdivq0000001vg2-att/data_j.xls,2026-07-10T23:26:35.886407+00:00
3222.T,3222,ユナイテッド・スーパーマーケット・ホールディングス,スタンダード（内国株式）,6100,小売業,0014,小売,0006,TOPIX Small 1,20260630,https://www.jpx.co.jp/markets/statistics-equities/misc/tvdivq0000001vg2-att/data_j.xls,2026-07-10T23:26:35.886407+00:00
3223.T,3223,エスエルディー,スタンダード（内国株式）,6100,小売業,0014,小売,-,-,20260630,https://www.jpx.co.jp/markets/statistics-equities/misc/tvdivq0000001vg2-att/data_j.xls,2026-07-10T23:26:35.886407+00:00
3224.T,3224,ゼネラル・オイスター,グロース（内国株式）,6100,小売業,0014,小売,-,-,20260630,https://www.jpx.co.jp/markets/statistics-equities/misc/tvdivq0000001vg2-att/data_j.xls,2026-07-10T23:26:35.886407+00:00
3226.T,3226,三井不動産アコモデーションファンド投資法人,REIT・ベンチャーファンド・カントリーファンド・インフラファンド,-,-,-,-,-,-,20260630,https://www.jpx.co.jp/markets/statistics-equities/misc/tvdivq0000001vg2-att/data_j.xls,2026-07-10T23:26:35.886407+00:00
3231.T,3231,野村不動産ホールディングス,プライム（内国株式）,8050,不動産業,0017,不動産,0004,TOPIX Mid400,20260630,https://www.jpx.co.jp/markets/statistics-equities/misc/tvdivq0000001vg2-att/data_j.xls,2026-07-10T23:26:35.886407+00:00
3232.T,3232,三重交通グループホールディングス,プライム（内国株式）,8050,不動産業,0017,不動産,0007,TOPIX Small 2,20260630,https://www.jpx.co.jp/markets/statistics-equities/misc/tvdivq0000001vg2-att/data_j.xls,2026-07-10T23:26:35.886407+00:00
3234.T,3234,森ヒルズリート投資法人,REIT・ベンチャーファンド・カントリーファンド・インフラファンド,-,-,-,-,-,-,20260630,https://www.jpx.co.jp/markets/statistics-equities/misc/tvdivq0000001vg2-att/data_j.xls,2026-07-10T23:26:35.886407+00:00
3236.T,3236,プロパスト,スタンダード（内国株式）,8050,不動産業,0017,不動産,-,-,20260630,https://www.jpx.co.jp/markets/statistics-equities/misc/tvdivq0000001vg2-att/data_j.xls,2026-07-10T23:26:35.886407+00:00
3237.T,3237,イントランス,グロース（内国株式）,8050,不動産業,0017,不動産,-,-,20260630,https://www.jpx.co.jp/markets/statistics-equities/misc/tvdivq0000001vg2-att/data_j.xls,2026-07-10T23:26:35.886407+00:00
3238.T,3238,セントラル総合開発,スタンダード（内国株式）,8050,不動産業,0017,不動産,-,-,20260630,https://www.jpx.co.jp/markets/statistics-equities/misc/tvdivq0000001vg2-att/data_j.xls,2026-07-10T23:26:35.886407+00:00
3241.T,3241,ウィル,スタンダード（内国株式）,8050,不動産業,0017,不動産,-,-,20260630,https://www.jpx.co.jp/markets/statistics-equities/misc/tvdivq0000001vg2-att/data_j.xls,2026-07-10T23:26:35.886407+00:00
3242.T,3242,アーバネットコーポレーション,スタンダード（内国株式）,8050,不動産業,0017,不動産,-,-,20260630,https://www.jpx.co.jp/markets/statistics-equities/misc/tvdivq0000001vg2-att/data_j.xls,2026-07-10T23:26:35.886407+00:00
3245.T,3245,ディア・ライフ,プライム（内国株式）,8050,不動産業,0017,不動産,0007,TOPIX Small 2,20260630,https://www.jpx.co.jp/markets/statistics-equities/misc/tvdivq0000001vg2-att/data_j.xls,2026-07-10T23:26:35.886407+00:00
3246.T,3246,コーセーアールイー,スタンダード（内国株式）,8050,不動産業,0017,不動産,-,-,20260630,https://www.jpx.co.jp/markets/statistics-equities/misc/tvdivq0000001vg2-att/data_j.xls,2026-07-10T23:26:35.886407+00:00
3248.T,3248,アールエイジ,スタンダード（内国株式）,8050,不動産業,0017,不動産,-,-,20260630,https://www.jpx.co.jp/markets/statistics-equities/misc/tvdivq0000001vg2-att/data_j.xls,2026-07-10T23:26:35.886407+00:00
3249.T,3249,産業ファンド投資法人,REIT・ベンチャーファンド・カントリーファンド・インフラファンド,-,-,-,-,-,-,20260630,https://www.jpx.co.jp/markets/statistics-equities/misc/tvdivq0000001vg2-att/data_j.xls,2026-07-10T23:26:35.886407+00:00
3252.T,3252,地主,プライム（内国株式）,8050,不動産業,0017,不動産,0007,TOPIX Small 2,20260630,https://www.jpx.co.jp/markets/statistics-equities/misc/tvdivq0000001vg2-att/data_j.xls,2026-07-10T23:26:35.886407+00:00
3261.T,3261,グランディーズ,グロース（内国株式）,8050,不動産業,0017,不動産,-,-,20260630,https://www.jpx.co.jp/markets/statistics-equities/misc/tvdivq0000001vg2-att/data_j.xls,2026-07-10T23:26:35.886407+00:00
3266.T,3266,ファンドクリエーショングループ,スタンダード（内国株式）,8050,不動産業,0017,不動産,-,-,20260630,https://www.jpx.co.jp/markets/statistics-equities/misc/tvdivq0000001vg2-att/data_j.xls,2026-07-10T23:26:35.886407+00:00
3267.T,3267,フィル・カンパニー,スタンダード（内国株式）,2050,建設業,0003,建設・資材,0007,TOPIX Small 2,20260630,https://www.jpx.co.jp/markets/statistics-equities/misc/tvdivq0000001vg2-att/data_j.xls,2026-07-10T23:26:35.886407+00:00
3269.T,3269,アドバンス・レジデンス投資法人,REIT・ベンチャーファンド・カントリーファンド・インフラファンド,-,-,-,-,-,-,20260630,https://www.jpx.co.jp/markets/statistics-equities/misc/tvdivq0000001vg2-att/data_j.xls,2026-07-10T23:26:35.886407+00:00
3271.T,3271,ＴＨＥグローバル社,スタンダード（内国株式）,8050,不動産業,0017,不動産,-,-,20260630,https://www.jpx.co.jp/markets/statistics-equities/misc/tvdivq0000001vg2-att/data_j.xls,2026-07-10T23:26:35.886407+00:00
3276.T,3276,ＪＰＭＣ,プライム（内国株式）,8050,不動産業,0017,不動産,0007,TOPIX Small 2,20260630,https://www.jpx.co.jp/markets/statistics-equities/misc/tvdivq0000001vg2-att/data_j.xls,2026-07-10T23:26:35.886407+00:00
3277.T,3277,サンセイランディック,スタンダード（内国株式）,8050,不動産業,0017,不動産,-,-,20260630,https://www.jpx.co.jp/markets/statistics-equities/misc/tvdivq0000001vg2-att/data_j.xls,2026-07-10T23:26:35.886407+00:00
3279.T,3279,アクティビア・プロパティーズ投資法人,REIT・ベンチャーファンド・カントリーファンド・インフラファンド,-,-,-,-,-,-,20260630,https://www.jpx.co.jp/markets/statistics-equities/misc/tvdivq0000001vg2-att/data_j.xls,2026-07-10T23:26:35.886407+00:00
3280.T,3280,エストラスト,スタンダード（内国株式）,8050,不動産業,0017,不動産,-,-,20260630,https://www.jpx.co.jp/markets/statistics-equities/misc/tvdivq0000001vg2-att/data_j.xls,2026-07-10T23:26:35.886407+00:00
3281.T,3281,ＧＬＰ投資法人,REIT・ベンチャーファンド・カントリーファンド・インフラファンド,-,-,-,-,-,-,20260630,https://www.jpx.co.jp/markets/statistics-equities/misc/tvdivq0000001vg2-att/data_j.xls,2026-07-10T23:26:35.886407+00:00
3282.T,3282,コンフォリア・レジデンシャル投資法人,REIT・ベンチャーファンド・カントリーファンド・インフラファンド,-,-,-,-,-,-,20260630,https://www.jpx.co.jp/markets/statistics-equities/misc/tvdivq0000001vg2-att/data_j.xls,2026-07-10T23:26:35.886407+00:00
3283.T,3283,日本プロロジスリート投資法人,REIT・ベンチャーファンド・カントリーファンド・インフラファンド,-,-,-,-,-,-,20260630,https://www.jpx.co.jp/markets/statistics-equities/misc/tvdivq0000001vg2-att/data_j.xls,2026-07-10T23:26:35.886407+00:00
3284.T,3284,フージャースホールディングス,プライム（内国株式）,8050,不動産業,0017,不動産,0007,TOPIX Small 2,20260630,https://www.jpx.co.jp/markets/statistics-equities/misc/tvdivq0000001vg2-att/data_j.xls,2026-07-10T23:26:35.886407+00:00
3286.T,3286,トラストホールディングス,スタンダード（内国株式）,8050,不動産業,0017,不動産,-,-,20260630,https://www.jpx.co.jp/markets/statistics-equities/misc/tvdivq0000001vg2-att/data_j.xls,2026-07-10T23:26:35.886407+00:00
3287.T,3287,星野リゾート・リート投資法人,REIT・ベンチャーファンド・カントリーファンド・インフラファンド,-,-,-,-,-,-,20260630,https://www.jpx.co.jp/markets/statistics-equities/misc/tvdivq0000001vg2-att/data_j.xls,2026-07-10T23:26:35.886407+00:00
3288.T,3288,オープンハウスグループ,プライム（内国株式）,8050,不動産業,0017,不動産,0004,TOPIX Mid400,20260630,https://www.jpx.co.jp/markets/statistics-equities/misc/tvdivq0000001vg2-att/data_j.xls,2026-07-10T23:26:35.886407+00:00
3289.T,3289,東急不動産ホールディングス,プライム（内国株式）,8050,不動産業,0017,不動産,0004,TOPIX Mid400,20260630,https://www.jpx.co.jp/markets/statistics-equities/misc/tvdivq0000001vg2-att/data_j.xls,2026-07-10T23:26:35.886407+00:00
3290.T,3290,Ｏｎｅリート投資法人,REIT・ベンチャーファンド・カントリーファンド・インフラファンド,-,-,-,-,-,-,20260630,https://www.jpx.co.jp/markets/statistics-equities/misc/tvdivq0000001vg2-att/data_j.xls,2026-07-10T23:26:35.886407+00:00
3291.T,3291,飯田グループホールディングス,プライム（内国株式）,8050,不動産業,0017,不動産,0004,TOPIX Mid400,20260630,https://www.jpx.co.jp/markets/statistics-equities/misc/tvdivq0000001vg2-att/data_j.xls,2026-07-10T23:26:35.886407+00:00
3292.T,3292,イオンリート投資法人,REIT・ベンチャーファンド・カントリーファンド・インフラファンド,-,-,-,-,-,-,20260630,https://www.jpx.co.jp/markets/statistics-equities/misc/tvdivq0000001vg2-att/data_j.xls,2026-07-10T23:26:35.886407+00:00
3293.T,3293,アズマハウス,スタンダード（内国株式）,8050,不動産業,0017,不動産,-,-,20260630,https://www.jpx.co.jp/markets/statistics-equities/misc/tvdivq0000001vg2-att/data_j.xls,2026-07-10T23:26:35.886407+00:00
3295.T,3295,ヒューリックリート投資法人,REIT・ベンチャーファンド・カントリーファンド・インフラファンド,-,-,-,-,-,-,20260630,https://www.jpx.co.jp/markets/statistics-equities/misc/tvdivq0000001vg2-att/data_j.xls,2026-07-10T23:26:35.886407+00:00
3296.T,3296,日本リート投資法人,REIT・ベンチャーファンド・カントリーファンド・インフラファンド,-,-,-,-,-,-,20260630,https://www.jpx.co.jp/markets/statistics-equities/misc/tvdivq0000001vg2-att/data_j.xls,2026-07-10T23:26:35.886407+00:00
3297.T,3297,東武住販,スタンダード（内国株式）,8050,不動産業,0017,不動産,-,-,20260630,https://www.jpx.co.jp/markets/statistics-equities/misc/tvdivq0000001vg2-att/data_j.xls,2026-07-10T23:26:35.886407+00:00
3299.T,3299,ムゲンエステート,スタンダード（内国株式）,8050,不動産業,0017,不動産,-,-,20260630,https://www.jpx.co.jp/markets/statistics-equities/misc/tvdivq0000001vg2-att/data_j.xls,2026-07-10T23:26:35.886407+00:00
3300.T,3300,アンビション　ＤＸ　ホールディングス,グロース（内国株式）,8050,不動産業,0017,不動産,-,-,20260630,https://www.jpx.co.jp/markets/statistics-equities/misc/tvdivq0000001vg2-att/data_j.xls,2026-07-10T23:26:35.886407+00:00
3302.T,3302,帝国繊維,プライム（内国株式）,3100,繊維製品,0004,素材・化学,0007,TOPIX Small 2,20260630,https://www.jpx.co.jp/markets/statistics-equities/misc/tvdivq0000001vg2-att/data_j.xls,2026-07-10T23:26:35.886407+00:00
3306.T,3306,日本製麻,スタンダード（内国株式）,6050,卸売業,0013,商社・卸売,-,-,20260630,https://www.jpx.co.jp/markets/statistics-equities/misc/tvdivq0000001vg2-att/data_j.xls,2026-07-10T23:26:35.886407+00:00
3309.T,3309,積水ハウス・リート投資法人,REIT・ベンチャーファンド・カントリーファンド・インフラファンド,-,-,-,-,-,-,20260630,https://www.jpx.co.jp/markets/statistics-equities/misc/tvdivq0000001vg2-att/data_j.xls,2026-07-10T23:26:35.886407+00:00
3315.T,3315,日本コークス工業,プライム（内国株式）,3300,石油・石炭製品,0002,エネルギー資源,0007,TOPIX Small 2,20260630,https://www.jpx.co.jp/markets/statistics-equities/misc/tvdivq0000001vg2-att/data_j.xls,2026-07-10T23:26:35.886407+00:00
3317.T,3317,フライングガーデン,スタンダード（内国株式）,6100,小売業,0014,小売,-,-,20260630,https://www.jpx.co.jp/markets/statistics-equities/misc/tvdivq0000001vg2-att/data_j.xls,2026-07-10T23:26:35.886407+00:00
3320.T,3320,クロスプラス,スタンダード（内国株式）,6050,卸売業,0013,商社・卸売,-,-,20260630,https://www.jpx.co.jp/markets/statistics-equities/misc/tvdivq0000001vg2-att/data_j.xls,2026-07-10T23:26:35.886407+00:00
3321.T,3321,ミタチ産業,スタンダード（内国株式）,6050,卸売業,0013,商社・卸売,-,-,20260630,https://www.jpx.co.jp/markets/statistics-equities/misc/tvdivq0000001vg2-att/data_j.xls,2026-07-10T23:26:35.886407+00:00
3323.T,3323,レカム,スタンダード（内国株式）,6050,卸売業,0013,商社・卸売,-,-,20260630,https://www.jpx.co.jp/markets/statistics-equities/misc/tvdivq0000001vg2-att/data_j.xls,2026-07-10T23:26:35.886407+00:00
3326.T,3326,ランシステム,スタンダード（内国株式）,9050,サービス業,0010,情報通信・サービスその他,-,-,20260630,https://www.jpx.co.jp/markets/statistics-equities/misc/tvdivq0000001vg2-att/data_j.xls,2026-07-10T23:26:35.886407+00:00
3329.T,3329,東和フードサービス,スタンダード（内国株式）,6100,小売業,0014,小売,-,-,20260630,https://www.jpx.co.jp/markets/statistics-equities/misc/tvdivq0000001vg2-att/data_j.xls,2026-07-10T23:26:35.886407+00:00
3333.T,3333,あさひ,プライム（内国株式）,6100,小売業,0014,小売,0007,TOPIX Small 2,20260630,https://www.jpx.co.jp/markets/statistics-equities/misc/tvdivq0000001vg2-att/data_j.xls,2026-07-10T23:26:35.886407+00:00
3349.T,3349,コスモス薬品,プライム（内国株式）,6100,小売業,0014,小売,0004,TOPIX Mid400,20260630,https://www.jpx.co.jp/markets/statistics-equities/misc/tvdivq0000001vg2-att/data_j.xls,2026-07-10T23:26:35.886407+00:00
3350.T,3350,メタプラネット,スタンダード（内国株式）,6050,卸売業,0013,商社・卸売,-,-,20260630,https://www.jpx.co.jp/markets/statistics-equities/misc/tvdivq0000001vg2-att/data_j.xls,2026-07-10T23:26:35.886407+00:00
3352.T,3352,バッファロー,スタンダード（内国株式）,6100,小売業,0014,小売,-,-,20260630,https://www.jpx.co.jp/markets/statistics-equities/misc/tvdivq0000001vg2-att/data_j.xls,2026-07-10T23:26:35.886407+00:00
3353.T,3353,メディカル一光グループ,スタンダード（内国株式）,6100,小売業,0014,小売,-,-,20260630,https://www.jpx.co.jp/markets/statistics-equities/misc/tvdivq0000001vg2-att/data_j.xls,2026-07-10T23:26:35.886407+00:00
3355.T,3355,クリヤマホールディングス,スタンダード（内国株式）,6050,卸売業,0013,商社・卸売,-,-,20260630,https://www.jpx.co.jp/markets/statistics-equities/misc/tvdivq0000001vg2-att/data_j.xls,2026-07-10T23:26:35.886407+00:00
3358.T,3358,Ｔｒａｉｌｈｅａｄ　Ｇｌｏｂａｌ　Ｈｏｌｄｉｎｇｓ,スタンダード（内国株式）,6100,小売業,0014,小売,-,-,20260630,https://www.jpx.co.jp/markets/statistics-equities/misc/tvdivq0000001vg2-att/data_j.xls,2026-07-10T23:26:35.886407+00:00
3359.T,3359,ｃｏｔｔａ,グロース（内国株式）,6050,卸売業,0013,商社・卸売,-,-,20260630,https://www.jpx.co.jp/markets/statistics-equities/misc/tvdivq0000001vg2-att/data_j.xls,2026-07-10T23:26:35.886407+00:00
3360.T,3360,シップヘルスケアホールディングス,プライム（内国株式）,6050,卸売業,0013,商社・卸売,0004,TOPIX Mid400,20260630,https://www.jpx.co.jp/markets/statistics-equities/misc/tvdivq0000001vg2-att/data_j.xls,2026-07-10T23:26:35.886407+00:00
3361.T,3361,トーエル,スタンダード（内国株式）,6100,小売業,0014,小売,-,-,20260630,https://www.jpx.co.jp/markets/statistics-equities/misc/tvdivq0000001vg2-att/data_j.xls,2026-07-10T23:26:35.886407+00:00
3370.T,3370,フジタコーポレーション,スタンダード（内国株式）,6100,小売業,0014,小売,-,-,20260630,https://www.jpx.co.jp/markets/statistics-equities/misc/tvdivq0000001vg2-att/data_j.xls,2026-07-10T23:26:35.886407+00:00
3371.T,3371,ソフトクリエイトホールディングス,プライム（内国株式）,5250,情報・通信業,0010,情報通信・サービスその他,0007,TOPIX Small 2,20260630,https://www.jpx.co.jp/markets/statistics-equities/misc/tvdivq0000001vg2-att/data_j.xls,2026-07-10T23:26:35.886407+00:00
3372.T,3372,関門海,スタンダード（内国株式）,6100,小売業,0014,小売,-,-,20260630,https://www.jpx.co.jp/markets/statistics-equities/misc/tvdivq0000001vg2-att/data_j.xls,2026-07-10T23:26:35.886407+00:00
3374.T,3374,内外テック,スタンダード（内国株式）,6050,卸売業,0013,商社・卸売,-,-,20260630,https://www.jpx.co.jp/markets/statistics-equities/misc/tvdivq0000001vg2-att/data_j.xls,2026-07-10T23:26:35.886407+00:00
3375.T,3375,ＺＯＡ,スタンダード（内国株式）,6100,小売業,0014,小売,-,-,20260630,https://www.jpx.co.jp/markets/statistics-equities/misc/tvdivq0000001vg2-att/data_j.xls,2026-07-10T23:26:35.886407+00:00
3377.T,3377,バイク王＆カンパニー,スタンダード（内国株式）,6050,卸売業,0013,商社・卸売,-,-,20260630,https://www.jpx.co.jp/markets/statistics-equities/misc/tvdivq0000001vg2-att/data_j.xls,2026-07-10T23:26:35.886407+00:00
3382.T,3382,セブン＆アイ・ホールディングス,プライム（内国株式）,6100,小売業,0014,小売,0001,TOPIX Core30,20260630,https://www.jpx.co.jp/markets/statistics-equities/misc/tvdivq0000001vg2-att/data_j.xls,2026-07-10T23:26:35.886407+00:00
3386.T,3386,コスモ・バイオ,スタンダード（内国株式）,6050,卸売業,0013,商社・卸売,-,-,20260630,https://www.jpx.co.jp/markets/statistics-equities/misc/tvdivq0000001vg2-att/data_j.xls,2026-07-10T23:26:35.886407+00:00
3387.T,3387,クリエイト・レストランツ・ホールディングス,プライム（内国株式）,6100,小売業,0014,小売,0006,TOPIX Small 1,20260630,https://www.jpx.co.jp/markets/statistics-equities/misc/tvdivq0000001vg2-att/data_j.xls,2026-07-10T23:26:35.886407+00:00
3388.T,3388,明治電機工業,プライム（内国株式）,6050,卸売業,0013,商社・卸売,0007,TOPIX Small 2,20260630,https://www.jpx.co.jp/markets/statistics-equities/misc/tvdivq0000001vg2-att/data_j.xls,2026-07-10T23:26:35.886407+00:00
3391.T,3391,ツルハホールディングス,プライム（内国株式）,6100,小売業,0014,小売,0004,TOPIX Mid400,20260630,https://www.jpx.co.jp/markets/statistics-equities/misc/tvdivq0000001vg2-att/data_j.xls,2026-07-10T23:26:35.886407+00:00
3392.T,3392,デリカフーズホールディングス,スタンダード（内国株式）,6050,卸売業,0013,商社・卸売,-,-,20260630,https://www.jpx.co.jp/markets/statistics-equities/misc/tvdivq0000001vg2-att/data_j.xls,2026-07-10T23:26:35.886407+00:00
3393.T,3393,スターティアホールディングス,プライム（内国株式）,6050,卸売業,0013,商社・卸売,-,-,20260630,https://www.jpx.co.jp/markets/statistics-equities/misc/tvdivq0000001vg2-att/data_j.xls,2026-07-10T23:26:35.886407+00:00
3395.T,3395,サンマルクホールディングス,プライム（内国株式）,6100,小売業,0014,小売,0006,TOPIX Small 1,20260630,https://www.jpx.co.jp/markets/statistics-equities/misc/tvdivq0000001vg2-att/data_j.xls,2026-07-10T23:26:35.886407+00:00
3396.T,3396,フェリシモ,スタンダード（内国株式）,6100,小売業,0014,小売,-,-,20260630,https://www.jpx.co.jp/markets/statistics-equities/misc/tvdivq0000001vg2-att/data_j.xls,2026-07-10T23:26:35.886407+00:00
3397.T,3397,トリドールホールディングス,プライム（内国株式）,6100,小売業,0014,小売,0004,TOPIX Mid400,20260630,https://www.jpx.co.jp/markets/statistics-equities/misc/tvdivq0000001vg2-att/data_j.xls,2026-07-10T23:26:35.886407+00:00
3399.T,3399,丸千代山岡家,スタンダード（内国株式）,6100,小売業,0014,小売,-,-,20260630,https://www.jpx.co.jp/markets/statistics-equities/misc/tvdivq0000001vg2-att/data_j.xls,2026-07-10T23:26:35.886407+00:00
3401.T,3401,帝人,プライム（内国株式）,3100,繊維製品,0004,素材・化学,0004,TOPIX Mid400,20260630,https://www.jpx.co.jp/markets/statistics-equities/misc/tvdivq0000001vg2-att/data_j.xls,2026-07-10T23:26:35.886407+00:00
3402.T,3402,東レ,プライム（内国株式）,3100,繊維製品,0004,素材・化学,0004,TOPIX Mid400,20260630,https://www.jpx.co.jp/markets/statistics-equities/misc/tvdivq0000001vg2-att/data_j.xls,2026-07-10T23:26:35.886407+00:00
3405.T,3405,クラレ,プライム（内国株式）,3200,化学,0004,素材・化学,0004,TOPIX Mid400,20260630,https://www.jpx.co.jp/markets/statistics-equities/misc/tvdivq0000001vg2-att/data_j.xls,2026-07-10T23:26:35.886407+00:00
3407.T,3407,旭化成,プライム（内国株式）,3200,化学,0004,素材・化学,0002,TOPIX Large70,20260630,https://www.jpx.co.jp/markets/statistics-equities/misc/tvdivq0000001vg2-att/data_j.xls,2026-07-10T23:26:35.886407+00:00
3409.T,3409,北紡,スタンダード（内国株式）,3100,繊維製品,0004,素材・化学,-,-,20260630,https://www.jpx.co.jp/markets/statistics-equities/misc/tvdivq0000001vg2-att/data_j.xls,2026-07-10T23:26:35.886407+00:00
3415.T,3415,ＴＯＫＹＯ　ＢＡＳＥ,プライム（内国株式）,6100,小売業,0014,小売,0007,TOPIX Small 2,20260630,https://www.jpx.co.jp/markets/statistics-equities/misc/tvdivq0000001vg2-att/data_j.xls,2026-07-10T23:26:35.886407+00:00
3416.T,3416,ピクスタ,スタンダード（内国株式）,6100,小売業,0014,小売,-,-,20260630,https://www.jpx.co.jp/markets/statistics-equities/misc/tvdivq0000001vg2-att/data_j.xls,2026-07-10T23:26:35.886407+00:00
3417.T,3417,大木ヘルスケアホールディングス,スタンダード（内国株式）,6050,卸売業,0013,商社・卸売,-,-,20260630,https://www.jpx.co.jp/markets/statistics-equities/misc/tvdivq0000001vg2-att/data_j.xls,2026-07-10T23:26:35.886407+00:00
3418.T,3418,バルニバービ,グロース（内国株式）,6100,小売業,0014,小売,-,-,20260630,https://www.jpx.co.jp/markets/statistics-equities/misc/tvdivq0000001vg2-att/data_j.xls,2026-07-10T23:26:35.886407+00:00
3420.T,3420,ケー・エフ・シー,スタンダード（内国株式）,3550,金属製品,0003,建設・資材,-,-,20260630,https://www.jpx.co.jp/markets/statistics-equities/misc/tvdivq0000001vg2-att/data_j.xls,2026-07-10T23:26:35.886407+00:00
3421.T,3421,稲葉製作所,スタンダード（内国株式）,3550,金属製品,0003,建設・資材,0007,TOPIX Small 2,20260630,https://www.jpx.co.jp/markets/statistics-equities/misc/tvdivq0000001vg2-att/data_j.xls,2026-07-10T23:26:35.886407+00:00
3422.T,3422,Ｊ－ＭＡＸ,スタンダード（内国株式）,3550,金属製品,0003,建設・資材,-,-,20260630,https://www.jpx.co.jp/markets/statistics-equities/misc/tvdivq0000001vg2-att/data_j.xls,2026-07-10T23:26:35.886407+00:00
3423.T,3423,エスイー,スタンダード（内国株式）,3550,金属製品,0003,建設・資材,-,-,20260630,https://www.jpx.co.jp/markets/statistics-equities/misc/tvdivq0000001vg2-att/data_j.xls,2026-07-10T23:26:35.886407+00:00
3426.T,3426,アトムリビンテック,スタンダード（内国株式）,3550,金属製品,0003,建設・資材,-,-,20260630,https://www.jpx.co.jp/markets/statistics-equities/misc/tvdivq0000001vg2-att/data_j.xls,2026-07-10T23:26:35.886407+00:00
3431.T,3431,宮地エンジニアリンググループ,プライム（内国株式）,3550,金属製品,0003,建設・資材,0006,TOPIX Small 1,20260630,https://www.jpx.co.jp/markets/statistics-equities/misc/tvdivq0000001vg2-att/data_j.xls,2026-07-10T23:26:35.886407+00:00
3433.T,3433,トーカロ,プライム（内国株式）,3550,金属製品,0003,建設・資材,0006,TOPIX Small 1,20260630,https://www.jpx.co.jp/markets/statistics-equities/misc/tvdivq0000001vg2-att/data_j.xls,2026-07-10T23:26:35.886407+00:00
3434.T,3434,アルファＣｏ,スタンダード（内国株式）,3550,金属製品,0003,建設・資材,-,-,20260630,https://www.jpx.co.jp/markets/statistics-equities/misc/tvdivq0000001vg2-att/data_j.xls,2026-07-10T23:26:35.886407+00:00
3435.T,3435,サンコーテクノ,スタンダード（内国株式）,3550,金属製品,0003,建設・資材,-,-,20260630,https://www.jpx.co.jp/markets/statistics-equities/misc/tvdivq0000001vg2-att/data_j.xls,2026-07-10T23:26:35.886407+00:00
3436.T,3436,ＳＵＭＣＯ,プライム（内国株式）,3550,金属製品,0003,建設・資材,0004,TOPIX Mid400,20260630,https://www.jpx.co.jp/markets/statistics-equities/misc/tvdivq0000001vg2-att/data_j.xls,2026-07-10T23:26:35.886407+00:00
3437.T,3437,特殊電極,スタンダード（内国株式）,3550,金属製品,0003,建設・資材,-,-,20260630,https://www.jpx.co.jp/markets/statistics-equities/misc/tvdivq0000001vg2-att/data_j.xls,2026-07-10T23:26:35.886407+00:00
3439.T,3439,三ツ知,スタンダード（内国株式）,3550,金属製品,0003,建設・資材,-,-,20260630,https://www.jpx.co.jp/markets/statistics-equities/misc/tvdivq0000001vg2-att/data_j.xls,2026-07-10T23:26:35.886407+00:00
3440.T,3440,日創グループ,スタンダード（内国株式）,3550,金属製品,0003,建設・資材,-,-,20260630,https://www.jpx.co.jp/markets/statistics-equities/misc/tvdivq0000001vg2-att/data_j.xls,2026-07-10T23:26:35.886407+00:00
3441.T,3441,山王,スタンダード（内国株式）,3550,金属製品,0003,建設・資材,-,-,20260630,https://www.jpx.co.jp/markets/statistics-equities/misc/tvdivq0000001vg2-att/data_j.xls,2026-07-10T23:26:35.886407+00:00
3443.T,3443,川田テクノロジーズ,プライム（内国株式）,3550,金属製品,0003,建設・資材,0007,TOPIX Small 2,20260630,https://www.jpx.co.jp/markets/statistics-equities/misc/tvdivq0000001vg2-att/data_j.xls,2026-07-10T23:26:35.886407+00:00
3444.T,3444,菊池製作所,スタンダード（内国株式）,3550,金属製品,0003,建設・資材,-,-,20260630,https://www.jpx.co.jp/markets/statistics-equities/misc/tvdivq0000001vg2-att/data_j.xls,2026-07-10T23:26:35.886407+00:00
3445.T,3445,ＲＳ　Ｔｅｃｈｎｏｌｏｇｉｅｓ,プライム（内国株式）,3550,金属製品,0003,建設・資材,0006,TOPIX Small 1,20260630,https://www.jpx.co.jp/markets/statistics-equities/misc/tvdivq0000001vg2-att/data_j.xls,2026-07-10T23:26:35.886407+00:00
3446.T,3446,ジェイテックコーポレーション,スタンダード（内国株式）,3550,金属製品,0003,建設・資材,-,-,20260630,https://www.jpx.co.jp/markets/statistics-equities/misc/tvdivq0000001vg2-att/data_j.xls,2026-07-10T23:26:35.886407+00:00
3447.T,3447,信和,スタンダード（内国株式）,3550,金属製品,0003,建設・資材,-,-,20260630,https://www.jpx.co.jp/markets/statistics-equities/misc/tvdivq0000001vg2-att/data_j.xls,2026-07-10T23:26:35.886407+00:00
3448.T,3448,清鋼材,PRO Market,3550,金属製品,0003,建設・資材,-,-,20260630,https://www.jpx.co.jp/markets/statistics-equities/misc/tvdivq0000001vg2-att/data_j.xls,2026-07-10T23:26:35.886407+00:00
3449.T,3449,テクノフレックス,スタンダード（内国株式）,3550,金属製品,0003,建設・資材,-,-,20260630,https://www.jpx.co.jp/markets/statistics-equities/misc/tvdivq0000001vg2-att/data_j.xls,2026-07-10T23:26:35.886407+00:00
3450.T,3450,サトウ産業,PRO Market,3550,金属製品,0003,建設・資材,-,-,20260630,https://www.jpx.co.jp/markets/statistics-equities/misc/tvdivq0000001vg2-att/data_j.xls,2026-07-10T23:26:35.886407+00:00
3451.T,3451,トーセイ・リート投資法人,REIT・ベンチャーファンド・カントリーファンド・インフラファンド,-,-,-,-,-,-,20260630,https://www.jpx.co.jp/markets/statistics-equities/misc/tvdivq0000001vg2-att/data_j.xls,2026-07-10T23:26:35.886407+00:00
3452.T,3452,ビーロット,スタンダード（内国株式）,8050,不動産業,0017,不動産,-,-,20260630,https://www.jpx.co.jp/markets/statistics-equities/misc/tvdivq0000001vg2-att/data_j.xls,2026-07-10T23:26:35.886407+00:00
3454.T,3454,ファーストブラザーズ,スタンダード（内国株式）,8050,不動産業,0017,不動産,-,-,20260630,https://www.jpx.co.jp/markets/statistics-equities/misc/tvdivq0000001vg2-att/data_j.xls,2026-07-10T23:26:35.886407+00:00
3455.T,3455,ヘルスケア＆メディカル投資法人,REIT・ベンチャーファンド・カントリーファンド・インフラファンド,-,-,-,-,-,-,20260630,https://www.jpx.co.jp/markets/statistics-equities/misc/tvdivq0000001vg2-att/data_j.xls,2026-07-10T23:26:35.886407+00:00
3457.T,3457,Ａｎｄ　Ｄｏホールディングス,プライム（内国株式）,8050,不動産業,0017,不動産,0007,TOPIX Small 2,20260630,https://www.jpx.co.jp/markets/statistics-equities/misc/tvdivq0000001vg2-att/data_j.xls,2026-07-10T23:26:35.886407+00:00
3459.T,3459,サムティ・レジデンシャル投資法人,REIT・ベンチャーファンド・カントリーファンド・インフラファンド,-,-,-,-,-,-,20260630,https://www.jpx.co.jp/markets/statistics-equities/misc/tvdivq0000001vg2-att/data_j.xls,2026-07-10T23:26:35.886407+00:00
3461.T,3461,パルマ,スタンダード（内国株式）,8050,不動産業,0017,不動産,-,-,20260630,https://www.jpx.co.jp/markets/statistics-equities/misc/tvdivq0000001vg2-att/data_j.xls,2026-07-10T23:26:35.886407+00:00
3462.T,3462,野村不動産マスターファンド投資法人,REIT・ベンチャーファンド・カントリーファンド・インフラファンド,-,-,-,-,-,-,20260630,https://www.jpx.co.jp/markets/statistics-equities/misc/tvdivq0000001vg2-att/data_j.xls,2026-07-10T23:26:35.886407+00:00
3463.T,3463,いちごホテルリート投資法人,REIT・ベンチャーファンド・カントリーファンド・インフラファンド,-,-,-,-,-,-,20260630,https://www.jpx.co.jp/markets/statistics-equities/misc/tvdivq0000001vg2-att/data_j.xls,2026-07-10T23:26:35.886407+00:00
3465.T,3465,ケイアイスター不動産,プライム（内国株式）,8050,不動産業,0017,不動産,0006,TOPIX Small 1,20260630,https://www.jpx.co.jp/markets/statistics-equities/misc/tvdivq0000001vg2-att/data_j.xls,2026-07-10T23:26:35.886407+00:00
3466.T,3466,ラサールロジポート投資法人,REIT・ベンチャーファンド・カントリーファンド・インフラファンド,-,-,-,-,-,-,20260630,https://www.jpx.co.jp/markets/statistics-equities/misc/tvdivq0000001vg2-att/data_j.xls,2026-07-10T23:26:35.886407+00:00
3467.T,3467,アグレ都市デザイン,スタンダード（内国株式）,8050,不動産業,0017,不動産,-,-,20260630,https://www.jpx.co.jp/markets/statistics-equities/misc/tvdivq0000001vg2-att/data_j.xls,2026-07-10T23:26:35.886407+00:00
3468.T,3468,スターアジア不動産投資法人,REIT・ベンチャーファンド・カントリーファンド・インフラファンド,-,-,-,-,-,-,20260630,https://www.jpx.co.jp/markets/statistics-equities/misc/tvdivq0000001vg2-att/data_j.xls,2026-07-10T23:26:35.886407+00:00
3469.T,3469,デュアルタップ,スタンダード（内国株式）,8050,不動産業,0017,不動産,-,-,20260630,https://www.jpx.co.jp/markets/statistics-equities/misc/tvdivq0000001vg2-att/data_j.xls,2026-07-10T23:26:35.886407+00:00
3470.T,3470,マリモ地方創生リート投資法人,REIT・ベンチャーファンド・カントリーファンド・インフラファンド,-,-,-,-,-,-,20260630,https://www.jpx.co.jp/markets/statistics-equities/misc/tvdivq0000001vg2-att/data_j.xls,2026-07-10T23:26:35.886407+00:00
3471.T,3471,三井不動産ロジスティクスパーク投資法人,REIT・ベンチャーファンド・カントリーファンド・インフラファンド,-,-,-,-,-,-,20260630,https://www.jpx.co.jp/markets/statistics-equities/misc/tvdivq0000001vg2-att/data_j.xls,2026-07-10T23:26:35.886407+00:00
3472.T,3472,日本ホテル＆レジデンシャル投資法人,REIT・ベンチャーファンド・カントリーファンド・インフラファンド,-,-,-,-,-,-,20260630,https://www.jpx.co.jp/markets/statistics-equities/misc/tvdivq0000001vg2-att/data_j.xls,2026-07-10T23:26:35.886407+00:00
3474.T,3474,Ｇ－ＦＡＣＴＯＲＹ,グロース（内国株式）,8050,不動産業,0017,不動産,-,-,20260630,https://www.jpx.co.jp/markets/statistics-equities/misc/tvdivq0000001vg2-att/data_j.xls,2026-07-10T23:26:35.886407+00:00
3475.T,3475,グッドコムアセット,プライム（内国株式）,8050,不動産業,0017,不動産,0007,TOPIX Small 2,20260630,https://www.jpx.co.jp/markets/statistics-equities/misc/tvdivq0000001vg2-att/data_j.xls,2026-07-10T23:26:35.886407+00:00
3476.T,3476,投資法人みらい,REIT・ベンチャーファンド・カントリーファンド・インフラファンド,-,-,-,-,-,-,20260630,https://www.jpx.co.jp/markets/statistics-equities/misc/tvdivq0000001vg2-att/data_j.xls,2026-07-10T23:26:35.886407+00:00
3477.T,3477,フォーライフ,グロース（内国株式）,8050,不動産業,0017,不動産,-,-,20260630,https://www.jpx.co.jp/markets/statistics-equities/misc/tvdivq0000001vg2-att/data_j.xls,2026-07-10T23:26:35.886407+00:00
3479.T,3479,ＴＫＰ,グロース（内国株式）,8050,不動産業,0017,不動産,-,-,20260630,https://www.jpx.co.jp/markets/statistics-equities/misc/tvdivq0000001vg2-att/data_j.xls,2026-07-10T23:26:35.886407+00:00
3480.T,3480,ジェイ・エス・ビー,プライム（内国株式）,8050,不動産業,0017,不動産,0007,TOPIX Small 2,20260630,https://www.jpx.co.jp/markets/statistics-equities/misc/tvdivq0000001vg2-att/data_j.xls,2026-07-10T23:26:35.886407+00:00
3481.T,3481,三菱地所物流リート投資法人,REIT・ベンチャーファンド・カントリーファンド・インフラファンド,-,-,-,-,-,-,20260630,https://www.jpx.co.jp/markets/statistics-equities/misc/tvdivq0000001vg2-att/data_j.xls,2026-07-10T23:26:35.886407+00:00
3482.T,3482,ロードスターキャピタル,プライム（内国株式）,8050,不動産業,0017,不動産,0007,TOPIX Small 2,20260630,https://www.jpx.co.jp/markets/statistics-equities/misc/tvdivq0000001vg2-att/data_j.xls,2026-07-10T23:26:35.886407+00:00
3483.T,3483,翔栄,PRO Market,8050,不動産業,0017,不動産,-,-,20260630,https://www.jpx.co.jp/markets/statistics-equities/misc/tvdivq0000001vg2-att/data_j.xls,2026-07-10T23:26:35.886407+00:00
3484.T,3484,イノベーションホールディングス,スタンダード（内国株式）,8050,不動産業,0017,不動産,-,-,20260630,https://www.jpx.co.jp/markets/statistics-equities/misc/tvdivq0000001vg2-att/data_j.xls,2026-07-10T23:26:35.886407+00:00
3486.T,3486,グローバル・リンク・マネジメント,プライム（内国株式）,8050,不動産業,0017,不動産,-,-,20260630,https://www.jpx.co.jp/markets/statistics-equities/misc/tvdivq0000001vg2-att/data_j.xls,2026-07-10T23:26:35.886407+00:00
3487.T,3487,ＣＲＥロジスティクスファンド投資法人,REIT・ベンチャーファンド・カントリーファンド・インフラファンド,-,-,-,-,-,-,20260630,https://www.jpx.co.jp/markets/statistics-equities/misc/tvdivq0000001vg2-att/data_j.xls,2026-07-10T23:26:35.886407+00:00
3488.T,3488,セントラル・リート投資法人,REIT・ベンチャーファンド・カントリーファンド・インフラファンド,-,-,-,-,-,-,20260630,https://www.jpx.co.jp/markets/statistics-equities/misc/tvdivq0000001vg2-att/data_j.xls,2026-07-10T23:26:35.886407+00:00
3489.T,3489,フェイスネットワーク,スタンダード（内国株式）,8050,不動産業,0017,不動産,-,-,20260630,https://www.jpx.co.jp/markets/statistics-equities/misc/tvdivq0000001vg2-att/data_j.xls,2026-07-10T23:26:35.886407+00:00
3490.T,3490,アズ企画設計,スタンダード（内国株式）,8050,不動産業,0017,不動産,-,-,20260630,https://www.jpx.co.jp/markets/statistics-equities/misc/tvdivq0000001vg2-att/data_j.xls,2026-07-10T23:26:35.886407+00:00
3491.T,3491,ＧＡ　ｔｅｃｈｎｏｌｏｇｉｅｓ,グロース（内国株式）,8050,不動産業,0017,不動産,-,-,20260630,https://www.jpx.co.jp/markets/statistics-equities/misc/tvdivq0000001vg2-att/data_j.xls,2026-07-10T23:26:35.886407+00:00
3492.T,3492,ＭＩＲＡＲＴＨ不動産投資法人,REIT・ベンチャーファンド・カントリーファンド・インフラファンド,-,-,-,-,-,-,20260630,https://www.jpx.co.jp/markets/statistics-equities/misc/tvdivq0000001vg2-att/data_j.xls,2026-07-10T23:26:35.886407+00:00
3494.T,3494,マリオン,スタンダード（内国株式）,8050,不動産業,0017,不動産,-,-,20260630,https://www.jpx.co.jp/markets/statistics-equities/misc/tvdivq0000001vg2-att/data_j.xls,2026-07-10T23:26:35.886407+00:00
3495.T,3495,香陵住販,スタンダード（内国株式）,8050,不動産業,0017,不動産,-,-,20260630,https://www.jpx.co.jp/markets/statistics-equities/misc/tvdivq0000001vg2-att/data_j.xls,2026-07-10T23:26:35.886407+00:00
3496.T,3496,アズーム,プライム（内国株式）,8050,不動産業,0017,不動産,0007,TOPIX Small 2,20260630,https://www.jpx.co.jp/markets/statistics-equities/misc/tvdivq0000001vg2-att/data_j.xls,2026-07-10T23:26:35.886407+00:00
3498.T,3498,霞ヶ関キャピタル,プライム（内国株式）,8050,不動産業,0017,不動産,0006,TOPIX Small 1,20260630,https://www.jpx.co.jp/markets/statistics-equities/misc/tvdivq0000001vg2-att/data_j.xls,2026-07-10T23:26:35.886407+00:00
3501.T,3501,ＳＵＭＩＮＯＥ,プライム（内国株式）,3100,繊維製品,0004,素材・化学,-,-,20260630,https://www.jpx.co.jp/markets/statistics-equities/misc/tvdivq0000001vg2-att/data_j.xls,2026-07-10T23:26:35.886407+00:00
3512.T,3512,日本フエルト,スタンダード（内国株式）,3100,繊維製品,0004,素材・化学,-,-,20260630,https://www.jpx.co.jp/markets/statistics-equities/misc/tvdivq0000001vg2-att/data_j.xls,2026-07-10T23:26:35.886407+00:00
3513.T,3513,イチカワ,スタンダード（内国株式）,3100,繊維製品,0004,素材・化学,-,-,20260630,https://www.jpx.co.jp/markets/statistics-equities/misc/tvdivq0000001vg2-att/data_j.xls,2026-07-10T23:26:35.886407+00:00
3521.T,3521,テルマー湯ホールディングス,スタンダード（内国株式）,9050,サービス業,0010,情報通信・サービスその他,-,-,20260630,https://www.jpx.co.jp/markets/statistics-equities/misc/tvdivq0000001vg2-att/data_j.xls,2026-07-10T23:26:35.886407+00:00
3524.T,3524,日東製網,スタンダード（内国株式）,3100,繊維製品,0004,素材・化学,-,-,20260630,https://www.jpx.co.jp/markets/statistics-equities/misc/tvdivq0000001vg2-att/data_j.xls,2026-07-10T23:26:35.886407+00:00
3529.T,3529,アツギ,スタンダード（内国株式）,3100,繊維製品,0004,素材・化学,-,-,20260630,https://www.jpx.co.jp/markets/statistics-equities/misc/tvdivq0000001vg2-att/data_j.xls,2026-07-10T23:26:35.886407+00:00
3536.T,3536,アクサスホールディングス,スタンダード（内国株式）,6100,小売業,0014,小売,-,-,20260630,https://www.jpx.co.jp/markets/statistics-equities/misc/tvdivq0000001vg2-att/data_j.xls,2026-07-10T23:26:35.886407+00:00
3537.T,3537,昭栄薬品,スタンダード（内国株式）,6050,卸売業,0013,商社・卸売,-,-,20260630,https://www.jpx.co.jp/markets/statistics-equities/misc/tvdivq0000001vg2-att/data_j.xls,2026-07-10T23:26:35.886407+00:00
3538.T,3538,ウイルプラスホールディングス,スタンダード（内国株式）,6100,小売業,0014,小売,-,-,20260630,https://www.jpx.co.jp/markets/statistics-equities/misc/tvdivq0000001vg2-att/data_j.xls,2026-07-10T23:26:35.886407+00:00
3539.T,3539,ＪＭホールディングス,プライム（内国株式）,6100,小売業,0014,小売,0007,TOPIX Small 2,20260630,https://www.jpx.co.jp/markets/statistics-equities/misc/tvdivq0000001vg2-att/data_j.xls,2026-07-10T23:26:35.886407+00:00
3542.T,3542,ベガコーポレーション,グロース（内国株式）,6100,小売業,0014,小売,-,-,20260630,https://www.jpx.co.jp/markets/statistics-equities/misc/tvdivq0000001vg2-att/data_j.xls,2026-07-10T23:26:35.886407+00:00
3543.T,3543,コメダホールディングス,プライム（内国株式）,6050,卸売業,0013,商社・卸売,0006,TOPIX Small 1,20260630,https://www.jpx.co.jp/markets/statistics-equities/misc/tvdivq0000001vg2-att/data_j.xls,2026-07-10T23:26:35.886407+00:00
3544.T,3544,サツドラホールディングス,スタンダード（内国株式）,6100,小売業,0014,小売,-,-,20260630,https://www.jpx.co.jp/markets/statistics-equities/misc/tvdivq0000001vg2-att/data_j.xls,2026-07-10T23:26:35.886407+00:00
3547.T,3547,ユニシアホールディングス,スタンダード（内国株式）,6100,小売業,0014,小売,0007,TOPIX Small 2,20260630,https://www.jpx.co.jp/markets/statistics-equities/misc/tvdivq0000001vg2-att/data_j.xls,2026-07-10T23:26:35.886407+00:00
3548.T,3548,バロックジャパンリミテッド,プライム（内国株式）,6100,小売業,0014,小売,0007,TOPIX Small 2,20260630,https://www.jpx.co.jp/markets/statistics-equities/misc/tvdivq0000001vg2-att/data_j.xls,2026-07-10T23:26:35.886407+00:00
3549.T,3549,クスリのアオキホールディングス,スタンダード（内国株式）,6100,小売業,0014,小売,0004,TOPIX Mid400,20260630,https://www.jpx.co.jp/markets/statistics-equities/misc/tvdivq0000001vg2-att/data_j.xls,2026-07-10T23:26:35.886407+00:00
3550.T,3550,スタジオアタオ,グロース（内国株式）,6100,小売業,0014,小売,-,-,20260630,https://www.jpx.co.jp/markets/statistics-equities/misc/tvdivq0000001vg2-att/data_j.xls,2026-07-10T23:26:35.886407+00:00
3551.T,3551,ダイニック,スタンダード（内国株式）,3100,繊維製品,0004,素材・化学,-,-,20260630,https://www.jpx.co.jp/markets/statistics-equities/misc/tvdivq0000001vg2-att/data_j.xls,2026-07-10T23:26:35.886407+00:00
3553.T,3553,共和レザー,スタンダード（内国株式）,3200,化学,0004,素材・化学,-,-,20260630,https://www.jpx.co.jp/markets/statistics-equities/misc/tvdivq0000001vg2-att/data_j.xls,2026-07-10T23:26:35.886407+00:00
3556.T,3556,リネットジャパングループ,グロース（内国株式）,6100,小売業,0014,小売,-,-,20260630,https://www.jpx.co.jp/markets/statistics-equities/misc/tvdivq0000001vg2-att/data_j.xls,2026-07-10T23:26:35.886407+00:00
3557.T,3557,ユナイテッド＆コレクティブ,グロース（内国株式）,6100,小売業,0014,小売,-,-,20260630,https://www.jpx.co.jp/markets/statistics-equities/misc/tvdivq0000001vg2-att/data_j.xls,2026-07-10T23:26:35.886407+00:00
3558.T,3558,ジェイドグループ,グロース（内国株式）,6100,小売業,0014,小売,-,-,20260630,https://www.jpx.co.jp/markets/statistics-equities/misc/tvdivq0000001vg2-att/data_j.xls,2026-07-10T23:26:35.886407+00:00
3559.T,3559,ピーバンドットコム,スタンダード（内国株式）,6050,卸売業,0013,商社・卸売,-,-,20260630,https://www.jpx.co.jp/markets/statistics-equities/misc/tvdivq0000001vg2-att/data_j.xls,2026-07-10T23:26:35.886407+00:00
3560.T,3560,ほぼ日,スタンダード（内国株式）,6100,小売業,0014,小売,-,-,20260630,https://www.jpx.co.jp/markets/statistics-equities/misc/tvdivq0000001vg2-att/data_j.xls,2026-07-10T23:26:35.886407+00:00
3561.T,3561,力の源ホールディングス,プライム（内国株式）,6100,小売業,0014,小売,0007,TOPIX Small 2,20260630,https://www.jpx.co.jp/markets/statistics-equities/misc/tvdivq0000001vg2-att/data_j.xls,2026-07-10T23:26:35.886407+00:00
3562.T,3562,Ｎｏ．１,スタンダード（内国株式）,6050,卸売業,0013,商社・卸売,-,-,20260630,https://www.jpx.co.jp/markets/statistics-equities/misc/tvdivq0000001vg2-att/data_j.xls,2026-07-10T23:26:35.886407+00:00
3563.T,3563,ＦＯＯＤ　＆　ＬＩＦＥ　ＣＯＭＰＡＮＩＥＳ,プライム（内国株式）,6100,小売業,0014,小売,0004,TOPIX Mid400,20260630,https://www.jpx.co.jp/markets/statistics-equities/misc/tvdivq0000001vg2-att/data_j.xls,2026-07-10T23:26:35.886407+00:00
3565.T,3565,アセンテック,スタンダード（内国株式）,6050,卸売業,0013,商社・卸売,0007,TOPIX Small 2,20260630,https://www.jpx.co.jp/markets/statistics-equities/misc/tvdivq0000001vg2-att/data_j.xls,2026-07-10T23:26:35.886407+00:00
3566.T,3566,ユニフォームネクスト,グロース（内国株式）,6100,小売業,0014,小売,-,-,20260630,https://www.jpx.co.jp/markets/statistics-equities/misc/tvdivq0000001vg2-att/data_j.xls,2026-07-10T23:26:35.886407+00:00
3569.T,3569,セーレン,プライム（内国株式）,3100,繊維製品,0004,素材・化学,0006,TOPIX Small 1,20260630,https://www.jpx.co.jp/markets/statistics-equities/misc/tvdivq0000001vg2-att/data_j.xls,2026-07-10T23:26:35.886407+00:00
3571.T,3571,ソトー,スタンダード（内国株式）,3100,繊維製品,0004,素材・化学,-,-,20260630,https://www.jpx.co.jp/markets/statistics-equities/misc/tvdivq0000001vg2-att/data_j.xls,2026-07-10T23:26:35.886407+00:00
3577.T,3577,東海染工,スタンダード（内国株式）,3100,繊維製品,0004,素材・化学,-,-,20260630,https://www.jpx.co.jp/markets/statistics-equities/misc/tvdivq0000001vg2-att/data_j.xls,2026-07-10T23:26:35.886407+00:00
3580.T,3580,小松マテーレ,プライム（内国株式）,3100,繊維製品,0004,素材・化学,0007,TOPIX Small 2,20260630,https://www.jpx.co.jp/markets/statistics-equities/misc/tvdivq0000001vg2-att/data_j.xls,2026-07-10T23:26:35.886407+00:00
3583.T,3583,オーベクス,スタンダード（内国株式）,3100,繊維製品,0004,素材・化学,-,-,20260630,https://www.jpx.co.jp/markets/statistics-equities/misc/tvdivq0000001vg2-att/data_j.xls,2026-07-10T23:26:35.886407+00:00
3591.T,3591,ワコールホールディングス,プライム（内国株式）,3100,繊維製品,0004,素材・化学,0004,TOPIX Mid400,20260630,https://www.jpx.co.jp/markets/statistics-equities/misc/tvdivq0000001vg2-att/data_j.xls,2026-07-10T23:26:35.886407+00:00
3597.T,3597,自重堂,スタンダード（内国株式）,3100,繊維製品,0004,素材・化学,-,-,20260630,https://www.jpx.co.jp/markets/statistics-equities/misc/tvdivq0000001vg2-att/data_j.xls,2026-07-10T23:26:35.886407+00:00
3598.T,3598,山喜,スタンダード（内国株式）,3100,繊維製品,0004,素材・化学,-,-,20260630,https://www.jpx.co.jp/markets/statistics-equities/misc/tvdivq0000001vg2-att/data_j.xls,2026-07-10T23:26:35.886407+00:00
3600.T,3600,フジックス,スタンダード（内国株式）,3100,繊維製品,0004,素材・化学,-,-,20260630,https://www.jpx.co.jp/markets/statistics-equities/misc/tvdivq0000001vg2-att/data_j.xls,2026-07-10T23:26:35.886407+00:00
3607.T,3607,クラウディアホールディングス,スタンダード（内国株式）,3100,繊維製品,0004,素材・化学,-,-,20260630,https://www.jpx.co.jp/markets/statistics-equities/misc/tvdivq0000001vg2-att/data_j.xls,2026-07-10T23:26:35.886407+00:00
3608.T,3608,ＴＳＩホールディングス,プライム（内国株式）,3100,繊維製品,0004,素材・化学,0006,TOPIX Small 1,20260630,https://www.jpx.co.jp/markets/statistics-equities/misc/tvdivq0000001vg2-att/data_j.xls,2026-07-10T23:26:35.886407+00:00
3611.T,3611,マツオカコーポレーション,スタンダード（内国株式）,3100,繊維製品,0004,素材・化学,-,-,20260630,https://www.jpx.co.jp/markets/statistics-equities/misc/tvdivq0000001vg2-att/data_j.xls,2026-07-10T23:26:35.886407+00:00
3612.T,3612,ワールド,プライム（内国株式）,3100,繊維製品,0004,素材・化学,0006,TOPIX Small 1,20260630,https://www.jpx.co.jp/markets/statistics-equities/misc/tvdivq0000001vg2-att/data_j.xls,2026-07-10T23:26:35.886407+00:00
3622.T,3622,ネットイヤーグループ,スタンダード（内国株式）,5250,情報・通信業,0010,情報通信・サービスその他,-,-,20260630,https://www.jpx.co.jp/markets/statistics-equities/misc/tvdivq0000001vg2-att/data_j.xls,2026-07-10T23:26:35.886407+00:00
3623.T,3623,ビリングシステム,グロース（内国株式）,5250,情報・通信業,0010,情報通信・サービスその他,-,-,20260630,https://www.jpx.co.jp/markets/statistics-equities/misc/tvdivq0000001vg2-att/data_j.xls,2026-07-10T23:26:35.886407+00:00
3624.T,3624,アクセルマーク,グロース（内国株式）,5250,情報・通信業,0010,情報通信・サービスその他,-,-,20260630,https://www.jpx.co.jp/markets/statistics-equities/misc/tvdivq0000001vg2-att/data_j.xls,2026-07-10T23:26:35.886407+00:00
3625.T,3625,テックファームホールディングス,グロース（内国株式）,5250,情報・通信業,0010,情報通信・サービスその他,-,-,20260630,https://www.jpx.co.jp/markets/statistics-equities/misc/tvdivq0000001vg2-att/data_j.xls,2026-07-10T23:26:35.886407+00:00
3626.T,3626,ＴＩＳ,プライム（内国株式）,5250,情報・通信業,0010,情報通信・サービスその他,0004,TOPIX Mid400,20260630,https://www.jpx.co.jp/markets/statistics-equities/misc/tvdivq0000001vg2-att/data_j.xls,2026-07-10T23:26:35.886407+00:00
3627.T,3627,テクミラホールディングス,スタンダード（内国株式）,5250,情報・通信業,0010,情報通信・サービスその他,-,-,20260630,https://www.jpx.co.jp/markets/statistics-equities/misc/tvdivq0000001vg2-att/data_j.xls,2026-07-10T23:26:35.886407+00:00
3628.T,3628,データホライゾン,グロース（内国株式）,5250,情報・通信業,0010,情報通信・サービスその他,-,-,20260630,https://www.jpx.co.jp/markets/statistics-equities/misc/tvdivq0000001vg2-att/data_j.xls,2026-07-10T23:26:35.886407+00:00
3632.T,3632,グリーホールディングス,プライム（内国株式）,5250,情報・通信業,0010,情報通信・サービスその他,0007,TOPIX Small 2,20260630,https://www.jpx.co.jp/markets/statistics-equities/misc/tvdivq0000001vg2-att/data_j.xls,2026-07-10T23:26:35.886407+00:00
3633.T,3633,ＧＭＯペパボ,スタンダード（内国株式）,5250,情報・通信業,0010,情報通信・サービスその他,0007,TOPIX Small 2,20260630,https://www.jpx.co.jp/markets/statistics-equities/misc/tvdivq0000001vg2-att/data_j.xls,2026-07-10T23:26:35.886407+00:00
3634.T,3634,ソケッツ,スタンダード（内国株式）,5250,情報・通信業,0010,情報通信・サービスその他,-,-,20260630,https://www.jpx.co.jp/markets/statistics-equities/misc/tvdivq0000001vg2-att/data_j.xls,2026-07-10T23:26:35.886407+00:00
3635.T,3635,コーエーテクモホールディングス,プライム（内国株式）,5250,情報・通信業,0010,情報通信・サービスその他,0004,TOPIX Mid400,20260630,https://www.jpx.co.jp/markets/statistics-equities/misc/tvdivq0000001vg2-att/data_j.xls,2026-07-10T23:26:35.886407+00:00
3636.T,3636,三菱総合研究所,プライム（内国株式）,5250,情報・通信業,0010,情報通信・サービスその他,0006,TOPIX Small 1,20260630,https://www.jpx.co.jp/markets/statistics-equities/misc/tvdivq0000001vg2-att/data_j.xls,2026-07-10T23:26:35.886407+00:00
3639.T,3639,ボルテージ,スタンダード（内国株式）,5250,情報・通信業,0010,情報通信・サービスその他,-,-,20260630,https://www.jpx.co.jp/markets/statistics-equities/misc/tvdivq0000001vg2-att/data_j.xls,2026-07-10T23:26:35.886407+00:00
3640.T,3640,電算,スタンダード（内国株式）,5250,情報・通信業,0010,情報通信・サービスその他,-,-,20260630,https://www.jpx.co.jp/markets/statistics-equities/misc/tvdivq0000001vg2-att/data_j.xls,2026-07-10T23:26:35.886407+00:00
3641.T,3641,パピレス,スタンダード（内国株式）,5250,情報・通信業,0010,情報通信・サービスその他,-,-,20260630,https://www.jpx.co.jp/markets/statistics-equities/misc/tvdivq0000001vg2-att/data_j.xls,2026-07-10T23:26:35.886407+00:00
3645.T,3645,メディカルネット,グロース（内国株式）,5250,情報・通信業,0010,情報通信・サービスその他,-,-,20260630,https://www.jpx.co.jp/markets/statistics-equities/misc/tvdivq0000001vg2-att/data_j.xls,2026-07-10T23:26:35.886407+00:00
3646.T,3646,駅探,スタンダード（内国株式）,5250,情報・通信業,0010,情報通信・サービスその他,-,-,20260630,https://www.jpx.co.jp/markets/statistics-equities/misc/tvdivq0000001vg2-att/data_j.xls,2026-07-10T23:26:35.886407+00:00
3647.T,3647,アスリナ,スタンダード（内国株式）,5250,情報・通信業,0010,情報通信・サービスその他,-,-,20260630,https://www.jpx.co.jp/markets/statistics-equities/misc/tvdivq0000001vg2-att/data_j.xls,2026-07-10T23:26:35.886407+00:00
3648.T,3648,ＡＧＳ,スタンダード（内国株式）,5250,情報・通信業,0010,情報通信・サービスその他,-,-,20260630,https://www.jpx.co.jp/markets/statistics-equities/misc/tvdivq0000001vg2-att/data_j.xls,2026-07-10T23:26:35.886407+00:00
3649.T,3649,ファインデックス,プライム（内国株式）,5250,情報・通信業,0010,情報通信・サービスその他,0007,TOPIX Small 2,20260630,https://www.jpx.co.jp/markets/statistics-equities/misc/tvdivq0000001vg2-att/data_j.xls,2026-07-10T23:26:35.886407+00:00
3652.T,3652,ディジタルメディアプロフェッショナル,グロース（内国株式）,5250,情報・通信業,0010,情報通信・サービスその他,-,-,20260630,https://www.jpx.co.jp/markets/statistics-equities/misc/tvdivq0000001vg2-att/data_j.xls,2026-07-10T23:26:35.886407+00:00
3653.T,3653,モルフォ,グロース（内国株式）,5250,情報・通信業,0010,情報通信・サービスその他,-,-,20260630,https://www.jpx.co.jp/markets/statistics-equities/misc/tvdivq0000001vg2-att/data_j.xls,2026-07-10T23:26:35.886407+00:00
3656.T,3656,ＫＬａｂ,プライム（内国株式）,5250,情報・通信業,0010,情報通信・サービスその他,0007,TOPIX Small 2,20260630,https://www.jpx.co.jp/markets/statistics-equities/misc/tvdivq0000001vg2-att/data_j.xls,2026-07-10T23:26:35.886407+00:00
3657.T,3657,ポールトゥウィンホールディングス,プライム（内国株式）,5250,情報・通信業,0010,情報通信・サービスその他,0007,TOPIX Small 2,20260630,https://www.jpx.co.jp/markets/statistics-equities/misc/tvdivq0000001vg2-att/data_j.xls,2026-07-10T23:26:35.886407+00:00
3659.T,3659,ネクソン,プライム（内国株式）,5250,情報・通信業,0010,情報通信・サービスその他,0004,TOPIX Mid400,20260630,https://www.jpx.co.jp/markets/statistics-equities/misc/tvdivq0000001vg2-att/data_j.xls,2026-07-10T23:26:35.886407+00:00
3660.T,3660,アイスタイル,プライム（内国株式）,5250,情報・通信業,0010,情報通信・サービスその他,0006,TOPIX Small 1,20260630,https://www.jpx.co.jp/markets/statistics-equities/misc/tvdivq0000001vg2-att/data_j.xls,2026-07-10T23:26:35.886407+00:00
3661.T,3661,エムアップホールディングス,プライム（内国株式）,5250,情報・通信業,0010,情報通信・サービスその他,0006,TOPIX Small 1,20260630,https://www.jpx.co.jp/markets/statistics-equities/misc/tvdivq0000001vg2-att/data_j.xls,2026-07-10T23:26:35.886407+00:00
3662.T,3662,エイチームホールディングス,プライム（内国株式）,5250,情報・通信業,0010,情報通信・サービスその他,0007,TOPIX Small 2,20260630,https://www.jpx.co.jp/markets/statistics-equities/misc/tvdivq0000001vg2-att/data_j.xls,2026-07-10T23:26:35.886407+00:00
3663.T,3663,セルシス,プライム（内国株式）,5250,情報・通信業,0010,情報通信・サービスその他,0007,TOPIX Small 2,20260630,https://www.jpx.co.jp/markets/statistics-equities/misc/tvdivq0000001vg2-att/data_j.xls,2026-07-10T23:26:35.886407+00:00
3664.T,3664,ＷＩＺＥ,グロース（内国株式）,5250,情報・通信業,0010,情報通信・サービスその他,-,-,20260630,https://www.jpx.co.jp/markets/statistics-equities/misc/tvdivq0000001vg2-att/data_j.xls,2026-07-10T23:26:35.886407+00:00
3665.T,3665,エニグモ,プライム（内国株式）,5250,情報・通信業,0010,情報通信・サービスその他,0007,TOPIX Small 2,20260630,https://www.jpx.co.jp/markets/statistics-equities/misc/tvdivq0000001vg2-att/data_j.xls,2026-07-10T23:26:35.886407+00:00
3667.T,3667,ｅｎｉｓｈ,スタンダード（内国株式）,5250,情報・通信業,0010,情報通信・サービスその他,-,-,20260630,https://www.jpx.co.jp/markets/statistics-equities/misc/tvdivq0000001vg2-att/data_j.xls,2026-07-10T23:26:35.886407+00:00
3668.T,3668,コロプラ,プライム（内国株式）,5250,情報・通信業,0010,情報通信・サービスその他,0006,TOPIX Small 1,20260630,https://www.jpx.co.jp/markets/statistics-equities/misc/tvdivq0000001vg2-att/data_j.xls,2026-07-10T23:26:35.886407+00:00
3670.T,3670,協立情報通信,スタンダード（内国株式）,5250,情報・通信業,0010,情報通信・サービスその他,-,-,20260630,https://www.jpx.co.jp/markets/statistics-equities/misc/tvdivq0000001vg2-att/data_j.xls,2026-07-10T23:26:35.886407+00:00
3671.T,3671,ソフトマックス,スタンダード（内国株式）,5250,情報・通信業,0010,情報通信・サービスその他,-,-,20260630,https://www.jpx.co.jp/markets/statistics-equities/misc/tvdivq0000001vg2-att/data_j.xls,2026-07-10T23:26:35.886407+00:00
3672.T,3672,オルトプラス,スタンダード（内国株式）,5250,情報・通信業,0010,情報通信・サービスその他,-,-,20260630,https://www.jpx.co.jp/markets/statistics-equities/misc/tvdivq0000001vg2-att/data_j.xls,2026-07-10T23:26:35.886407+00:00
3673.T,3673,ブロードリーフ,プライム（内国株式）,5250,情報・通信業,0010,情報通信・サービスその他,0006,TOPIX Small 1,20260630,https://www.jpx.co.jp/markets/statistics-equities/misc/tvdivq0000001vg2-att/data_j.xls,2026-07-10T23:26:35.886407+00:00
3674.T,3674,オークファン,グロース（内国株式）,5250,情報・通信業,0010,情報通信・サービスその他,-,-,20260630,https://www.jpx.co.jp/markets/statistics-equities/misc/tvdivq0000001vg2-att/data_j.xls,2026-07-10T23:26:35.886407+00:00
3675.T,3675,クロス・マーケティンググループ,スタンダード（内国株式）,5250,情報・通信業,0010,情報通信・サービスその他,-,-,20260630,https://www.jpx.co.jp/markets/statistics-equities/misc/tvdivq0000001vg2-att/data_j.xls,2026-07-10T23:26:35.886407+00:00
3676.T,3676,デジタルハーツホールディングス,プライム（内国株式）,5250,情報・通信業,0010,情報通信・サービスその他,0007,TOPIX Small 2,20260630,https://www.jpx.co.jp/markets/statistics-equities/misc/tvdivq0000001vg2-att/data_j.xls,2026-07-10T23:26:35.886407+00:00
3678.T,3678,メディアドゥ,プライム（内国株式）,5250,情報・通信業,0010,情報通信・サービスその他,0007,TOPIX Small 2,20260630,https://www.jpx.co.jp/markets/statistics-equities/misc/tvdivq0000001vg2-att/data_j.xls,2026-07-10T23:26:35.886407+00:00
3679.T,3679,じげん,プライム（内国株式）,5250,情報・通信業,0010,情報通信・サービスその他,0007,TOPIX Small 2,20260630,https://www.jpx.co.jp/markets/statistics-equities/misc/tvdivq0000001vg2-att/data_j.xls,2026-07-10T23:26:35.886407+00:00
3680.T,3680,ホットリンク,グロース（内国株式）,5250,情報・通信業,0010,情報通信・サービスその他,-,-,20260630,https://www.jpx.co.jp/markets/statistics-equities/misc/tvdivq0000001vg2-att/data_j.xls,2026-07-10T23:26:35.886407+00:00
3681.T,3681,ブイキューブ,プライム（内国株式）,5250,情報・通信業,0010,情報通信・サービスその他,-,-,20260630,https://www.jpx.co.jp/markets/statistics-equities/misc/tvdivq0000001vg2-att/data_j.xls,2026-07-10T23:26:35.886407+00:00
3682.T,3682,エンカレッジ・テクノロジ,スタンダード（内国株式）,5250,情報・通信業,0010,情報通信・サービスその他,-,-,20260630,https://www.jpx.co.jp/markets/statistics-equities/misc/tvdivq0000001vg2-att/data_j.xls,2026-07-10T23:26:35.886407+00:00
3683.T,3683,サイバーリンクス,スタンダード（内国株式）,5250,情報・通信業,0010,情報通信・サービスその他,-,-,20260630,https://www.jpx.co.jp/markets/statistics-equities/misc/tvdivq0000001vg2-att/data_j.xls,2026-07-10T23:26:35.886407+00:00
3686.T,3686,ディー・エル・イー,スタンダード（内国株式）,5250,情報・通信業,0010,情報通信・サービスその他,-,-,20260630,https://www.jpx.co.jp/markets/statistics-equities/misc/tvdivq0000001vg2-att/data_j.xls,2026-07-10T23:26:35.886407+00:00
3687.T,3687,フィックスターズ,プライム（内国株式）,5250,情報・通信業,0010,情報通信・サービスその他,0007,TOPIX Small 2,20260630,https://www.jpx.co.jp/markets/statistics-equities/misc/tvdivq0000001vg2-att/data_j.xls,2026-07-10T23:26:35.886407+00:00
3690.T,3690,イルグルム,スタンダード（内国株式）,5250,情報・通信業,0010,情報通信・サービスその他,-,-,20260630,https://www.jpx.co.jp/markets/statistics-equities/misc/tvdivq0000001vg2-att/data_j.xls,2026-07-10T23:26:35.886407+00:00
3691.T,3691,デジタルプラス,グロース（内国株式）,5250,情報・通信業,0010,情報通信・サービスその他,-,-,20260630,https://www.jpx.co.jp/markets/statistics-equities/misc/tvdivq0000001vg2-att/data_j.xls,2026-07-10T23:26:35.886407+00:00
3692.T,3692,ＦＦＲＩセキュリティ,グロース（内国株式）,5250,情報・通信業,0010,情報通信・サービスその他,-,-,20260630,https://www.jpx.co.jp/markets/statistics-equities/misc/tvdivq0000001vg2-att/data_j.xls,2026-07-10T23:26:35.886407+00:00
3694.T,3694,オプティム,プライム（内国株式）,5250,情報・通信業,0010,情報通信・サービスその他,0007,TOPIX Small 2,20260630,https://www.jpx.co.jp/markets/statistics-equities/misc/tvdivq0000001vg2-att/data_j.xls,2026-07-10T23:26:35.886407+00:00
3695.T,3695,ＧＭＯプロダクトプラットフォーム,グロース（内国株式）,5250,情報・通信業,0010,情報通信・サービスその他,-,-,20260630,https://www.jpx.co.jp/markets/statistics-equities/misc/tvdivq0000001vg2-att/data_j.xls,2026-07-10T23:26:35.886407+00:00
3696.T,3696,セレス,プライム（内国株式）,5250,情報・通信業,0010,情報通信・サービスその他,0007,TOPIX Small 2,20260630,https://www.jpx.co.jp/markets/statistics-equities/misc/tvdivq0000001vg2-att/data_j.xls,2026-07-10T23:26:35.886407+00:00
3697.T,3697,ＳＨＩＦＴ,プライム（内国株式）,5250,情報・通信業,0010,情報通信・サービスその他,0004,TOPIX Mid400,20260630,https://www.jpx.co.jp/markets/statistics-equities/misc/tvdivq0000001vg2-att/data_j.xls,2026-07-10T23:26:35.886407+00:00
3698.T,3698,ＣＲＩ・ミドルウェア,スタンダード（内国株式）,5250,情報・通信業,0010,情報通信・サービスその他,-,-,20260630,https://www.jpx.co.jp/markets/statistics-equities/misc/tvdivq0000001vg2-att/data_j.xls,2026-07-10T23:26:35.886407+00:00
3708.T,3708,特種東海製紙,プライム（内国株式）,3150,パルプ・紙,0004,素材・化学,0007,TOPIX Small 2,20260630,https://www.jpx.co.jp/markets/statistics-equities/misc/tvdivq0000001vg2-att/data_j.xls,2026-07-10T23:26:35.886407+00:00
3710.T,3710,ジョルダン,スタンダード（内国株式）,5250,情報・通信業,0010,情報通信・サービスその他,-,-,20260630,https://www.jpx.co.jp/markets/statistics-equities/misc/tvdivq0000001vg2-att/data_j.xls,2026-07-10T23:26:35.886407+00:00
3712.T,3712,情報企画,スタンダード（内国株式）,5250,情報・通信業,0010,情報通信・サービスその他,-,-,20260630,https://www.jpx.co.jp/markets/statistics-equities/misc/tvdivq0000001vg2-att/data_j.xls,2026-07-10T23:26:35.886407+00:00
3719.T,3719,ＡＩストーム,スタンダード（内国株式）,5250,情報・通信業,0010,情報通信・サービスその他,-,-,20260630,https://www.jpx.co.jp/markets/statistics-equities/misc/tvdivq0000001vg2-att/data_j.xls,2026-07-10T23:26:35.886407+00:00
3723.T,3723,日本ファルコム,グロース（内国株式）,5250,情報・通信業,0010,情報通信・サービスその他,-,-,20260630,https://www.jpx.co.jp/markets/statistics-equities/misc/tvdivq0000001vg2-att/data_j.xls,2026-07-10T23:26:35.886407+00:00
3726.T,3726,フォーシーズＨＤ,スタンダード（内国株式）,6100,小売業,0014,小売,-,-,20260630,https://www.jpx.co.jp/markets/statistics-equities/misc/tvdivq0000001vg2-att/data_j.xls,2026-07-10T23:26:35.886407+00:00
3727.T,3727,アプリックス,グロース（内国株式）,5250,情報・通信業,0010,情報通信・サービスその他,-,-,20260630,https://www.jpx.co.jp/markets/statistics-equities/misc/tvdivq0000001vg2-att/data_j.xls,2026-07-10T23:26:35.886407+00:00
3733.T,3733,ソフトウェア・サービス,スタンダード（内国株式）,5250,情報・通信業,0010,情報通信・サービスその他,-,-,20260630,https://www.jpx.co.jp/markets/statistics-equities/misc/tvdivq0000001vg2-att/data_j.xls,2026-07-10T23:26:35.886407+00:00
3741.T,3741,セック,プライム（内国株式）,5250,情報・通信業,0010,情報通信・サービスその他,0007,TOPIX Small 2,20260630,https://www.jpx.co.jp/markets/statistics-equities/misc/tvdivq0000001vg2-att/data_j.xls,2026-07-10T23:26:35.886407+00:00
3744.T,3744,サイオス,スタンダード（内国株式）,5250,情報・通信業,0010,情報通信・サービスその他,-,-,20260630,https://www.jpx.co.jp/markets/statistics-equities/misc/tvdivq0000001vg2-att/data_j.xls,2026-07-10T23:26:35.886407+00:00
3747.T,3747,インタートレード,スタンダード（内国株式）,5250,情報・通信業,0010,情報通信・サービスその他,-,-,20260630,https://www.jpx.co.jp/markets/statistics-equities/misc/tvdivq0000001vg2-att/data_j.xls,2026-07-10T23:26:35.886407+00:00
3750.T,3750,ＡＤＲ１２０Ｓ,スタンダード（内国株式）,5250,情報・通信業,0010,情報通信・サービスその他,-,-,20260630,https://www.jpx.co.jp/markets/statistics-equities/misc/tvdivq0000001vg2-att/data_j.xls,2026-07-10T23:26:35.886407+00:00
3753.T,3753,フライトソリューションズ,スタンダード（内国株式）,5250,情報・通信業,0010,情報通信・サービスその他,-,-,20260630,https://www.jpx.co.jp/markets/statistics-equities/misc/tvdivq0000001vg2-att/data_j.xls,2026-07-10T23:26:35.886407+00:00
3758.T,3758,アエリア,スタンダード（内国株式）,5250,情報・通信業,0010,情報通信・サービスその他,-,-,20260630,https://www.jpx.co.jp/markets/statistics-equities/misc/tvdivq0000001vg2-att/data_j.xls,2026-07-10T23:26:35.886407+00:00
3760.T,3760,ケイブ,スタンダード（内国株式）,5250,情報・通信業,0010,情報通信・サービスその他,-,-,20260630,https://www.jpx.co.jp/markets/statistics-equities/misc/tvdivq0000001vg2-att/data_j.xls,2026-07-10T23:26:35.886407+00:00
3762.T,3762,テクマトリックス,プライム（内国株式）,5250,情報・通信業,0010,情報通信・サービスその他,0006,TOPIX Small 1,20260630,https://www.jpx.co.jp/markets/statistics-equities/misc/tvdivq0000001vg2-att/data_j.xls,2026-07-10T23:26:35.886407+00:00
3763.T,3763,プロシップ,プライム（内国株式）,5250,情報・通信業,0010,情報通信・サービスその他,0007,TOPIX Small 2,20260630,https://www.jpx.co.jp/markets/statistics-equities/misc/tvdivq0000001vg2-att/data_j.xls,2026-07-10T23:26:35.886407+00:00
3765.T,3765,ガンホー・オンライン・エンターテイメント,プライム（内国株式）,5250,情報・通信業,0010,情報通信・サービスその他,0006,TOPIX Small 1,20260630,https://www.jpx.co.jp/markets/statistics-equities/misc/tvdivq0000001vg2-att/data_j.xls,2026-07-10T23:26:35.886407+00:00
3766.T,3766,システムズ・デザイン,スタンダード（内国株式）,5250,情報・通信業,0010,情報通信・サービスその他,-,-,20260630,https://www.jpx.co.jp/markets/statistics-equities/misc/tvdivq0000001vg2-att/data_j.xls,2026-07-10T23:26:35.886407+00:00
3768.T,3768,リスクモンスター,スタンダード（内国株式）,5250,情報・通信業,0010,情報通信・サービスその他,-,-,20260630,https://www.jpx.co.jp/markets/statistics-equities/misc/tvdivq0000001vg2-att/data_j.xls,2026-07-10T23:26:35.886407+00:00
3769.T,3769,ＧＭＯペイメントゲートウェイ,プライム（内国株式）,5250,情報・通信業,0010,情報通信・サービスその他,0004,TOPIX Mid400,20260630,https://www.jpx.co.jp/markets/statistics-equities/misc/tvdivq0000001vg2-att/data_j.xls,2026-07-10T23:26:35.886407+00:00
3771.T,3771,システムリサーチ,プライム（内国株式）,5250,情報・通信業,0010,情報通信・サービスその他,0007,TOPIX Small 2,20260630,https://www.jpx.co.jp/markets/statistics-equities/misc/tvdivq0000001vg2-att/data_j.xls,2026-07-10T23:26:35.886407+00:00
3772.T,3772,ウェルス・マネジメント,スタンダード（内国株式）,8050,不動産業,0017,不動産,-,-,20260630,https://www.jpx.co.jp/markets/statistics-equities/misc/tvdivq0000001vg2-att/data_j.xls,2026-07-10T23:26:35.886407+00:00
3773.T,3773,アドバンスト・メディア,グロース（内国株式）,5250,情報・通信業,0010,情報通信・サービスその他,-,-,20260630,https://www.jpx.co.jp/markets/statistics-equities/misc/tvdivq0000001vg2-att/data_j.xls,2026-07-10T23:26:35.886407+00:00
3774.T,3774,インターネットイニシアティブ,プライム（内国株式）,5250,情報・通信業,0010,情報通信・サービスその他,0004,TOPIX Mid400,20260630,https://www.jpx.co.jp/markets/statistics-equities/misc/tvdivq0000001vg2-att/data_j.xls,2026-07-10T23:26:35.886407+00:00
3776.T,3776,ブロードバンドタワー,スタンダード（内国株式）,5250,情報・通信業,0010,情報通信・サービスその他,-,-,20260630,https://www.jpx.co.jp/markets/statistics-equities/misc/tvdivq0000001vg2-att/data_j.xls,2026-07-10T23:26:35.886407+00:00
3777.T,3777,環境フレンドリーホールディングス,グロース（内国株式）,5250,情報・通信業,0010,情報通信・サービスその他,-,-,20260630,https://www.jpx.co.jp/markets/statistics-equities/misc/tvdivq0000001vg2-att/data_j.xls,2026-07-10T23:26:35.886407+00:00
3778.T,3778,さくらインターネット,プライム（内国株式）,5250,情報・通信業,0010,情報通信・サービスその他,0006,TOPIX Small 1,20260630,https://www.jpx.co.jp/markets/statistics-equities/misc/tvdivq0000001vg2-att/data_j.xls,2026-07-10T23:26:35.886407+00:00
3779.T,3779,ジェイ・エスコムホールディングス,スタンダード（内国株式）,5250,情報・通信業,0010,情報通信・サービスその他,-,-,20260630,https://www.jpx.co.jp/markets/statistics-equities/misc/tvdivq0000001vg2-att/data_j.xls,2026-07-10T23:26:35.886407+00:00
3787.T,3787,テクノマセマティカル,スタンダード（内国株式）,5250,情報・通信業,0010,情報通信・サービスその他,-,-,20260630,https://www.jpx.co.jp/markets/statistics-equities/misc/tvdivq0000001vg2-att/data_j.xls,2026-07-10T23:26:35.886407+00:00
3788.T,3788,ＧＭＯグローバルサイン・ホールディングス,プライム（内国株式）,5250,情報・通信業,0010,情報通信・サービスその他,0007,TOPIX Small 2,20260630,https://www.jpx.co.jp/markets/statistics-equities/misc/tvdivq0000001vg2-att/data_j.xls,2026-07-10T23:26:35.886407+00:00
3791.T,3791,ＩＧポート,スタンダード（内国株式）,5250,情報・通信業,0010,情報通信・サービスその他,-,-,20260630,https://www.jpx.co.jp/markets/statistics-equities/misc/tvdivq0000001vg2-att/data_j.xls,2026-07-10T23:26:35.886407+00:00
3793.T,3793,ドリコム,グロース（内国株式）,5250,情報・通信業,0010,情報通信・サービスその他,-,-,20260630,https://www.jpx.co.jp/markets/statistics-equities/misc/tvdivq0000001vg2-att/data_j.xls,2026-07-10T23:26:35.886407+00:00
3796.T,3796,いい生活,スタンダード（内国株式）,5250,情報・通信業,0010,情報通信・サービスその他,-,-,20260630,https://www.jpx.co.jp/markets/statistics-equities/misc/tvdivq0000001vg2-att/data_j.xls,2026-07-10T23:26:35.886407+00:00
3798.T,3798,ＵＬＳグループ,スタンダード（内国株式）,5250,情報・通信業,0010,情報通信・サービスその他,-,-,20260630,https://www.jpx.co.jp/markets/statistics-equities/misc/tvdivq0000001vg2-att/data_j.xls,2026-07-10T23:26:35.886407+00:00
3799.T,3799,キーウェアソリューションズ,スタンダード（内国株式）,5250,情報・通信業,0010,情報通信・サービスその他,-,-,20260630,https://www.jpx.co.jp/markets/statistics-equities/misc/tvdivq0000001vg2-att/data_j.xls,2026-07-10T23:26:35.886407+00:00
3800.T,3800,ユニリタ,スタンダード（内国株式）,5250,情報・通信業,0010,情報通信・サービスその他,-,-,20260630,https://www.jpx.co.jp/markets/statistics-equities/misc/tvdivq0000001vg2-att/data_j.xls,2026-07-10T23:26:35.886407+00:00
3802.T,3802,エコミック,スタンダード（内国株式）,5250,情報・通信業,0010,情報通信・サービスその他,-,-,20260630,https://www.jpx.co.jp/markets/statistics-equities/misc/tvdivq0000001vg2-att/data_j.xls,2026-07-10T23:26:35.886407+00:00
3803.T,3803,イメージ情報開発,グロース（内国株式）,5250,情報・通信業,0010,情報通信・サービスその他,-,-,20260630,https://www.jpx.co.jp/markets/statistics-equities/misc/tvdivq0000001vg2-att/data_j.xls,2026-07-10T23:26:35.886407+00:00
3804.T,3804,システム　ディ,スタンダード（内国株式）,5250,情報・通信業,0010,情報通信・サービスその他,-,-,20260630,https://www.jpx.co.jp/markets/statistics-equities/misc/tvdivq0000001vg2-att/data_j.xls,2026-07-10T23:26:35.886407+00:00
3807.T,3807,フィスコ,グロース（内国株式）,5250,情報・通信業,0010,情報通信・サービスその他,-,-,20260630,https://www.jpx.co.jp/markets/statistics-equities/misc/tvdivq0000001vg2-att/data_j.xls,2026-07-10T23:26:35.886407+00:00
3810.T,3810,サイバーステップホールディングス,スタンダード（内国株式）,5250,情報・通信業,0010,情報通信・サービスその他,-,-,20260630,https://www.jpx.co.jp/markets/statistics-equities/misc/tvdivq0000001vg2-att/data_j.xls,2026-07-10T23:26:35.886407+00:00
3815.T,3815,メディア工房,グロース（内国株式）,5250,情報・通信業,0010,情報通信・サービスその他,-,-,20260630,https://www.jpx.co.jp/markets/statistics-equities/misc/tvdivq0000001vg2-att/data_j.xls,2026-07-10T23:26:35.886407+00:00
3816.T,3816,大和コンピューター,スタンダード（内国株式）,5250,情報・通信業,0010,情報通信・サービスその他,-,-,20260630,https://www.jpx.co.jp/markets/statistics-equities/misc/tvdivq0000001vg2-att/data_j.xls,2026-07-10T23:26:35.886407+00:00
3817.T,3817,ＳＲＡホールディングス,プライム（内国株式）,5250,情報・通信業,0010,情報通信・サービスその他,0007,TOPIX Small 2,20260630,https://www.jpx.co.jp/markets/statistics-equities/misc/tvdivq0000001vg2-att/data_j.xls,2026-07-10T23:26:35.886407+00:00
3823.T,3823,ＴＨＥ　ＷＨＹ　ＨＯＷ　ＤＯ　ＣＯＭＰＡＮＹ,スタンダード（内国株式）,5250,情報・通信業,0010,情報通信・サービスその他,-,-,20260630,https://www.jpx.co.jp/markets/statistics-equities/misc/tvdivq0000001vg2-att/data_j.xls,2026-07-10T23:26:35.886407+00:00
3825.T,3825,リミックスポイント,スタンダード（内国株式）,6100,小売業,0014,小売,-,-,20260630,https://www.jpx.co.jp/markets/statistics-equities/misc/tvdivq0000001vg2-att/data_j.xls,2026-07-10T23:26:35.886407+00:00
3826.T,3826,システムインテグレータ,スタンダード（内国株式）,5250,情報・通信業,0010,情報通信・サービスその他,-,-,20260630,https://www.jpx.co.jp/markets/statistics-equities/misc/tvdivq0000001vg2-att/data_j.xls,2026-07-10T23:26:35.886407+00:00
3834.T,3834,朝日ネット,プライム（内国株式）,5250,情報・通信業,0010,情報通信・サービスその他,0007,TOPIX Small 2,20260630,https://www.jpx.co.jp/markets/statistics-equities/misc/tvdivq0000001vg2-att/data_j.xls,2026-07-10T23:26:35.886407+00:00
3835.T,3835,ｅＢＡＳＥ,プライム（内国株式）,5250,情報・通信業,0010,情報通信・サービスその他,0007,TOPIX Small 2,20260630,https://www.jpx.co.jp/markets/statistics-equities/misc/tvdivq0000001vg2-att/data_j.xls,2026-07-10T23:26:35.886407+00:00
3836.T,3836,アバントグループ,プライム（内国株式）,5250,情報・通信業,0010,情報通信・サービスその他,0007,TOPIX Small 2,20260630,https://www.jpx.co.jp/markets/statistics-equities/misc/tvdivq0000001vg2-att/data_j.xls,2026-07-10T23:26:35.886407+00:00
3837.T,3837,アドソル日進,プライム（内国株式）,5250,情報・通信業,0010,情報通信・サービスその他,0007,TOPIX Small 2,20260630,https://www.jpx.co.jp/markets/statistics-equities/misc/tvdivq0000001vg2-att/data_j.xls,2026-07-10T23:26:35.886407+00:00
3839.T,3839,ＯＤＫソリューションズ,スタンダード（内国株式）,5250,情報・通信業,0010,情報通信・サービスその他,-,-,20260630,https://www.jpx.co.jp/markets/statistics-equities/misc/tvdivq0000001vg2-att/data_j.xls,2026-07-10T23:26:35.886407+00:00
3840.T,3840,パス,スタンダード（内国株式）,5250,情報・通信業,0010,情報通信・サービスその他,-,-,20260630,https://www.jpx.co.jp/markets/statistics-equities/misc/tvdivq0000001vg2-att/data_j.xls,2026-07-10T23:26:35.886407+00:00
3841.T,3841,ジーダット,スタンダード（内国株式）,5250,情報・通信業,0010,情報通信・サービスその他,-,-,20260630,https://www.jpx.co.jp/markets/statistics-equities/misc/tvdivq0000001vg2-att/data_j.xls,2026-07-10T23:26:35.886407+00:00
3842.T,3842,ネクストジェン,スタンダード（内国株式）,5250,情報・通信業,0010,情報通信・サービスその他,-,-,20260630,https://www.jpx.co.jp/markets/statistics-equities/misc/tvdivq0000001vg2-att/data_j.xls,2026-07-10T23:26:35.886407+00:00
3843.T,3843,フリービット,プライム（内国株式）,5250,情報・通信業,0010,情報通信・サービスその他,0007,TOPIX Small 2,20260630,https://www.jpx.co.jp/markets/statistics-equities/misc/tvdivq0000001vg2-att/data_j.xls,2026-07-10T23:26:35.886407+00:00
3844.T,3844,コムチュア,プライム（内国株式）,5250,情報・通信業,0010,情報通信・サービスその他,0006,TOPIX Small 1,20260630,https://www.jpx.co.jp/markets/statistics-equities/misc/tvdivq0000001vg2-att/data_j.xls,2026-07-10T23:26:35.886407+00:00
3845.T,3845,アイフリークモバイル,スタンダード（内国株式）,5250,情報・通信業,0010,情報通信・サービスその他,-,-,20260630,https://www.jpx.co.jp/markets/statistics-equities/misc/tvdivq0000001vg2-att/data_j.xls,2026-07-10T23:26:35.886407+00:00
3848.T,3848,データ・アプリケーション,スタンダード（内国株式）,5250,情報・通信業,0010,情報通信・サービスその他,-,-,20260630,https://www.jpx.co.jp/markets/statistics-equities/misc/tvdivq0000001vg2-att/data_j.xls,2026-07-10T23:26:35.886407+00:00
3850.T,3850,エヌ・ティ・ティ・データ・イントラマート,スタンダード（内国株式）,5250,情報・通信業,0010,情報通信・サービスその他,-,-,20260630,https://www.jpx.co.jp/markets/statistics-equities/misc/tvdivq0000001vg2-att/data_j.xls,2026-07-10T23:26:35.886407+00:00
3851.T,3851,日本一ソフトウェア,スタンダード（内国株式）,5250,情報・通信業,0010,情報通信・サービスその他,-,-,20260630,https://www.jpx.co.jp/markets/statistics-equities/misc/tvdivq0000001vg2-att/data_j.xls,2026-07-10T23:26:35.886407+00:00
3853.T,3853,アステリア,プライム（内国株式）,5250,情報・通信業,0010,情報通信・サービスその他,0007,TOPIX Small 2,20260630,https://www.jpx.co.jp/markets/statistics-equities/misc/tvdivq0000001vg2-att/data_j.xls,2026-07-10T23:26:35.886407+00:00
3854.T,3854,アイル,プライム（内国株式）,5250,情報・通信業,0010,情報通信・サービスその他,0007,TOPIX Small 2,20260630,https://www.jpx.co.jp/markets/statistics-equities/misc/tvdivq0000001vg2-att/data_j.xls,2026-07-10T23:26:35.886407+00:00
3856.T,3856,Ａｂａｌａｎｃｅ,スタンダード（内国株式）,3650,電気機器,0009,電機・精密,-,-,20260630,https://www.jpx.co.jp/markets/statistics-equities/misc/tvdivq0000001vg2-att/data_j.xls,2026-07-10T23:26:35.886407+00:00
3858.T,3858,ユビキタスＡＩ,スタンダード（内国株式）,5250,情報・通信業,0010,情報通信・サービスその他,-,-,20260630,https://www.jpx.co.jp/markets/statistics-equities/misc/tvdivq0000001vg2-att/data_j.xls,2026-07-10T23:26:35.886407+00:00
3861.T,3861,王子ホールディングス,プライム（内国株式）,3150,パルプ・紙,0004,素材・化学,0004,TOPIX Mid400,20260630,https://www.jpx.co.jp/markets/statistics-equities/misc/tvdivq0000001vg2-att/data_j.xls,2026-07-10T23:26:35.886407+00:00
3863.T,3863,日本製紙,プライム（内国株式）,3150,パルプ・紙,0004,素材・化学,0006,TOPIX Small 1,20260630,https://www.jpx.co.jp/markets/statistics-equities/misc/tvdivq0000001vg2-att/data_j.xls,2026-07-10T23:26:35.886407+00:00
3864.T,3864,三菱製紙,プライム（内国株式）,3150,パルプ・紙,0004,素材・化学,-,-,20260630,https://www.jpx.co.jp/markets/statistics-equities/misc/tvdivq0000001vg2-att/data_j.xls,2026-07-10T23:26:35.886407+00:00
3865.T,3865,北越コーポレーション,プライム（内国株式）,3150,パルプ・紙,0004,素材・化学,0006,TOPIX Small 1,20260630,https://www.jpx.co.jp/markets/statistics-equities/misc/tvdivq0000001vg2-att/data_j.xls,2026-07-10T23:26:35.886407+00:00
3877.T,3877,中越パルプ工業,プライム（内国株式）,3150,パルプ・紙,0004,素材・化学,-,-,20260630,https://www.jpx.co.jp/markets/statistics-equities/misc/tvdivq0000001vg2-att/data_j.xls,2026-07-10T23:26:35.886407+00:00
3878.T,3878,巴川コーポレーション,スタンダード（内国株式）,3200,化学,0004,素材・化学,-,-,20260630,https://www.jpx.co.jp/markets/statistics-equities/misc/tvdivq0000001vg2-att/data_j.xls,2026-07-10T23:26:35.886407+00:00
3880.T,3880,大王製紙,プライム（内国株式）,3150,パルプ・紙,0004,素材・化学,0006,TOPIX Small 1,20260630,https://www.jpx.co.jp/markets/statistics-equities/misc/tvdivq0000001vg2-att/data_j.xls,2026-07-10T23:26:35.886407+00:00
3891.T,3891,ニッポン高度紙工業,スタンダード（内国株式）,3150,パルプ・紙,0004,素材・化学,-,-,20260630,https://www.jpx.co.jp/markets/statistics-equities/misc/tvdivq0000001vg2-att/data_j.xls,2026-07-10T23:26:35.886407+00:00
3892.T,3892,岡山製紙,スタンダード（内国株式）,3150,パルプ・紙,0004,素材・化学,-,-,20260630,https://www.jpx.co.jp/markets/statistics-equities/misc/tvdivq0000001vg2-att/data_j.xls,2026-07-10T23:26:35.886407+00:00
3895.T,3895,ハビックス,スタンダード（内国株式）,3150,パルプ・紙,0004,素材・化学,-,-,20260630,https://www.jpx.co.jp/markets/statistics-equities/misc/tvdivq0000001vg2-att/data_j.xls,2026-07-10T23:26:35.886407+00:00
3896.T,3896,阿波製紙,スタンダード（内国株式）,3150,パルプ・紙,0004,素材・化学,-,-,20260630,https://www.jpx.co.jp/markets/statistics-equities/misc/tvdivq0000001vg2-att/data_j.xls,2026-07-10T23:26:35.886407+00:00
3900.T,3900,クラウドワークス,グロース（内国株式）,5250,情報・通信業,0010,情報通信・サービスその他,-,-,20260630,https://www.jpx.co.jp/markets/statistics-equities/misc/tvdivq0000001vg2-att/data_j.xls,2026-07-10T23:26:35.886407+00:00
3901.T,3901,マークラインズ,プライム（内国株式）,5250,情報・通信業,0010,情報通信・サービスその他,0007,TOPIX Small 2,20260630,https://www.jpx.co.jp/markets/statistics-equities/misc/tvdivq0000001vg2-att/data_j.xls,2026-07-10T23:26:35.886407+00:00
3903.T,3903,ｇｕｍｉ,プライム（内国株式）,5250,情報・通信業,0010,情報通信・サービスその他,0007,TOPIX Small 2,20260630,https://www.jpx.co.jp/markets/statistics-equities/misc/tvdivq0000001vg2-att/data_j.xls,2026-07-10T23:26:35.886407+00:00
3904.T,3904,カヤック,グロース（内国株式）,5250,情報・通信業,0010,情報通信・サービスその他,-,-,20260630,https://www.jpx.co.jp/markets/statistics-equities/misc/tvdivq0000001vg2-att/data_j.xls,2026-07-10T23:26:35.886407+00:00
3905.T,3905,データセクション,グロース（内国株式）,5250,情報・通信業,0010,情報通信・サービスその他,-,-,20260630,https://www.jpx.co.jp/markets/statistics-equities/misc/tvdivq0000001vg2-att/data_j.xls,2026-07-10T23:26:35.886407+00:00
3907.T,3907,シリコンスタジオ,スタンダード（内国株式）,5250,情報・通信業,0010,情報通信・サービスその他,-,-,20260630,https://www.jpx.co.jp/markets/statistics-equities/misc/tvdivq0000001vg2-att/data_j.xls,2026-07-10T23:26:35.886407+00:00
3908.T,3908,コラボス,スタンダード（内国株式）,5250,情報・通信業,0010,情報通信・サービスその他,-,-,20260630,https://www.jpx.co.jp/markets/statistics-equities/misc/tvdivq0000001vg2-att/data_j.xls,2026-07-10T23:26:35.886407+00:00
3909.T,3909,ショーケース,スタンダード（内国株式）,5250,情報・通信業,0010,情報通信・サービスその他,-,-,20260630,https://www.jpx.co.jp/markets/statistics-equities/misc/tvdivq0000001vg2-att/data_j.xls,2026-07-10T23:26:35.886407+00:00
3910.T,3910,エムケイシステム,スタンダード（内国株式）,5250,情報・通信業,0010,情報通信・サービスその他,-,-,20260630,https://www.jpx.co.jp/markets/statistics-equities/misc/tvdivq0000001vg2-att/data_j.xls,2026-07-10T23:26:35.886407+00:00
3911.T,3911,Ａｉｍｉｎｇ,グロース（内国株式）,5250,情報・通信業,0010,情報通信・サービスその他,-,-,20260630,https://www.jpx.co.jp/markets/statistics-equities/misc/tvdivq0000001vg2-att/data_j.xls,2026-07-10T23:26:35.886407+00:00
3912.T,3912,モバイルファクトリー,スタンダード（内国株式）,5250,情報・通信業,0010,情報通信・サービスその他,-,-,20260630,https://www.jpx.co.jp/markets/statistics-equities/misc/tvdivq0000001vg2-att/data_j.xls,2026-07-10T23:26:35.886407+00:00
3913.T,3913,ＧｒｅｅｎＢｅｅ,スタンダード（内国株式）,5250,情報・通信業,0010,情報通信・サービスその他,-,-,20260630,https://www.jpx.co.jp/markets/statistics-equities/misc/tvdivq0000001vg2-att/data_j.xls,2026-07-10T23:26:35.886407+00:00
3914.T,3914,ＪＩＧ－ＳＡＷ,グロース（内国株式）,5250,情報・通信業,0010,情報通信・サービスその他,-,-,20260630,https://www.jpx.co.jp/markets/statistics-equities/misc/tvdivq0000001vg2-att/data_j.xls,2026-07-10T23:26:35.886407+00:00
3915.T,3915,テラスカイ,プライム（内国株式）,5250,情報・通信業,0010,情報通信・サービスその他,0007,TOPIX Small 2,20260630,https://www.jpx.co.jp/markets/statistics-equities/misc/tvdivq0000001vg2-att/data_j.xls,2026-07-10T23:26:35.886407+00:00
3916.T,3916,デジタル・インフォメーション・テクノロジー,プライム（内国株式）,5250,情報・通信業,0010,情報通信・サービスその他,0007,TOPIX Small 2,20260630,https://www.jpx.co.jp/markets/statistics-equities/misc/tvdivq0000001vg2-att/data_j.xls,2026-07-10T23:26:35.886407+00:00
3917.T,3917,アイリッジ,グロース（内国株式）,5250,情報・通信業,0010,情報通信・サービスその他,-,-,20260630,https://www.jpx.co.jp/markets/statistics-equities/misc/tvdivq0000001vg2-att/data_j.xls,2026-07-10T23:26:35.886407+00:00
3918.T,3918,ＰＣＩホールディングス,スタンダード（内国株式）,5250,情報・通信業,0010,情報通信・サービスその他,-,-,20260630,https://www.jpx.co.jp/markets/statistics-equities/misc/tvdivq0000001vg2-att/data_j.xls,2026-07-10T23:26:35.886407+00:00
3920.T,3920,アイビーシー,スタンダード（内国株式）,5250,情報・通信業,0010,情報通信・サービスその他,-,-,20260630,https://www.jpx.co.jp/markets/statistics-equities/misc/tvdivq0000001vg2-att/data_j.xls,2026-07-10T23:26:35.886407+00:00
3921.T,3921,ネオジャパン,プライム（内国株式）,5250,情報・通信業,0010,情報通信・サービスその他,0007,TOPIX Small 2,20260630,https://www.jpx.co.jp/markets/statistics-equities/misc/tvdivq0000001vg2-att/data_j.xls,2026-07-10T23:26:35.886407+00:00
3922.T,3922,ＰＲ　ＴＩＭＥＳ,プライム（内国株式）,5250,情報・通信業,0010,情報通信・サービスその他,0007,TOPIX Small 2,20260630,https://www.jpx.co.jp/markets/statistics-equities/misc/tvdivq0000001vg2-att/data_j.xls,2026-07-10T23:26:35.886407+00:00
3923.T,3923,ラクス,プライム（内国株式）,5250,情報・通信業,0010,情報通信・サービスその他,0004,TOPIX Mid400,20260630,https://www.jpx.co.jp/markets/statistics-equities/misc/tvdivq0000001vg2-att/data_j.xls,2026-07-10T23:26:35.886407+00:00
3925.T,3925,ダブルスタンダード,プライム（内国株式）,5250,情報・通信業,0010,情報通信・サービスその他,0007,TOPIX Small 2,20260630,https://www.jpx.co.jp/markets/statistics-equities/misc/tvdivq0000001vg2-att/data_j.xls,2026-07-10T23:26:35.886407+00:00
3926.T,3926,オープンドア,スタンダード（内国株式）,5250,情報・通信業,0010,情報通信・サービスその他,0007,TOPIX Small 2,20260630,https://www.jpx.co.jp/markets/statistics-equities/misc/tvdivq0000001vg2-att/data_j.xls,2026-07-10T23:26:35.886407+00:00
3927.T,3927,フーバーブレイン,スタンダード（内国株式）,5250,情報・通信業,0010,情報通信・サービスその他,-,-,20260630,https://www.jpx.co.jp/markets/statistics-equities/misc/tvdivq0000001vg2-att/data_j.xls,2026-07-10T23:26:35.886407+00:00
3928.T,3928,マイネット,スタンダード（内国株式）,5250,情報・通信業,0010,情報通信・サービスその他,-,-,20260630,https://www.jpx.co.jp/markets/statistics-equities/misc/tvdivq0000001vg2-att/data_j.xls,2026-07-10T23:26:35.886407+00:00
3929.T,3929,ソーシャルワイヤー,グロース（内国株式）,5250,情報・通信業,0010,情報通信・サービスその他,-,-,20260630,https://www.jpx.co.jp/markets/statistics-equities/misc/tvdivq0000001vg2-att/data_j.xls,2026-07-10T23:26:35.886407+00:00
3930.T,3930,はてな,グロース（内国株式）,5250,情報・通信業,0010,情報通信・サービスその他,-,-,20260630,https://www.jpx.co.jp/markets/statistics-equities/misc/tvdivq0000001vg2-att/data_j.xls,2026-07-10T23:26:35.886407+00:00
3931.T,3931,バリューゴルフ,グロース（内国株式）,5250,情報・通信業,0010,情報通信・サービスその他,-,-,20260630,https://www.jpx.co.jp/markets/statistics-equities/misc/tvdivq0000001vg2-att/data_j.xls,2026-07-10T23:26:35.886407+00:00
3932.T,3932,アカツキ,プライム（内国株式）,5250,情報・通信業,0010,情報通信・サービスその他,0007,TOPIX Small 2,20260630,https://www.jpx.co.jp/markets/statistics-equities/misc/tvdivq0000001vg2-att/data_j.xls,2026-07-10T23:26:35.886407+00:00
3933.T,3933,チエル,スタンダード（内国株式）,5250,情報・通信業,0010,情報通信・サービスその他,-,-,20260630,https://www.jpx.co.jp/markets/statistics-equities/misc/tvdivq0000001vg2-att/data_j.xls,2026-07-10T23:26:35.886407+00:00
3934.T,3934,ベネフィットジャパン,スタンダード（内国株式）,5250,情報・通信業,0010,情報通信・サービスその他,-,-,20260630,https://www.jpx.co.jp/markets/statistics-equities/misc/tvdivq0000001vg2-att/data_j.xls,2026-07-10T23:26:35.886407+00:00
3935.T,3935,エディア,スタンダード（内国株式）,5250,情報・通信業,0010,情報通信・サービスその他,-,-,20260630,https://www.jpx.co.jp/markets/statistics-equities/misc/tvdivq0000001vg2-att/data_j.xls,2026-07-10T23:26:35.886407+00:00
3936.T,3936,グローバルウェイ,グロース（内国株式）,5250,情報・通信業,0010,情報通信・サービスその他,-,-,20260630,https://www.jpx.co.jp/markets/statistics-equities/misc/tvdivq0000001vg2-att/data_j.xls,2026-07-10T23:26:35.886407+00:00
3937.T,3937,Ｕｂｉｃｏｍホールディングス,スタンダード（内国株式）,5250,情報・通信業,0010,情報通信・サービスその他,0007,TOPIX Small 2,20260630,https://www.jpx.co.jp/markets/statistics-equities/misc/tvdivq0000001vg2-att/data_j.xls,2026-07-10T23:26:35.886407+00:00
3939.T,3939,カナミックネットワーク,プライム（内国株式）,5250,情報・通信業,0010,情報通信・サービスその他,0007,TOPIX Small 2,20260630,https://www.jpx.co.jp/markets/statistics-equities/misc/tvdivq0000001vg2-att/data_j.xls,2026-07-10T23:26:35.886407+00:00
3940.T,3940,ノムラシステムコーポレーション,スタンダード（内国株式）,5250,情報・通信業,0010,情報通信・サービスその他,-,-,20260630,https://www.jpx.co.jp/markets/statistics-equities/misc/tvdivq0000001vg2-att/data_j.xls,2026-07-10T23:26:35.886407+00:00
3941.T,3941,レンゴー,プライム（内国株式）,3150,パルプ・紙,0004,素材・化学,0004,TOPIX Mid400,20260630,https://www.jpx.co.jp/markets/statistics-equities/misc/tvdivq0000001vg2-att/data_j.xls,2026-07-10T23:26:35.886407+00:00
3943.T,3943,大石産業,スタンダード（内国株式）,3150,パルプ・紙,0004,素材・化学,-,-,20260630,https://www.jpx.co.jp/markets/statistics-equities/misc/tvdivq0000001vg2-att/data_j.xls,2026-07-10T23:26:35.886407+00:00
3944.T,3944,古林紙工,スタンダード（内国株式）,3150,パルプ・紙,0004,素材・化学,-,-,20260630,https://www.jpx.co.jp/markets/statistics-equities/misc/tvdivq0000001vg2-att/data_j.xls,2026-07-10T23:26:35.886407+00:00
3945.T,3945,スーパーバッグ,スタンダード（内国株式）,3150,パルプ・紙,0004,素材・化学,-,-,20260630,https://www.jpx.co.jp/markets/statistics-equities/misc/tvdivq0000001vg2-att/data_j.xls,2026-07-10T23:26:35.886407+00:00
3946.T,3946,トーモク,プライム（内国株式）,3150,パルプ・紙,0004,素材・化学,0007,TOPIX Small 2,20260630,https://www.jpx.co.jp/markets/statistics-equities/misc/tvdivq0000001vg2-att/data_j.xls,2026-07-10T23:26:35.886407+00:00
3947.T,3947,ダイナパック,スタンダード（内国株式）,3150,パルプ・紙,0004,素材・化学,-,-,20260630,https://www.jpx.co.jp/markets/statistics-equities/misc/tvdivq0000001vg2-att/data_j.xls,2026-07-10T23:26:35.886407+00:00
3948.T,3948,光ビジネスフォーム,スタンダード（内国株式）,3150,パルプ・紙,0004,素材・化学,-,-,20260630,https://www.jpx.co.jp/markets/statistics-equities/misc/tvdivq0000001vg2-att/data_j.xls,2026-07-10T23:26:35.886407+00:00
3950.T,3950,ザ・パック,プライム（内国株式）,3150,パルプ・紙,0004,素材・化学,0007,TOPIX Small 2,20260630,https://www.jpx.co.jp/markets/statistics-equities/misc/tvdivq0000001vg2-att/data_j.xls,2026-07-10T23:26:35.886407+00:00
3951.T,3951,朝日印刷,スタンダード（内国株式）,3150,パルプ・紙,0004,素材・化学,-,-,20260630,https://www.jpx.co.jp/markets/statistics-equities/misc/tvdivq0000001vg2-att/data_j.xls,2026-07-10T23:26:35.886407+00:00
3953.T,3953,大村紙業,スタンダード（内国株式）,3150,パルプ・紙,0004,素材・化学,-,-,20260630,https://www.jpx.co.jp/markets/statistics-equities/misc/tvdivq0000001vg2-att/data_j.xls,2026-07-10T23:26:35.886407+00:00
3954.T,3954,昭和パックス,スタンダード（内国株式）,3150,パルプ・紙,0004,素材・化学,-,-,20260630,https://www.jpx.co.jp/markets/statistics-equities/misc/tvdivq0000001vg2-att/data_j.xls,2026-07-10T23:26:35.886407+00:00
3955.T,3955,イムラ,スタンダード（内国株式）,3150,パルプ・紙,0004,素材・化学,-,-,20260630,https://www.jpx.co.jp/markets/statistics-equities/misc/tvdivq0000001vg2-att/data_j.xls,2026-07-10T23:26:35.886407+00:00
3958.T,3958,笹徳印刷,スタンダード（内国株式）,3150,パルプ・紙,0004,素材・化学,-,-,20260630,https://www.jpx.co.jp/markets/statistics-equities/misc/tvdivq0000001vg2-att/data_j.xls,2026-07-10T23:26:35.886407+00:00
3962.T,3962,チェンジホールディングス,プライム（内国株式）,5250,情報・通信業,0010,情報通信・サービスその他,0006,TOPIX Small 1,20260630,https://www.jpx.co.jp/markets/statistics-equities/misc/tvdivq0000001vg2-att/data_j.xls,2026-07-10T23:26:35.886407+00:00
3963.T,3963,シンクロ・フード,プライム（内国株式）,5250,情報・通信業,0010,情報通信・サービスその他,-,-,20260630,https://www.jpx.co.jp/markets/statistics-equities/misc/tvdivq0000001vg2-att/data_j.xls,2026-07-10T23:26:35.886407+00:00
3964.T,3964,オークネット,プライム（内国株式）,5250,情報・通信業,0010,情報通信・サービスその他,0007,TOPIX Small 2,20260630,https://www.jpx.co.jp/markets/statistics-equities/misc/tvdivq0000001vg2-att/data_j.xls,2026-07-10T23:26:35.886407+00:00
3965.T,3965,キャピタル・アセット・プランニング,スタンダード（内国株式）,5250,情報・通信業,0010,情報通信・サービスその他,-,-,20260630,https://www.jpx.co.jp/markets/statistics-equities/misc/tvdivq0000001vg2-att/data_j.xls,2026-07-10T23:26:35.886407+00:00
3967.T,3967,エルテス,グロース（内国株式）,5250,情報・通信業,0010,情報通信・サービスその他,-,-,20260630,https://www.jpx.co.jp/markets/statistics-equities/misc/tvdivq0000001vg2-att/data_j.xls,2026-07-10T23:26:35.886407+00:00
3968.T,3968,セグエグループ,プライム（内国株式）,5250,情報・通信業,0010,情報通信・サービスその他,-,-,20260630,https://www.jpx.co.jp/markets/statistics-equities/misc/tvdivq0000001vg2-att/data_j.xls,2026-07-10T23:26:35.886407+00:00
3969.T,3969,エイトレッド,スタンダード（内国株式）,5250,情報・通信業,0010,情報通信・サービスその他,-,-,20260630,https://www.jpx.co.jp/markets/statistics-equities/misc/tvdivq0000001vg2-att/data_j.xls,2026-07-10T23:26:35.886407+00:00
3970.T,3970,イノベーション,スタンダード（内国株式）,5250,情報・通信業,0010,情報通信・サービスその他,-,-,20260630,https://www.jpx.co.jp/markets/statistics-equities/misc/tvdivq0000001vg2-att/data_j.xls,2026-07-10T23:26:35.886407+00:00
3974.T,3974,ＳＣＡＴ,スタンダード（内国株式）,5250,情報・通信業,0010,情報通信・サービスその他,-,-,20260630,https://www.jpx.co.jp/markets/statistics-equities/misc/tvdivq0000001vg2-att/data_j.xls,2026-07-10T23:26:35.886407+00:00
3976.T,3976,シャノン,グロース（内国株式）,5250,情報・通信業,0010,情報通信・サービスその他,-,-,20260630,https://www.jpx.co.jp/markets/statistics-equities/misc/tvdivq0000001vg2-att/data_j.xls,2026-07-10T23:26:35.886407+00:00
3979.T,3979,うるる,グロース（内国株式）,5250,情報・通信業,0010,情報通信・サービスその他,-,-,20260630,https://www.jpx.co.jp/markets/statistics-equities/misc/tvdivq0000001vg2-att/data_j.xls,2026-07-10T23:26:35.886407+00:00
3981.T,3981,ビーグリー,スタンダード（内国株式）,5250,情報・通信業,0010,情報通信・サービスその他,-,-,20260630,https://www.jpx.co.jp/markets/statistics-equities/misc/tvdivq0000001vg2-att/data_j.xls,2026-07-10T23:26:35.886407+00:00
3983.T,3983,オロ,プライム（内国株式）,5250,情報・通信業,0010,情報通信・サービスその他,0007,TOPIX Small 2,20260630,https://www.jpx.co.jp/markets/statistics-equities/misc/tvdivq0000001vg2-att/data_j.xls,2026-07-10T23:26:35.886407+00:00
3984.T,3984,ユーザーローカル,プライム（内国株式）,5250,情報・通信業,0010,情報通信・サービスその他,0007,TOPIX Small 2,20260630,https://www.jpx.co.jp/markets/statistics-equities/misc/tvdivq0000001vg2-att/data_j.xls,2026-07-10T23:26:35.886407+00:00
3985.T,3985,テモナ,スタンダード（内国株式）,5250,情報・通信業,0010,情報通信・サービスその他,-,-,20260630,https://www.jpx.co.jp/markets/statistics-equities/misc/tvdivq0000001vg2-att/data_j.xls,2026-07-10T23:26:35.886407+00:00
3986.T,3986,ビーブレイクシステムズ,スタンダード（内国株式）,5250,情報・通信業,0010,情報通信・サービスその他,-,-,20260630,https://www.jpx.co.jp/markets/statistics-equities/misc/tvdivq0000001vg2-att/data_j.xls,2026-07-10T23:26:35.886407+00:00
3987.T,3987,エコモット,グロース（内国株式）,5250,情報・通信業,0010,情報通信・サービスその他,-,-,20260630,https://www.jpx.co.jp/markets/statistics-equities/misc/tvdivq0000001vg2-att/data_j.xls,2026-07-10T23:26:35.886407+00:00
3988.T,3988,ＳＹＳホールディングス,スタンダード（内国株式）,5250,情報・通信業,0010,情報通信・サービスその他,-,-,20260630,https://www.jpx.co.jp/markets/statistics-equities/misc/tvdivq0000001vg2-att/data_j.xls,2026-07-10T23:26:35.886407+00:00
3989.T,3989,シェアリングテクノロジー,グロース（内国株式）,5250,情報・通信業,0010,情報通信・サービスその他,-,-,20260630,https://www.jpx.co.jp/markets/statistics-equities/misc/tvdivq0000001vg2-att/data_j.xls,2026-07-10T23:26:35.886407+00:00
3991.T,3991,ウォンテッドリー,グロース（内国株式）,5250,情報・通信業,0010,情報通信・サービスその他,-,-,20260630,https://www.jpx.co.jp/markets/statistics-equities/misc/tvdivq0000001vg2-att/data_j.xls,2026-07-10T23:26:35.886407+00:00
3992.T,3992,ニーズウェル,プライム（内国株式）,5250,情報・通信業,0010,情報通信・サービスその他,-,-,20260630,https://www.jpx.co.jp/markets/statistics-equities/misc/tvdivq0000001vg2-att/data_j.xls,2026-07-10T23:26:35.886407+00:00
3993.T,3993,ＰＫＳＨＡ　Ｔｅｃｈｎｏｌｏｇｙ,プライム（内国株式）,5250,情報・通信業,0010,情報通信・サービスその他,0006,TOPIX Small 1,20260630,https://www.jpx.co.jp/markets/statistics-equities/misc/tvdivq0000001vg2-att/data_j.xls,2026-07-10T23:26:35.886407+00:00
3994.T,3994,マネーフォワード,プライム（内国株式）,5250,情報・通信業,0010,情報通信・サービスその他,0004,TOPIX Mid400,20260630,https://www.jpx.co.jp/markets/statistics-equities/misc/tvdivq0000001vg2-att/data_j.xls,2026-07-10T23:26:35.886407+00:00
3996.T,3996,サインポスト,スタンダード（内国株式）,5250,情報・通信業,0010,情報通信・サービスその他,-,-,20260630,https://www.jpx.co.jp/markets/statistics-equities/misc/tvdivq0000001vg2-att/data_j.xls,2026-07-10T23:26:35.886407+00:00
3997.T,3997,トレードワークス,スタンダード（内国株式）,5250,情報・通信業,0010,情報通信・サービスその他,-,-,20260630,https://www.jpx.co.jp/markets/statistics-equities/misc/tvdivq0000001vg2-att/data_j.xls,2026-07-10T23:26:35.886407+00:00
3998.T,3998,すららネット,グロース（内国株式）,5250,情報・通信業,0010,情報通信・サービスその他,-,-,20260630,https://www.jpx.co.jp/markets/statistics-equities/misc/tvdivq0000001vg2-att/data_j.xls,2026-07-10T23:26:35.886407+00:00
4004.T,4004,レゾナック・ホールディングス,プライム（内国株式）,3200,化学,0004,素材・化学,0004,TOPIX Mid400,20260630,https://www.jpx.co.jp/markets/statistics-equities/misc/tvdivq0000001vg2-att/data_j.xls,2026-07-10T23:26:35.886407+00:00
4005.T,4005,住友化学,プライム（内国株式）,3200,化学,0004,素材・化学,0004,TOPIX Mid400,20260630,https://www.jpx.co.jp/markets/statistics-equities/misc/tvdivq0000001vg2-att/data_j.xls,2026-07-10T23:26:35.886407+00:00
4008.T,4008,住友精化,プライム（内国株式）,3200,化学,0004,素材・化学,0006,TOPIX Small 1,20260630,https://www.jpx.co.jp/markets/statistics-equities/misc/tvdivq0000001vg2-att/data_j.xls,2026-07-10T23:26:35.886407+00:00
4011.T,4011,ヘッドウォータース,グロース（内国株式）,5250,情報・通信業,0010,情報通信・サービスその他,-,-,20260630,https://www.jpx.co.jp/markets/statistics-equities/misc/tvdivq0000001vg2-att/data_j.xls,2026-07-10T23:26:35.886407+00:00
4012.T,4012,アクシス,スタンダード（内国株式）,5250,情報・通信業,0010,情報通信・サービスその他,-,-,20260630,https://www.jpx.co.jp/markets/statistics-equities/misc/tvdivq0000001vg2-att/data_j.xls,2026-07-10T23:26:35.886407+00:00
4013.T,4013,勤次郎,グロース（内国株式）,5250,情報・通信業,0010,情報通信・サービスその他,-,-,20260630,https://www.jpx.co.jp/markets/statistics-equities/misc/tvdivq0000001vg2-att/data_j.xls,2026-07-10T23:26:35.886407+00:00
4014.T,4014,カラダノート,グロース（内国株式）,5250,情報・通信業,0010,情報通信・サービスその他,-,-,20260630,https://www.jpx.co.jp/markets/statistics-equities/misc/tvdivq0000001vg2-att/data_j.xls,2026-07-10T23:26:35.886407+00:00
4015.T,4015,ペイクラウドホールディングス,グロース（内国株式）,5250,情報・通信業,0010,情報通信・サービスその他,-,-,20260630,https://www.jpx.co.jp/markets/statistics-equities/misc/tvdivq0000001vg2-att/data_j.xls,2026-07-10T23:26:35.886407+00:00
4016.T,4016,ＭＩＴホールディングス,スタンダード（内国株式）,5250,情報・通信業,0010,情報通信・サービスその他,-,-,20260630,https://www.jpx.co.jp/markets/statistics-equities/misc/tvdivq0000001vg2-att/data_j.xls,2026-07-10T23:26:35.886407+00:00
4017.T,4017,クリーマ,グロース（内国株式）,5250,情報・通信業,0010,情報通信・サービスその他,-,-,20260630,https://www.jpx.co.jp/markets/statistics-equities/misc/tvdivq0000001vg2-att/data_j.xls,2026-07-10T23:26:35.886407+00:00
4019.T,4019,スタメン,グロース（内国株式）,5250,情報・通信業,0010,情報通信・サービスその他,-,-,20260630,https://www.jpx.co.jp/markets/statistics-equities/misc/tvdivq0000001vg2-att/data_j.xls,2026-07-10T23:26:35.886407+00:00
4020.T,4020,ビートレンド,グロース（内国株式）,5250,情報・通信業,0010,情報通信・サービスその他,-,-,20260630,https://www.jpx.co.jp/markets/statistics-equities/misc/tvdivq0000001vg2-att/data_j.xls,2026-07-10T23:26:35.886407+00:00
4021.T,4021,日産化学,プライム（内国株式）,3200,化学,0004,素材・化学,0004,TOPIX Mid400,20260630,https://www.jpx.co.jp/markets/statistics-equities/misc/tvdivq0000001vg2-att/data_j.xls,2026-07-10T23:26:35.886407+00:00
4022.T,4022,ラサ工業,プライム（内国株式）,3200,化学,0004,素材・化学,0007,TOPIX Small 2,20260630,https://www.jpx.co.jp/markets/statistics-equities/misc/tvdivq0000001vg2-att/data_j.xls,2026-07-10T23:26:35.886407+00:00
4023.T,4023,クレハ,プライム（内国株式）,3200,化学,0004,素材・化学,0006,TOPIX Small 1,20260630,https://www.jpx.co.jp/markets/statistics-equities/misc/tvdivq0000001vg2-att/data_j.xls,2026-07-10T23:26:35.886407+00:00
4025.T,4025,多木化学,プライム（内国株式）,3200,化学,0004,素材・化学,0007,TOPIX Small 2,20260630,https://www.jpx.co.jp/markets/statistics-equities/misc/tvdivq0000001vg2-att/data_j.xls,2026-07-10T23:26:35.886407+00:00
4026.T,4026,神島化学工業,スタンダード（内国株式）,3400,ガラス・土石製品,0003,建設・資材,-,-,20260630,https://www.jpx.co.jp/markets/statistics-equities/misc/tvdivq0000001vg2-att/data_j.xls,2026-07-10T23:26:35.886407+00:00
4027.T,4027,テイカ,プライム（内国株式）,3200,化学,0004,素材・化学,0007,TOPIX Small 2,20260630,https://www.jpx.co.jp/markets/statistics-equities/misc/tvdivq0000001vg2-att/data_j.xls,2026-07-10T23:26:35.886407+00:00
4028.T,4028,石原産業,プライム（内国株式）,3200,化学,0004,素材・化学,0006,TOPIX Small 1,20260630,https://www.jpx.co.jp/markets/statistics-equities/misc/tvdivq0000001vg2-att/data_j.xls,2026-07-10T23:26:35.886407+00:00
4031.T,4031,片倉コープアグリ,スタンダード（内国株式）,3200,化学,0004,素材・化学,-,-,20260630,https://www.jpx.co.jp/markets/statistics-equities/misc/tvdivq0000001vg2-att/data_j.xls,2026-07-10T23:26:35.886407+00:00
4040.T,4040,南海化学,スタンダード（内国株式）,3200,化学,0004,素材・化学,-,-,20260630,https://www.jpx.co.jp/markets/statistics-equities/misc/tvdivq0000001vg2-att/data_j.xls,2026-07-10T23:26:35.886407+00:00
4041.T,4041,日本曹達,プライム（内国株式）,3200,化学,0004,素材・化学,0006,TOPIX Small 1,20260630,https://www.jpx.co.jp/markets/statistics-equities/misc/tvdivq0000001vg2-att/data_j.xls,2026-07-10T23:26:35.886407+00:00
4042.T,4042,東ソー,プライム（内国株式）,3200,化学,0004,素材・化学,0004,TOPIX Mid400,20260630,https://www.jpx.co.jp/markets/statistics-equities/misc/tvdivq0000001vg2-att/data_j.xls,2026-07-10T23:26:35.886407+00:00
4043.T,4043,トクヤマ,プライム（内国株式）,3200,化学,0004,素材・化学,0004,TOPIX Mid400,20260630,https://www.jpx.co.jp/markets/statistics-equities/misc/tvdivq0000001vg2-att/data_j.xls,2026-07-10T23:26:35.886407+00:00
4044.T,4044,セントラル硝子,プライム（内国株式）,3200,化学,0004,素材・化学,0006,TOPIX Small 1,20260630,https://www.jpx.co.jp/markets/statistics-equities/misc/tvdivq0000001vg2-att/data_j.xls,2026-07-10T23:26:35.886407+00:00
4045.T,4045,東亞合成,プライム（内国株式）,3200,化学,0004,素材・化学,0004,TOPIX Mid400,20260630,https://www.jpx.co.jp/markets/statistics-equities/misc/tvdivq0000001vg2-att/data_j.xls,2026-07-10T23:26:35.886407+00:00
4046.T,4046,大阪ソーダ,プライム（内国株式）,3200,化学,0004,素材・化学,0006,TOPIX Small 1,20260630,https://www.jpx.co.jp/markets/statistics-equities/misc/tvdivq0000001vg2-att/data_j.xls,2026-07-10T23:26:35.886407+00:00
4047.T,4047,関東電化工業,プライム（内国株式）,3200,化学,0004,素材・化学,0006,TOPIX Small 1,20260630,https://www.jpx.co.jp/markets/statistics-equities/misc/tvdivq0000001vg2-att/data_j.xls,2026-07-10T23:26:35.886407+00:00
4051.T,4051,ＧＭＯフィナンシャルゲート,プライム（内国株式）,5250,情報・通信業,0010,情報通信・サービスその他,0007,TOPIX Small 2,20260630,https://www.jpx.co.jp/markets/statistics-equities/misc/tvdivq0000001vg2-att/data_j.xls,2026-07-10T23:26:35.886407+00:00
4052.T,4052,フィーチャ,グロース（内国株式）,5250,情報・通信業,0010,情報通信・サービスその他,-,-,20260630,https://www.jpx.co.jp/markets/statistics-equities/misc/tvdivq0000001vg2-att/data_j.xls,2026-07-10T23:26:35.886407+00:00
4053.T,4053,Ｓｕｎ　Ａｓｔｅｒｉｓｋ,プライム（内国株式）,5250,情報・通信業,0010,情報通信・サービスその他,0007,TOPIX Small 2,20260630,https://www.jpx.co.jp/markets/statistics-equities/misc/tvdivq0000001vg2-att/data_j.xls,2026-07-10T23:26:35.886407+00:00
4054.T,4054,日本情報クリエイト,グロース（内国株式）,5250,情報・通信業,0010,情報通信・サービスその他,-,-,20260630,https://www.jpx.co.jp/markets/statistics-equities/misc/tvdivq0000001vg2-att/data_j.xls,2026-07-10T23:26:35.886407+00:00
4055.T,4055,ティアンドエスグループ,グロース（内国株式）,5250,情報・通信業,0010,情報通信・サービスその他,-,-,20260630,https://www.jpx.co.jp/markets/statistics-equities/misc/tvdivq0000001vg2-att/data_j.xls,2026-07-10T23:26:35.886407+00:00
4056.T,4056,ニューラルグループ,グロース（内国株式）,5250,情報・通信業,0010,情報通信・サービスその他,-,-,20260630,https://www.jpx.co.jp/markets/statistics-equities/misc/tvdivq0000001vg2-att/data_j.xls,2026-07-10T23:26:35.886407+00:00
4057.T,4057,インターファクトリー,グロース（内国株式）,5250,情報・通信業,0010,情報通信・サービスその他,-,-,20260630,https://www.jpx.co.jp/markets/statistics-equities/misc/tvdivq0000001vg2-att/data_j.xls,2026-07-10T23:26:35.886407+00:00
4058.T,4058,トヨクモ,グロース（内国株式）,5250,情報・通信業,0010,情報通信・サービスその他,-,-,20260630,https://www.jpx.co.jp/markets/statistics-equities/misc/tvdivq0000001vg2-att/data_j.xls,2026-07-10T23:26:35.886407+00:00
4059.T,4059,まぐまぐ,スタンダード（内国株式）,5250,情報・通信業,0010,情報通信・サービスその他,-,-,20260630,https://www.jpx.co.jp/markets/statistics-equities/misc/tvdivq0000001vg2-att/data_j.xls,2026-07-10T23:26:35.886407+00:00
4060.T,4060,ｒａｋｕｍｏ,グロース（内国株式）,5250,情報・通信業,0010,情報通信・サービスその他,-,-,20260630,https://www.jpx.co.jp/markets/statistics-equities/misc/tvdivq0000001vg2-att/data_j.xls,2026-07-10T23:26:35.886407+00:00
4061.T,4061,デンカ,プライム（内国株式）,3200,化学,0004,素材・化学,0004,TOPIX Mid400,20260630,https://www.jpx.co.jp/markets/statistics-equities/misc/tvdivq0000001vg2-att/data_j.xls,2026-07-10T23:26:35.886407+00:00
4062.T,4062,イビデン,プライム（内国株式）,3650,電気機器,0009,電機・精密,0004,TOPIX Mid400,20260630,https://www.jpx.co.jp/markets/statistics-equities/misc/tvdivq0000001vg2-att/data_j.xls,2026-07-10T23:26:35.886407+00:00
4063.T,4063,信越化学工業,プライム（内国株式）,3200,化学,0004,素材・化学,0001,TOPIX Core30,20260630,https://www.jpx.co.jp/markets/statistics-equities/misc/tvdivq0000001vg2-att/data_j.xls,2026-07-10T23:26:35.886407+00:00
4064.T,4064,日本カーバイド工業,プライム（内国株式）,3200,化学,0004,素材・化学,0007,TOPIX Small 2,20260630,https://www.jpx.co.jp/markets/statistics-equities/misc/tvdivq0000001vg2-att/data_j.xls,2026-07-10T23:26:35.886407+00:00
4068.T,4068,ベイシス,グロース（内国株式）,5250,情報・通信業,0010,情報通信・サービスその他,-,-,20260630,https://www.jpx.co.jp/markets/statistics-equities/misc/tvdivq0000001vg2-att/data_j.xls,2026-07-10T23:26:35.886407+00:00
4069.T,4069,ＢｌｕｅＭｅｍｅ,グロース（内国株式）,5250,情報・通信業,0010,情報通信・サービスその他,-,-,20260630,https://www.jpx.co.jp/markets/statistics-equities/misc/tvdivq0000001vg2-att/data_j.xls,2026-07-10T23:26:35.886407+00:00
4071.T,4071,プラスアルファ・コンサルティング,プライム（内国株式）,5250,情報・通信業,0010,情報通信・サービスその他,0006,TOPIX Small 1,20260630,https://www.jpx.co.jp/markets/statistics-equities/misc/tvdivq0000001vg2-att/data_j.xls,2026-07-10T23:26:35.886407+00:00
4072.T,4072,電算システムホールディングス,プライム（内国株式）,5250,情報・通信業,0010,情報通信・サービスその他,0007,TOPIX Small 2,20260630,https://www.jpx.co.jp/markets/statistics-equities/misc/tvdivq0000001vg2-att/data_j.xls,2026-07-10T23:26:35.886407+00:00
4073.T,4073,ジィ・シィ企画,グロース（内国株式）,5250,情報・通信業,0010,情報通信・サービスその他,-,-,20260630,https://www.jpx.co.jp/markets/statistics-equities/misc/tvdivq0000001vg2-att/data_j.xls,2026-07-10T23:26:35.886407+00:00
4074.T,4074,ラキール,グロース（内国株式）,5250,情報・通信業,0010,情報通信・サービスその他,-,-,20260630,https://www.jpx.co.jp/markets/statistics-equities/misc/tvdivq0000001vg2-att/data_j.xls,2026-07-10T23:26:35.886407+00:00
4075.T,4075,ブレインズテクノロジー,グロース（内国株式）,5250,情報・通信業,0010,情報通信・サービスその他,-,-,20260630,https://www.jpx.co.jp/markets/statistics-equities/misc/tvdivq0000001vg2-att/data_j.xls,2026-07-10T23:26:35.886407+00:00
4076.T,4076,シイエヌエス,グロース（内国株式）,5250,情報・通信業,0010,情報通信・サービスその他,-,-,20260630,https://www.jpx.co.jp/markets/statistics-equities/misc/tvdivq0000001vg2-att/data_j.xls,2026-07-10T23:26:35.886407+00:00
4078.T,4078,堺化学工業,プライム（内国株式）,3200,化学,0004,素材・化学,0006,TOPIX Small 1,20260630,https://www.jpx.co.jp/markets/statistics-equities/misc/tvdivq0000001vg2-att/data_j.xls,2026-07-10T23:26:35.886407+00:00
4082.T,4082,第一稀元素化学工業,プライム（内国株式）,3200,化学,0004,素材・化学,0007,TOPIX Small 2,20260630,https://www.jpx.co.jp/markets/statistics-equities/misc/tvdivq0000001vg2-att/data_j.xls,2026-07-10T23:26:35.886407+00:00
4088.T,4088,エア・ウォーター,プライム（内国株式）,3200,化学,0004,素材・化学,-,-,20260630,https://www.jpx.co.jp/markets/statistics-equities/misc/tvdivq0000001vg2-att/data_j.xls,2026-07-10T23:26:35.886407+00:00
4091.T,4091,日本酸素ホールディングス,プライム（内国株式）,3200,化学,0004,素材・化学,0004,TOPIX Mid400,20260630,https://www.jpx.co.jp/markets/statistics-equities/misc/tvdivq0000001vg2-att/data_j.xls,2026-07-10T23:26:35.886407+00:00
4092.T,4092,日本化学工業,プライム（内国株式）,3200,化学,0004,素材・化学,0007,TOPIX Small 2,20260630,https://www.jpx.co.jp/markets/statistics-equities/misc/tvdivq0000001vg2-att/data_j.xls,2026-07-10T23:26:35.886407+00:00
4093.T,4093,東邦アセチレン,スタンダード（内国株式）,3200,化学,0004,素材・化学,-,-,20260630,https://www.jpx.co.jp/markets/statistics-equities/misc/tvdivq0000001vg2-att/data_j.xls,2026-07-10T23:26:35.886407+00:00
4094.T,4094,日本化学産業,スタンダード（内国株式）,3200,化学,0004,素材・化学,-,-,20260630,https://www.jpx.co.jp/markets/statistics-equities/misc/tvdivq0000001vg2-att/data_j.xls,2026-07-10T23:26:35.886407+00:00
4095.T,4095,日本パーカライジング,プライム（内国株式）,3200,化学,0004,素材・化学,0006,TOPIX Small 1,20260630,https://www.jpx.co.jp/markets/statistics-equities/misc/tvdivq0000001vg2-att/data_j.xls,2026-07-10T23:26:35.886407+00:00
4097.T,4097,高圧ガス工業,プライム（内国株式）,3200,化学,0004,素材・化学,0007,TOPIX Small 2,20260630,https://www.jpx.co.jp/markets/statistics-equities/misc/tvdivq0000001vg2-att/data_j.xls,2026-07-10T23:26:35.886407+00:00
4098.T,4098,チタン工業,スタンダード（内国株式）,3200,化学,0004,素材・化学,-,-,20260630,https://www.jpx.co.jp/markets/statistics-equities/misc/tvdivq0000001vg2-att/data_j.xls,2026-07-10T23:26:35.886407+00:00
4099.T,4099,四国化成ホールディングス,プライム（内国株式）,3200,化学,0004,素材・化学,0007,TOPIX Small 2,20260630,https://www.jpx.co.jp/markets/statistics-equities/misc/tvdivq0000001vg2-att/data_j.xls,2026-07-10T23:26:35.886407+00:00
4100.T,4100,戸田工業,スタンダード（内国株式）,3200,化学,0004,素材・化学,0007,TOPIX Small 2,20260630,https://www.jpx.co.jp/markets/statistics-equities/misc/tvdivq0000001vg2-att/data_j.xls,2026-07-10T23:26:35.886407+00:00
4102.T,4102,丸尾カルシウム,スタンダード（内国株式）,3200,化学,0004,素材・化学,-,-,20260630,https://www.jpx.co.jp/markets/statistics-equities/misc/tvdivq0000001vg2-att/data_j.xls,2026-07-10T23:26:35.886407+00:00
4107.T,4107,伊勢化学工業,スタンダード（内国株式）,3200,化学,0004,素材・化学,-,-,20260630,https://www.jpx.co.jp/markets/statistics-equities/misc/tvdivq0000001vg2-att/data_j.xls,2026-07-10T23:26:35.886407+00:00
4109.T,4109,ステラ　ケミファ,プライム（内国株式）,3200,化学,0004,素材・化学,0006,TOPIX Small 1,20260630,https://www.jpx.co.jp/markets/statistics-equities/misc/tvdivq0000001vg2-att/data_j.xls,2026-07-10T23:26:35.886407+00:00
4112.T,4112,保土谷化学工業,プライム（内国株式）,3200,化学,0004,素材・化学,0007,TOPIX Small 2,20260630,https://www.jpx.co.jp/markets/statistics-equities/misc/tvdivq0000001vg2-att/data_j.xls,2026-07-10T23:26:35.886407+00:00
4113.T,4113,田岡化学工業,スタンダード（内国株式）,3200,化学,0004,素材・化学,-,-,20260630,https://www.jpx.co.jp/markets/statistics-equities/misc/tvdivq0000001vg2-att/data_j.xls,2026-07-10T23:26:35.886407+00:00
4114.T,4114,日本触媒,プライム（内国株式）,3200,化学,0004,素材・化学,0004,TOPIX Mid400,20260630,https://www.jpx.co.jp/markets/statistics-equities/misc/tvdivq0000001vg2-att/data_j.xls,2026-07-10T23:26:35.886407+00:00
4116.T,4116,大日精化工業,プライム（内国株式）,3200,化学,0004,素材・化学,0007,TOPIX Small 2,20260630,https://www.jpx.co.jp/markets/statistics-equities/misc/tvdivq0000001vg2-att/data_j.xls,2026-07-10T23:26:35.886407+00:00
4118.T,4118,カネカ,プライム（内国株式）,3200,化学,0004,素材・化学,0004,TOPIX Mid400,20260630,https://www.jpx.co.jp/markets/statistics-equities/misc/tvdivq0000001vg2-att/data_j.xls,2026-07-10T23:26:35.886407+00:00
4119.T,4119,日本ピグメントホールディングス,スタンダード（内国株式）,3200,化学,0004,素材・化学,-,-,20260630,https://www.jpx.co.jp/markets/statistics-equities/misc/tvdivq0000001vg2-att/data_j.xls,2026-07-10T23:26:35.886407+00:00
4120.T,4120,スガイ化学工業,スタンダード（内国株式）,3200,化学,0004,素材・化学,-,-,20260630,https://www.jpx.co.jp/markets/statistics-equities/misc/tvdivq0000001vg2-att/data_j.xls,2026-07-10T23:26:35.886407+00:00
4124.T,4124,大阪油化工業,スタンダード（内国株式）,3200,化学,0004,素材・化学,-,-,20260630,https://www.jpx.co.jp/markets/statistics-equities/misc/tvdivq0000001vg2-att/data_j.xls,2026-07-10T23:26:35.886407+00:00
4125.T,4125,三和油化工業,スタンダード（内国株式）,3200,化学,0004,素材・化学,-,-,20260630,https://www.jpx.co.jp/markets/statistics-equities/misc/tvdivq0000001vg2-att/data_j.xls,2026-07-10T23:26:35.886407+00:00
4151.T,4151,協和キリン,プライム（内国株式）,3250,医薬品,0005,医薬品,0004,TOPIX Mid400,20260630,https://www.jpx.co.jp/markets/statistics-equities/misc/tvdivq0000001vg2-att/data_j.xls,2026-07-10T23:26:35.886407+00:00
4165.T,4165,プレイド,グロース（内国株式）,5250,情報・通信業,0010,情報通信・サービスその他,-,-,20260630,https://www.jpx.co.jp/markets/statistics-equities/misc/tvdivq0000001vg2-att/data_j.xls,2026-07-10T23:26:35.886407+00:00
4166.T,4166,かっこ,グロース（内国株式）,5250,情報・通信業,0010,情報通信・サービスその他,-,-,20260630,https://www.jpx.co.jp/markets/statistics-equities/misc/tvdivq0000001vg2-att/data_j.xls,2026-07-10T23:26:35.886407+00:00
4167.T,4167,ココペリ,グロース（内国株式）,5250,情報・通信業,0010,情報通信・サービスその他,-,-,20260630,https://www.jpx.co.jp/markets/statistics-equities/misc/tvdivq0000001vg2-att/data_j.xls,2026-07-10T23:26:35.886407+00:00
4168.T,4168,ヤプリ,グロース（内国株式）,5250,情報・通信業,0010,情報通信・サービスその他,-,-,20260630,https://www.jpx.co.jp/markets/statistics-equities/misc/tvdivq0000001vg2-att/data_j.xls,2026-07-10T23:26:35.886407+00:00
4169.T,4169,ＥＮＥＣＨＡＮＧＥ,グロース（内国株式）,5250,情報・通信業,0010,情報通信・サービスその他,-,-,20260630,https://www.jpx.co.jp/markets/statistics-equities/misc/tvdivq0000001vg2-att/data_j.xls,2026-07-10T23:26:35.886407+00:00
4170.T,4170,Ｋａｉｚｅｎ　Ｐｌａｔｆｏｒｍ,グロース（内国株式）,5250,情報・通信業,0010,情報通信・サービスその他,-,-,20260630,https://www.jpx.co.jp/markets/statistics-equities/misc/tvdivq0000001vg2-att/data_j.xls,2026-07-10T23:26:35.886407+00:00
4171.T,4171,グローバルインフォメーション,スタンダード（内国株式）,5250,情報・通信業,0010,情報通信・サービスその他,-,-,20260630,https://www.jpx.co.jp/markets/statistics-equities/misc/tvdivq0000001vg2-att/data_j.xls,2026-07-10T23:26:35.886407+00:00
4172.T,4172,Ｈｉクラテス,スタンダード（内国株式）,5250,情報・通信業,0010,情報通信・サービスその他,-,-,20260630,https://www.jpx.co.jp/markets/statistics-equities/misc/tvdivq0000001vg2-att/data_j.xls,2026-07-10T23:26:35.886407+00:00
4174.T,4174,アピリッツ,スタンダード（内国株式）,5250,情報・通信業,0010,情報通信・サービスその他,-,-,20260630,https://www.jpx.co.jp/markets/statistics-equities/misc/tvdivq0000001vg2-att/data_j.xls,2026-07-10T23:26:35.886407+00:00
4175.T,4175,ｃｏｌｙ,グロース（内国株式）,5250,情報・通信業,0010,情報通信・サービスその他,-,-,20260630,https://www.jpx.co.jp/markets/statistics-equities/misc/tvdivq0000001vg2-att/data_j.xls,2026-07-10T23:26:35.886407+00:00
4176.T,4176,ココナラ,グロース（内国株式）,5250,情報・通信業,0010,情報通信・サービスその他,-,-,20260630,https://www.jpx.co.jp/markets/statistics-equities/misc/tvdivq0000001vg2-att/data_j.xls,2026-07-10T23:26:35.886407+00:00
4177.T,4177,ｉ‐ｐｌｕｇ,グロース（内国株式）,5250,情報・通信業,0010,情報通信・サービスその他,-,-,20260630,https://www.jpx.co.jp/markets/statistics-equities/misc/tvdivq0000001vg2-att/data_j.xls,2026-07-10T23:26:35.886407+00:00
4178.T,4178,Ｓｈａｒｉｎｇ　Ｉｎｎｏｖａｔｉｏｎｓ,グロース（内国株式）,5250,情報・通信業,0010,情報通信・サービスその他,-,-,20260630,https://www.jpx.co.jp/markets/statistics-equities/misc/tvdivq0000001vg2-att/data_j.xls,2026-07-10T23:26:35.886407+00:00
4179.T,4179,ジーネクスト,グロース（内国株式）,5250,情報・通信業,0010,情報通信・サービスその他,-,-,20260630,https://www.jpx.co.jp/markets/statistics-equities/misc/tvdivq0000001vg2-att/data_j.xls,2026-07-10T23:26:35.886407+00:00
4180.T,4180,Ａｐｐｉｅｒ　Ｇｒｏｕｐ,プライム（内国株式）,5250,情報・通信業,0010,情報通信・サービスその他,0006,TOPIX Small 1,20260630,https://www.jpx.co.jp/markets/statistics-equities/misc/tvdivq0000001vg2-att/data_j.xls,2026-07-10T23:26:35.886407+00:00
4182.T,4182,三菱瓦斯化学,プライム（内国株式）,3200,化学,0004,素材・化学,0004,TOPIX Mid400,20260630,https://www.jpx.co.jp/markets/statistics-equities/misc/tvdivq0000001vg2-att/data_j.xls,2026-07-10T23:26:35.886407+00:00
4183.T,4183,三井化学,プライム（内国株式）,3200,化学,0004,素材・化学,0004,TOPIX Mid400,20260630,https://www.jpx.co.jp/markets/statistics-equities/misc/tvdivq0000001vg2-att/data_j.xls,2026-07-10T23:26:35.886407+00:00
4186.T,4186,東京応化工業,プライム（内国株式）,3200,化学,0004,素材・化学,0004,TOPIX Mid400,20260630,https://www.jpx.co.jp/markets/statistics-equities/misc/tvdivq0000001vg2-att/data_j.xls,2026-07-10T23:26:35.886407+00:00
4187.T,4187,大阪有機化学工業,プライム（内国株式）,3200,化学,0004,素材・化学,0006,TOPIX Small 1,20260630,https://www.jpx.co.jp/markets/statistics-equities/misc/tvdivq0000001vg2-att/data_j.xls,2026-07-10T23:26:35.886407+00:00
4188.T,4188,三菱ケミカルグループ,プライム（内国株式）,3200,化学,0004,素材・化学,0002,TOPIX Large70,20260630,https://www.jpx.co.jp/markets/statistics-equities/misc/tvdivq0000001vg2-att/data_j.xls,2026-07-10T23:26:35.886407+00:00
4189.T,4189,ＫＨネオケム,プライム（内国株式）,3200,化学,0004,素材・化学,0006,TOPIX Small 1,20260630,https://www.jpx.co.jp/markets/statistics-equities/misc/tvdivq0000001vg2-att/data_j.xls,2026-07-10T23:26:35.886407+00:00
4192.T,4192,スパイダープラス,グロース（内国株式）,5250,情報・通信業,0010,情報通信・サービスその他,-,-,20260630,https://www.jpx.co.jp/markets/statistics-equities/misc/tvdivq0000001vg2-att/data_j.xls,2026-07-10T23:26:35.886407+00:00
4193.T,4193,ファブリカホールディングス,スタンダード（内国株式）,5250,情報・通信業,0010,情報通信・サービスその他,-,-,20260630,https://www.jpx.co.jp/markets/statistics-equities/misc/tvdivq0000001vg2-att/data_j.xls,2026-07-10T23:26:35.886407+00:00
4194.T,4194,ビジョナル,プライム（内国株式）,5250,情報・通信業,0010,情報通信・サービスその他,0004,TOPIX Mid400,20260630,https://www.jpx.co.jp/markets/statistics-equities/misc/tvdivq0000001vg2-att/data_j.xls,2026-07-10T23:26:35.886407+00:00
4196.T,4196,ネオマーケティング,スタンダード（内国株式）,5250,情報・通信業,0010,情報通信・サービスその他,-,-,20260630,https://www.jpx.co.jp/markets/statistics-equities/misc/tvdivq0000001vg2-att/data_j.xls,2026-07-10T23:26:35.886407+00:00
4197.T,4197,アスマーク,スタンダード（内国株式）,5250,情報・通信業,0010,情報通信・サービスその他,-,-,20260630,https://www.jpx.co.jp/markets/statistics-equities/misc/tvdivq0000001vg2-att/data_j.xls,2026-07-10T23:26:35.886407+00:00
4198.T,4198,テンダ,スタンダード（内国株式）,5250,情報・通信業,0010,情報通信・サービスその他,-,-,20260630,https://www.jpx.co.jp/markets/statistics-equities/misc/tvdivq0000001vg2-att/data_j.xls,2026-07-10T23:26:35.886407+00:00
4199.T,4199,ワンダープラネット,グロース（内国株式）,5250,情報・通信業,0010,情報通信・サービスその他,-,-,20260630,https://www.jpx.co.jp/markets/statistics-equities/misc/tvdivq0000001vg2-att/data_j.xls,2026-07-10T23:26:35.886407+00:00
4202.T,4202,ダイセル,プライム（内国株式）,3200,化学,0004,素材・化学,0004,TOPIX Mid400,20260630,https://www.jpx.co.jp/markets/statistics-equities/misc/tvdivq0000001vg2-att/data_j.xls,2026-07-10T23:26:35.886407+00:00
4203.T,4203,住友ベークライト,プライム（内国株式）,3200,化学,0004,素材・化学,0004,TOPIX Mid400,20260630,https://www.jpx.co.jp/markets/statistics-equities/misc/tvdivq0000001vg2-att/data_j.xls,2026-07-10T23:26:35.886407+00:00
4204.T,4204,積水化学工業,プライム（内国株式）,3200,化学,0004,素材・化学,0004,TOPIX Mid400,20260630,https://www.jpx.co.jp/markets/statistics-equities/misc/tvdivq0000001vg2-att/data_j.xls,2026-07-10T23:26:35.886407+00:00
4205.T,4205,日本ゼオン,プライム（内国株式）,3200,化学,0004,素材・化学,0004,TOPIX Mid400,20260630,https://www.jpx.co.jp/markets/statistics-equities/misc/tvdivq0000001vg2-att/data_j.xls,2026-07-10T23:26:35.886407+00:00
4206.T,4206,アイカ工業,プライム（内国株式）,3200,化学,0004,素材・化学,0004,TOPIX Mid400,20260630,https://www.jpx.co.jp/markets/statistics-equities/misc/tvdivq0000001vg2-att/data_j.xls,2026-07-10T23:26:35.886407+00:00
4208.T,4208,ＵＢＥ,プライム（内国株式）,3200,化学,0004,素材・化学,0004,TOPIX Mid400,20260630,https://www.jpx.co.jp/markets/statistics-equities/misc/tvdivq0000001vg2-att/data_j.xls,2026-07-10T23:26:35.886407+00:00
4212.T,4212,積水樹脂,プライム（内国株式）,3200,化学,0004,素材・化学,0006,TOPIX Small 1,20260630,https://www.jpx.co.jp/markets/statistics-equities/misc/tvdivq0000001vg2-att/data_j.xls,2026-07-10T23:26:35.886407+00:00
4216.T,4216,旭有機材,プライム（内国株式）,3200,化学,0004,素材・化学,0006,TOPIX Small 1,20260630,https://www.jpx.co.jp/markets/statistics-equities/misc/tvdivq0000001vg2-att/data_j.xls,2026-07-10T23:26:35.886407+00:00
4218.T,4218,ニチバン,プライム（内国株式）,3200,化学,0004,素材・化学,0007,TOPIX Small 2,20260630,https://www.jpx.co.jp/markets/statistics-equities/misc/tvdivq0000001vg2-att/data_j.xls,2026-07-10T23:26:35.886407+00:00
4220.T,4220,リケンテクノス,プライム（内国株式）,3200,化学,0004,素材・化学,0007,TOPIX Small 2,20260630,https://www.jpx.co.jp/markets/statistics-equities/misc/tvdivq0000001vg2-att/data_j.xls,2026-07-10T23:26:35.886407+00:00
4221.T,4221,大倉工業,プライム（内国株式）,3200,化学,0004,素材・化学,0007,TOPIX Small 2,20260630,https://www.jpx.co.jp/markets/statistics-equities/misc/tvdivq0000001vg2-att/data_j.xls,2026-07-10T23:26:35.886407+00:00
4222.T,4222,児玉化学工業,スタンダード（内国株式）,3200,化学,0004,素材・化学,-,-,20260630,https://www.jpx.co.jp/markets/statistics-equities/misc/tvdivq0000001vg2-att/data_j.xls,2026-07-10T23:26:35.886407+00:00
4224.T,4224,ロンシール工業,スタンダード（内国株式）,3200,化学,0004,素材・化学,-,-,20260630,https://www.jpx.co.jp/markets/statistics-equities/misc/tvdivq0000001vg2-att/data_j.xls,2026-07-10T23:26:35.886407+00:00
4228.T,4228,積水化成品工業,プライム（内国株式）,3200,化学,0004,素材・化学,0007,TOPIX Small 2,20260630,https://www.jpx.co.jp/markets/statistics-equities/misc/tvdivq0000001vg2-att/data_j.xls,2026-07-10T23:26:35.886407+00:00
4229.T,4229,群栄化学工業,プライム（内国株式）,3200,化学,0004,素材・化学,0007,TOPIX Small 2,20260630,https://www.jpx.co.jp/markets/statistics-equities/misc/tvdivq0000001vg2-att/data_j.xls,2026-07-10T23:26:35.886407+00:00
4231.T,4231,タイガースポリマー,スタンダード（内国株式）,3200,化学,0004,素材・化学,-,-,20260630,https://www.jpx.co.jp/markets/statistics-equities/misc/tvdivq0000001vg2-att/data_j.xls,2026-07-10T23:26:35.886407+00:00
4234.T,4234,サンエー化研,スタンダード（内国株式）,3200,化学,0004,素材・化学,-,-,20260630,https://www.jpx.co.jp/markets/statistics-equities/misc/tvdivq0000001vg2-att/data_j.xls,2026-07-10T23:26:35.886407+00:00
4235.T,4235,ウルトラファブリックス・ホールディングス,スタンダード（内国株式）,3200,化学,0004,素材・化学,-,-,20260630,https://www.jpx.co.jp/markets/statistics-equities/misc/tvdivq0000001vg2-att/data_j.xls,2026-07-10T23:26:35.886407+00:00
4237.T,4237,フジプレアム,スタンダード（内国株式）,3200,化学,0004,素材・化学,-,-,20260630,https://www.jpx.co.jp/markets/statistics-equities/misc/tvdivq0000001vg2-att/data_j.xls,2026-07-10T23:26:35.886407+00:00
4238.T,4238,ミライアル,スタンダード（内国株式）,3200,化学,0004,素材・化学,-,-,20260630,https://www.jpx.co.jp/markets/statistics-equities/misc/tvdivq0000001vg2-att/data_j.xls,2026-07-10T23:26:35.886407+00:00
4240.T,4240,クラスターテクノロジー,スタンダード（内国株式）,3200,化学,0004,素材・化学,-,-,20260630,https://www.jpx.co.jp/markets/statistics-equities/misc/tvdivq0000001vg2-att/data_j.xls,2026-07-10T23:26:35.886407+00:00
4241.T,4241,アテクト,スタンダード（内国株式）,3200,化学,0004,素材・化学,-,-,20260630,https://www.jpx.co.jp/markets/statistics-equities/misc/tvdivq0000001vg2-att/data_j.xls,2026-07-10T23:26:35.886407+00:00
4242.T,4242,タカギセイコー,スタンダード（内国株式）,3200,化学,0004,素材・化学,-,-,20260630,https://www.jpx.co.jp/markets/statistics-equities/misc/tvdivq0000001vg2-att/data_j.xls,2026-07-10T23:26:35.886407+00:00
4243.T,4243,ニックス,スタンダード（内国株式）,3200,化学,0004,素材・化学,-,-,20260630,https://www.jpx.co.jp/markets/statistics-equities/misc/tvdivq0000001vg2-att/data_j.xls,2026-07-10T23:26:35.886407+00:00
4245.T,4245,ダイキアクシス,スタンダード（内国株式）,3200,化学,0004,素材・化学,-,-,20260630,https://www.jpx.co.jp/markets/statistics-equities/misc/tvdivq0000001vg2-att/data_j.xls,2026-07-10T23:26:35.886407+00:00
4246.T,4246,ダイキョーニシカワ,プライム（内国株式）,3200,化学,0004,素材・化学,0007,TOPIX Small 2,20260630,https://www.jpx.co.jp/markets/statistics-equities/misc/tvdivq0000001vg2-att/data_j.xls,2026-07-10T23:26:35.886407+00:00
4247.T,4247,ポバール興業,スタンダード（内国株式）,3200,化学,0004,素材・化学,-,-,20260630,https://www.jpx.co.jp/markets/statistics-equities/misc/tvdivq0000001vg2-att/data_j.xls,2026-07-10T23:26:35.886407+00:00
4248.T,4248,竹本容器,スタンダード（内国株式）,3200,化学,0004,素材・化学,-,-,20260630,https://www.jpx.co.jp/markets/statistics-equities/misc/tvdivq0000001vg2-att/data_j.xls,2026-07-10T23:26:35.886407+00:00
4249.T,4249,森六,プライム（内国株式）,3200,化学,0004,素材・化学,0007,TOPIX Small 2,20260630,https://www.jpx.co.jp/markets/statistics-equities/misc/tvdivq0000001vg2-att/data_j.xls,2026-07-10T23:26:35.886407+00:00
4251.T,4251,恵和,プライム（内国株式）,3200,化学,0004,素材・化学,0007,TOPIX Small 2,20260630,https://www.jpx.co.jp/markets/statistics-equities/misc/tvdivq0000001vg2-att/data_j.xls,2026-07-10T23:26:35.886407+00:00
4255.T,4255,ＴＨＥＣＯＯ,グロース（内国株式）,5250,情報・通信業,0010,情報通信・サービスその他,-,-,20260630,https://www.jpx.co.jp/markets/statistics-equities/misc/tvdivq0000001vg2-att/data_j.xls,2026-07-10T23:26:35.886407+00:00
4256.T,4256,サインド,グロース（内国株式）,5250,情報・通信業,0010,情報通信・サービスその他,-,-,20260630,https://www.jpx.co.jp/markets/statistics-equities/misc/tvdivq0000001vg2-att/data_j.xls,2026-07-10T23:26:35.886407+00:00
4258.T,4258,網屋,グロース（内国株式）,5250,情報・通信業,0010,情報通信・サービスその他,-,-,20260630,https://www.jpx.co.jp/markets/statistics-equities/misc/tvdivq0000001vg2-att/data_j.xls,2026-07-10T23:26:35.886407+00:00
4259.T,4259,エクサウィザーズ,グロース（内国株式）,5250,情報・通信業,0010,情報通信・サービスその他,-,-,20260630,https://www.jpx.co.jp/markets/statistics-equities/misc/tvdivq0000001vg2-att/data_j.xls,2026-07-10T23:26:35.886407+00:00
4260.T,4260,ハイブリッドテクノロジーズ,グロース（内国株式）,5250,情報・通信業,0010,情報通信・サービスその他,-,-,20260630,https://www.jpx.co.jp/markets/statistics-equities/misc/tvdivq0000001vg2-att/data_j.xls,2026-07-10T23:26:35.886407+00:00
4261.T,4261,アジアクエスト,グロース（内国株式）,5250,情報・通信業,0010,情報通信・サービスその他,-,-,20260630,https://www.jpx.co.jp/markets/statistics-equities/misc/tvdivq0000001vg2-att/data_j.xls,2026-07-10T23:26:35.886407+00:00
4262.T,4262,ニフティライフスタイル,グロース（内国株式）,5250,情報・通信業,0010,情報通信・サービスその他,-,-,20260630,https://www.jpx.co.jp/markets/statistics-equities/misc/tvdivq0000001vg2-att/data_j.xls,2026-07-10T23:26:35.886407+00:00
4263.T,4263,サスメド,グロース（内国株式）,5250,情報・通信業,0010,情報通信・サービスその他,-,-,20260630,https://www.jpx.co.jp/markets/statistics-equities/misc/tvdivq0000001vg2-att/data_j.xls,2026-07-10T23:26:35.886407+00:00
4264.T,4264,セキュア,グロース（内国株式）,5250,情報・通信業,0010,情報通信・サービスその他,-,-,20260630,https://www.jpx.co.jp/markets/statistics-equities/misc/tvdivq0000001vg2-att/data_j.xls,2026-07-10T23:26:35.886407+00:00
4265.T,4265,Ｉｎｓｔｉｔｕｔｉｏｎ　ｆｏｒ　ａ　Ｇｌｏｂａｌ　Ｓｏｃｉｅｔｙ,グロース（内国株式）,5250,情報・通信業,0010,情報通信・サービスその他,-,-,20260630,https://www.jpx.co.jp/markets/statistics-equities/misc/tvdivq0000001vg2-att/data_j.xls,2026-07-10T23:26:35.886407+00:00
4270.T,4270,ＢｅｅＸ,グロース（内国株式）,5250,情報・通信業,0010,情報通信・サービスその他,-,-,20260630,https://www.jpx.co.jp/markets/statistics-equities/misc/tvdivq0000001vg2-att/data_j.xls,2026-07-10T23:26:35.886407+00:00
4272.T,4272,日本化薬,プライム（内国株式）,3200,化学,0004,素材・化学,0004,TOPIX Mid400,20260630,https://www.jpx.co.jp/markets/statistics-equities/misc/tvdivq0000001vg2-att/data_j.xls,2026-07-10T23:26:35.886407+00:00
4274.T,4274,細谷火工,スタンダード（内国株式）,3200,化学,0004,素材・化学,-,-,20260630,https://www.jpx.co.jp/markets/statistics-equities/misc/tvdivq0000001vg2-att/data_j.xls,2026-07-10T23:26:35.886407+00:00
4275.T,4275,カーリット,プライム（内国株式）,3200,化学,0004,素材・化学,0007,TOPIX Small 2,20260630,https://www.jpx.co.jp/markets/statistics-equities/misc/tvdivq0000001vg2-att/data_j.xls,2026-07-10T23:26:35.886407+00:00
4284.T,4284,ソルクシーズ,スタンダード（内国株式）,5250,情報・通信業,0010,情報通信・サービスその他,-,-,20260630,https://www.jpx.co.jp/markets/statistics-equities/misc/tvdivq0000001vg2-att/data_j.xls,2026-07-10T23:26:35.886407+00:00
4286.T,4286,ＣＬホールディングス,スタンダード（内国株式）,9050,サービス業,0010,情報通信・サービスその他,0007,TOPIX Small 2,20260630,https://www.jpx.co.jp/markets/statistics-equities/misc/tvdivq0000001vg2-att/data_j.xls,2026-07-10T23:26:35.886407+00:00
4287.T,4287,ジャストプランニング,スタンダード（内国株式）,5250,情報・通信業,0010,情報通信・サービスその他,-,-,20260630,https://www.jpx.co.jp/markets/statistics-equities/misc/tvdivq0000001vg2-att/data_j.xls,2026-07-10T23:26:35.886407+00:00
4288.T,4288,アズジェント,スタンダード（内国株式）,5250,情報・通信業,0010,情報通信・サービスその他,-,-,20260630,https://www.jpx.co.jp/markets/statistics-equities/misc/tvdivq0000001vg2-att/data_j.xls,2026-07-10T23:26:35.886407+00:00
4290.T,4290,プレステージ・インターナショナル,プライム（内国株式）,9050,サービス業,0010,情報通信・サービスその他,0006,TOPIX Small 1,20260630,https://www.jpx.co.jp/markets/statistics-equities/misc/tvdivq0000001vg2-att/data_j.xls,2026-07-10T23:26:35.886407+00:00
4293.T,4293,セプテーニ・ホールディングス,スタンダード（内国株式）,9050,サービス業,0010,情報通信・サービスその他,-,-,20260630,https://www.jpx.co.jp/markets/statistics-equities/misc/tvdivq0000001vg2-att/data_j.xls,2026-07-10T23:26:35.886407+00:00
4299.T,4299,ハイマックス,スタンダード（内国株式）,5250,情報・通信業,0010,情報通信・サービスその他,0007,TOPIX Small 2,20260630,https://www.jpx.co.jp/markets/statistics-equities/misc/tvdivq0000001vg2-att/data_j.xls,2026-07-10T23:26:35.886407+00:00
4301.T,4301,アミューズ,プライム（内国株式）,9050,サービス業,0010,情報通信・サービスその他,0007,TOPIX Small 2,20260630,https://www.jpx.co.jp/markets/statistics-equities/misc/tvdivq0000001vg2-att/data_j.xls,2026-07-10T23:26:35.886407+00:00
4307.T,4307,野村総合研究所,プライム（内国株式）,5250,情報・通信業,0010,情報通信・サービスその他,0002,TOPIX Large70,20260630,https://www.jpx.co.jp/markets/statistics-equities/misc/tvdivq0000001vg2-att/data_j.xls,2026-07-10T23:26:35.886407+00:00
4308.T,4308,Ｊストリーム,グロース（内国株式）,5250,情報・通信業,0010,情報通信・サービスその他,-,-,20260630,https://www.jpx.co.jp/markets/statistics-equities/misc/tvdivq0000001vg2-att/data_j.xls,2026-07-10T23:26:35.886407+00:00
4310.T,4310,ドリームインキュベータ,プライム（内国株式）,9050,サービス業,0010,情報通信・サービスその他,0007,TOPIX Small 2,20260630,https://www.jpx.co.jp/markets/statistics-equities/misc/tvdivq0000001vg2-att/data_j.xls,2026-07-10T23:26:35.886407+00:00
4316.T,4316,ビーマップ,グロース（内国株式）,5250,情報・通信業,0010,情報通信・サービスその他,-,-,20260630,https://www.jpx.co.jp/markets/statistics-equities/misc/tvdivq0000001vg2-att/data_j.xls,2026-07-10T23:26:35.886407+00:00
4317.T,4317,レイ,スタンダード（内国株式）,9050,サービス業,0010,情報通信・サービスその他,-,-,20260630,https://www.jpx.co.jp/markets/statistics-equities/misc/tvdivq0000001vg2-att/data_j.xls,2026-07-10T23:26:35.886407+00:00
4318.T,4318,クイック,プライム（内国株式）,9050,サービス業,0010,情報通信・サービスその他,0007,TOPIX Small 2,20260630,https://www.jpx.co.jp/markets/statistics-equities/misc/tvdivq0000001vg2-att/data_j.xls,2026-07-10T23:26:35.886407+00:00
4320.T,4320,ＣＥホールディングス,スタンダード（内国株式）,5250,情報・通信業,0010,情報通信・サービスその他,-,-,20260630,https://www.jpx.co.jp/markets/statistics-equities/misc/tvdivq0000001vg2-att/data_j.xls,2026-07-10T23:26:35.886407+00:00
4323.T,4323,日本システム技術,プライム（内国株式）,5250,情報・通信業,0010,情報通信・サービスその他,0007,TOPIX Small 2,20260630,https://www.jpx.co.jp/markets/statistics-equities/misc/tvdivq0000001vg2-att/data_j.xls,2026-07-10T23:26:35.886407+00:00
4324.T,4324,電通グループ,プライム（内国株式）,9050,サービス業,0010,情報通信・サービスその他,0004,TOPIX Mid400,20260630,https://www.jpx.co.jp/markets/statistics-equities/misc/tvdivq0000001vg2-att/data_j.xls,2026-07-10T23:26:35.886407+00:00
4326.T,4326,インテージホールディングス,プライム（内国株式）,5250,情報・通信業,0010,情報通信・サービスその他,0007,TOPIX Small 2,20260630,https://www.jpx.co.jp/markets/statistics-equities/misc/tvdivq0000001vg2-att/data_j.xls,2026-07-10T23:26:35.886407+00:00
4331.T,4331,テイクアンドギヴ・ニーズ,プライム（内国株式）,9050,サービス業,0010,情報通信・サービスその他,0007,TOPIX Small 2,20260630,https://www.jpx.co.jp/markets/statistics-equities/misc/tvdivq0000001vg2-att/data_j.xls,2026-07-10T23:26:35.886407+00:00
4334.T,4334,ユークス,スタンダード（内国株式）,5250,情報・通信業,0010,情報通信・サービスその他,-,-,20260630,https://www.jpx.co.jp/markets/statistics-equities/misc/tvdivq0000001vg2-att/data_j.xls,2026-07-10T23:26:35.886407+00:00
4335.T,4335,ＩＰＳホールディングス,スタンダード（内国株式）,5250,情報・通信業,0010,情報通信・サービスその他,-,-,20260630,https://www.jpx.co.jp/markets/statistics-equities/misc/tvdivq0000001vg2-att/data_j.xls,2026-07-10T23:26:35.886407+00:00
4337.T,4337,ぴあ,プライム（内国株式）,9050,サービス業,0010,情報通信・サービスその他,0007,TOPIX Small 2,20260630,https://www.jpx.co.jp/markets/statistics-equities/misc/tvdivq0000001vg2-att/data_j.xls,2026-07-10T23:26:35.886407+00:00
4341.T,4341,西菱電機,スタンダード（内国株式）,9050,サービス業,0010,情報通信・サービスその他,-,-,20260630,https://www.jpx.co.jp/markets/statistics-equities/misc/tvdivq0000001vg2-att/data_j.xls,2026-07-10T23:26:35.886407+00:00
4343.T,4343,イオンファンタジー,プライム（内国株式）,9050,サービス業,0010,情報通信・サービスその他,0007,TOPIX Small 2,20260630,https://www.jpx.co.jp/markets/statistics-equities/misc/tvdivq0000001vg2-att/data_j.xls,2026-07-10T23:26:35.886407+00:00
4344.T,4344,ソースネクスト,プライム（内国株式）,5250,情報・通信業,0010,情報通信・サービスその他,0007,TOPIX Small 2,20260630,https://www.jpx.co.jp/markets/statistics-equities/misc/tvdivq0000001vg2-att/data_j.xls,2026-07-10T23:26:35.886407+00:00
4345.T,4345,シーティーエス,プライム（内国株式）,9050,サービス業,0010,情報通信・サービスその他,0007,TOPIX Small 2,20260630,https://www.jpx.co.jp/markets/statistics-equities/misc/tvdivq0000001vg2-att/data_j.xls,2026-07-10T23:26:35.886407+00:00
4346.T,4346,ＮＥＸＹＺ．Ｇｒｏｕｐ,スタンダード（内国株式）,7200,その他金融業,0016,金融（除く銀行）,-,-,20260630,https://www.jpx.co.jp/markets/statistics-equities/misc/tvdivq0000001vg2-att/data_j.xls,2026-07-10T23:26:35.886407+00:00
4347.T,4347,ブロードメディア,スタンダード（内国株式）,9050,サービス業,0010,情報通信・サービスその他,-,-,20260630,https://www.jpx.co.jp/markets/statistics-equities/misc/tvdivq0000001vg2-att/data_j.xls,2026-07-10T23:26:35.886407+00:00
4350.T,4350,メディカルシステムネットワーク,スタンダード（内国株式）,6100,小売業,0014,小売,0007,TOPIX Small 2,20260630,https://www.jpx.co.jp/markets/statistics-equities/misc/tvdivq0000001vg2-att/data_j.xls,2026-07-10T23:26:35.886407+00:00
4351.T,4351,山田再生系債権回収総合事務所,スタンダード（内国株式）,7200,その他金融業,0016,金融（除く銀行）,-,-,20260630,https://www.jpx.co.jp/markets/statistics-equities/misc/tvdivq0000001vg2-att/data_j.xls,2026-07-10T23:26:35.886407+00:00
4356.T,4356,応用技術,スタンダード（内国株式）,5250,情報・通信業,0010,情報通信・サービスその他,-,-,20260630,https://www.jpx.co.jp/markets/statistics-equities/misc/tvdivq0000001vg2-att/data_j.xls,2026-07-10T23:26:35.886407+00:00
4360.T,4360,マナック・ケミカル・パートナーズ,スタンダード（内国株式）,3200,化学,0004,素材・化学,-,-,20260630,https://www.jpx.co.jp/markets/statistics-equities/misc/tvdivq0000001vg2-att/data_j.xls,2026-07-10T23:26:35.886407+00:00
4361.T,4361,川口化学工業,スタンダード（内国株式）,3200,化学,0004,素材・化学,-,-,20260630,https://www.jpx.co.jp/markets/statistics-equities/misc/tvdivq0000001vg2-att/data_j.xls,2026-07-10T23:26:35.886407+00:00
4362.T,4362,日本精化,プライム（内国株式）,3200,化学,0004,素材・化学,0007,TOPIX Small 2,20260630,https://www.jpx.co.jp/markets/statistics-equities/misc/tvdivq0000001vg2-att/data_j.xls,2026-07-10T23:26:35.886407+00:00
4365.T,4365,松本油脂製薬,スタンダード（内国株式）,3200,化学,0004,素材・化学,-,-,20260630,https://www.jpx.co.jp/markets/statistics-equities/misc/tvdivq0000001vg2-att/data_j.xls,2026-07-10T23:26:35.886407+00:00
4366.T,4366,ダイトーケミックス,スタンダード（内国株式）,3200,化学,0004,素材・化学,-,-,20260630,https://www.jpx.co.jp/markets/statistics-equities/misc/tvdivq0000001vg2-att/data_j.xls,2026-07-10T23:26:35.886407+00:00
4367.T,4367,広栄化学,スタンダード（内国株式）,3200,化学,0004,素材・化学,-,-,20260630,https://www.jpx.co.jp/markets/statistics-equities/misc/tvdivq0000001vg2-att/data_j.xls,2026-07-10T23:26:35.886407+00:00
4368.T,4368,扶桑化学工業,プライム（内国株式）,3200,化学,0004,素材・化学,0006,TOPIX Small 1,20260630,https://www.jpx.co.jp/markets/statistics-equities/misc/tvdivq0000001vg2-att/data_j.xls,2026-07-10T23:26:35.886407+00:00
4369.T,4369,トリケミカル研究所,プライム（内国株式）,3200,化学,0004,素材・化学,0006,TOPIX Small 1,20260630,https://www.jpx.co.jp/markets/statistics-equities/misc/tvdivq0000001vg2-att/data_j.xls,2026-07-10T23:26:35.886407+00:00
4370.T,4370,モビルス,グロース（内国株式）,5250,情報・通信業,0010,情報通信・サービスその他,-,-,20260630,https://www.jpx.co.jp/markets/statistics-equities/misc/tvdivq0000001vg2-att/data_j.xls,2026-07-10T23:26:35.886407+00:00
4371.T,4371,コアコンセプト・テクノロジー,グロース（内国株式）,5250,情報・通信業,0010,情報通信・サービスその他,-,-,20260630,https://www.jpx.co.jp/markets/statistics-equities/misc/tvdivq0000001vg2-att/data_j.xls,2026-07-10T23:26:35.886407+00:00
4372.T,4372,ユミルリンク,グロース（内国株式）,5250,情報・通信業,0010,情報通信・サービスその他,-,-,20260630,https://www.jpx.co.jp/markets/statistics-equities/misc/tvdivq0000001vg2-att/data_j.xls,2026-07-10T23:26:35.886407+00:00
4373.T,4373,シンプレクス・ホールディングス,プライム（内国株式）,5250,情報・通信業,0010,情報通信・サービスその他,0006,TOPIX Small 1,20260630,https://www.jpx.co.jp/markets/statistics-equities/misc/tvdivq0000001vg2-att/data_j.xls,2026-07-10T23:26:35.886407+00:00
4374.T,4374,ＲＯＢＯＴ　ＰＡＹＭＥＮＴ,グロース（内国株式）,5250,情報・通信業,0010,情報通信・サービスその他,-,-,20260630,https://www.jpx.co.jp/markets/statistics-equities/misc/tvdivq0000001vg2-att/data_j.xls,2026-07-10T23:26:35.886407+00:00
4375.T,4375,セーフィー,グロース（内国株式）,5250,情報・通信業,0010,情報通信・サービスその他,-,-,20260630,https://www.jpx.co.jp/markets/statistics-equities/misc/tvdivq0000001vg2-att/data_j.xls,2026-07-10T23:26:35.886407+00:00
4376.T,4376,くふうカンパニーホールディングス,グロース（内国株式）,5250,情報・通信業,0010,情報通信・サービスその他,-,-,20260630,https://www.jpx.co.jp/markets/statistics-equities/misc/tvdivq0000001vg2-att/data_j.xls,2026-07-10T23:26:35.886407+00:00
4377.T,4377,ワンキャリア,グロース（内国株式）,5250,情報・通信業,0010,情報通信・サービスその他,-,-,20260630,https://www.jpx.co.jp/markets/statistics-equities/misc/tvdivq0000001vg2-att/data_j.xls,2026-07-10T23:26:35.886407+00:00
4378.T,4378,ＣＩＮＣ,グロース（内国株式）,5250,情報・通信業,0010,情報通信・サービスその他,-,-,20260630,https://www.jpx.co.jp/markets/statistics-equities/misc/tvdivq0000001vg2-att/data_j.xls,2026-07-10T23:26:35.886407+00:00
4379.T,4379,Ｐｈｏｔｏｓｙｎｔｈ,グロース（内国株式）,5250,情報・通信業,0010,情報通信・サービスその他,-,-,20260630,https://www.jpx.co.jp/markets/statistics-equities/misc/tvdivq0000001vg2-att/data_j.xls,2026-07-10T23:26:35.886407+00:00
4380.T,4380,Ｍマート,グロース（内国株式）,5250,情報・通信業,0010,情報通信・サービスその他,-,-,20260630,https://www.jpx.co.jp/markets/statistics-equities/misc/tvdivq0000001vg2-att/data_j.xls,2026-07-10T23:26:35.886407+00:00
4381.T,4381,ビープラッツ,グロース（内国株式）,5250,情報・通信業,0010,情報通信・サービスその他,-,-,20260630,https://www.jpx.co.jp/markets/statistics-equities/misc/tvdivq0000001vg2-att/data_j.xls,2026-07-10T23:26:35.886407+00:00
4382.T,4382,ＨＥＲＯＺ,スタンダード（内国株式）,5250,情報・通信業,0010,情報通信・サービスその他,0007,TOPIX Small 2,20260630,https://www.jpx.co.jp/markets/statistics-equities/misc/tvdivq0000001vg2-att/data_j.xls,2026-07-10T23:26:35.886407+00:00
4385.T,4385,メルカリ,プライム（内国株式）,5250,情報・通信業,0010,情報通信・サービスその他,0004,TOPIX Mid400,20260630,https://www.jpx.co.jp/markets/statistics-equities/misc/tvdivq0000001vg2-att/data_j.xls,2026-07-10T23:26:35.886407+00:00
4386.T,4386,ＳＩＧグループ,スタンダード（内国株式）,5250,情報・通信業,0010,情報通信・サービスその他,-,-,20260630,https://www.jpx.co.jp/markets/statistics-equities/misc/tvdivq0000001vg2-att/data_j.xls,2026-07-10T23:26:35.886407+00:00
4387.T,4387,ＺＵＵ,グロース（内国株式）,5250,情報・通信業,0010,情報通信・サービスその他,-,-,20260630,https://www.jpx.co.jp/markets/statistics-equities/misc/tvdivq0000001vg2-att/data_j.xls,2026-07-10T23:26:35.886407+00:00
4388.T,4388,エーアイ,スタンダード（内国株式）,5250,情報・通信業,0010,情報通信・サービスその他,-,-,20260630,https://www.jpx.co.jp/markets/statistics-equities/misc/tvdivq0000001vg2-att/data_j.xls,2026-07-10T23:26:35.886407+00:00
4389.T,4389,プロパティデータバンク,グロース（内国株式）,5250,情報・通信業,0010,情報通信・サービスその他,-,-,20260630,https://www.jpx.co.jp/markets/statistics-equities/misc/tvdivq0000001vg2-att/data_j.xls,2026-07-10T23:26:35.886407+00:00
4390.T,4390,ＩＰＳ,プライム（内国株式）,5250,情報・通信業,0010,情報通信・サービスその他,0007,TOPIX Small 2,20260630,https://www.jpx.co.jp/markets/statistics-equities/misc/tvdivq0000001vg2-att/data_j.xls,2026-07-10T23:26:35.886407+00:00
4391.T,4391,ロジザード,グロース（内国株式）,5250,情報・通信業,0010,情報通信・サービスその他,-,-,20260630,https://www.jpx.co.jp/markets/statistics-equities/misc/tvdivq0000001vg2-att/data_j.xls,2026-07-10T23:26:35.886407+00:00
4392.T,4392,ＦＩＧ,プライム（内国株式）,5250,情報・通信業,0010,情報通信・サービスその他,-,-,20260630,https://www.jpx.co.jp/markets/statistics-equities/misc/tvdivq0000001vg2-att/data_j.xls,2026-07-10T23:26:35.886407+00:00
4393.T,4393,バンク・オブ・イノベーション,グロース（内国株式）,5250,情報・通信業,0010,情報通信・サービスその他,-,-,20260630,https://www.jpx.co.jp/markets/statistics-equities/misc/tvdivq0000001vg2-att/data_j.xls,2026-07-10T23:26:35.886407+00:00
4394.T,4394,エクスモーション,グロース（内国株式）,5250,情報・通信業,0010,情報通信・サービスその他,-,-,20260630,https://www.jpx.co.jp/markets/statistics-equities/misc/tvdivq0000001vg2-att/data_j.xls,2026-07-10T23:26:35.886407+00:00
4395.T,4395,アクリート,グロース（内国株式）,5250,情報・通信業,0010,情報通信・サービスその他,-,-,20260630,https://www.jpx.co.jp/markets/statistics-equities/misc/tvdivq0000001vg2-att/data_j.xls,2026-07-10T23:26:35.886407+00:00
4396.T,4396,システムサポートホールディングス,プライム（内国株式）,5250,情報・通信業,0010,情報通信・サービスその他,0007,TOPIX Small 2,20260630,https://www.jpx.co.jp/markets/statistics-equities/misc/tvdivq0000001vg2-att/data_j.xls,2026-07-10T23:26:35.886407+00:00
4397.T,4397,チームスピリット,グロース（内国株式）,5250,情報・通信業,0010,情報通信・サービスその他,-,-,20260630,https://www.jpx.co.jp/markets/statistics-equities/misc/tvdivq0000001vg2-att/data_j.xls,2026-07-10T23:26:35.886407+00:00
4398.T,4398,ブロードバンドセキュリティ,スタンダード（内国株式）,5250,情報・通信業,0010,情報通信・サービスその他,-,-,20260630,https://www.jpx.co.jp/markets/statistics-equities/misc/tvdivq0000001vg2-att/data_j.xls,2026-07-10T23:26:35.886407+00:00
4401.T,4401,ＡＤＥＫＡ,プライム（内国株式）,3200,化学,0004,素材・化学,0004,TOPIX Mid400,20260630,https://www.jpx.co.jp/markets/statistics-equities/misc/tvdivq0000001vg2-att/data_j.xls,2026-07-10T23:26:35.886407+00:00
4403.T,4403,日油,プライム（内国株式）,3200,化学,0004,素材・化学,0004,TOPIX Mid400,20260630,https://www.jpx.co.jp/markets/statistics-equities/misc/tvdivq0000001vg2-att/data_j.xls,2026-07-10T23:26:35.886407+00:00
4404.T,4404,ミヨシ油脂,スタンダード（内国株式）,3050,食料品,0001,食品,-,-,20260630,https://www.jpx.co.jp/markets/statistics-equities/misc/tvdivq0000001vg2-att/data_j.xls,2026-07-10T23:26:35.886407+00:00
4406.T,4406,新日本理化,スタンダード（内国株式）,3200,化学,0004,素材・化学,-,-,20260630,https://www.jpx.co.jp/markets/statistics-equities/misc/tvdivq0000001vg2-att/data_j.xls,2026-07-10T23:26:35.886407+00:00
4409.T,4409,東邦化学工業,スタンダード（内国株式）,3200,化学,0004,素材・化学,-,-,20260630,https://www.jpx.co.jp/markets/statistics-equities/misc/tvdivq0000001vg2-att/data_j.xls,2026-07-10T23:26:35.886407+00:00
4410.T,4410,ハリマ化成グループ,プライム（内国株式）,3200,化学,0004,素材・化学,0007,TOPIX Small 2,20260630,https://www.jpx.co.jp/markets/statistics-equities/misc/tvdivq0000001vg2-att/data_j.xls,2026-07-10T23:26:35.886407+00:00
4412.T,4412,サイエンスアーツ,グロース（内国株式）,5250,情報・通信業,0010,情報通信・サービスその他,-,-,20260630,https://www.jpx.co.jp/markets/statistics-equities/misc/tvdivq0000001vg2-att/data_j.xls,2026-07-10T23:26:35.886407+00:00
4413.T,4413,ボードルア,プライム（内国株式）,5250,情報・通信業,0010,情報通信・サービスその他,0007,TOPIX Small 2,20260630,https://www.jpx.co.jp/markets/statistics-equities/misc/tvdivq0000001vg2-att/data_j.xls,2026-07-10T23:26:35.886407+00:00
4414.T,4414,フレクト,グロース（内国株式）,5250,情報・通信業,0010,情報通信・サービスその他,-,-,20260630,https://www.jpx.co.jp/markets/statistics-equities/misc/tvdivq0000001vg2-att/data_j.xls,2026-07-10T23:26:35.886407+00:00
4415.T,4415,ブロードエンタープライズ,グロース（内国株式）,5250,情報・通信業,0010,情報通信・サービスその他,-,-,20260630,https://www.jpx.co.jp/markets/statistics-equities/misc/tvdivq0000001vg2-att/data_j.xls,2026-07-10T23:26:35.886407+00:00
4416.T,4416,Ｔｒｕｅ　Ｄａｔａ,グロース（内国株式）,5250,情報・通信業,0010,情報通信・サービスその他,-,-,20260630,https://www.jpx.co.jp/markets/statistics-equities/misc/tvdivq0000001vg2-att/data_j.xls,2026-07-10T23:26:35.886407+00:00
4417.T,4417,グローバルセキュリティエキスパート,グロース（内国株式）,5250,情報・通信業,0010,情報通信・サービスその他,-,-,20260630,https://www.jpx.co.jp/markets/statistics-equities/misc/tvdivq0000001vg2-att/data_j.xls,2026-07-10T23:26:35.886407+00:00
4418.T,4418,ＪＤＳＣ,グロース（内国株式）,5250,情報・通信業,0010,情報通信・サービスその他,-,-,20260630,https://www.jpx.co.jp/markets/statistics-equities/misc/tvdivq0000001vg2-att/data_j.xls,2026-07-10T23:26:35.886407+00:00
4419.T,4419,Ｆｉｎａｔｅｘｔホールディングス,グロース（内国株式）,5250,情報・通信業,0010,情報通信・サービスその他,-,-,20260630,https://www.jpx.co.jp/markets/statistics-equities/misc/tvdivq0000001vg2-att/data_j.xls,2026-07-10T23:26:35.886407+00:00
4420.T,4420,イーソル,スタンダード（内国株式）,5250,情報・通信業,0010,情報通信・サービスその他,0007,TOPIX Small 2,20260630,https://www.jpx.co.jp/markets/statistics-equities/misc/tvdivq0000001vg2-att/data_j.xls,2026-07-10T23:26:35.886407+00:00
4421.T,4421,ディ・アイ・システム,スタンダード（内国株式）,5250,情報・通信業,0010,情報通信・サービスその他,-,-,20260630,https://www.jpx.co.jp/markets/statistics-equities/misc/tvdivq0000001vg2-att/data_j.xls,2026-07-10T23:26:35.886407+00:00
4422.T,4422,ＶＡＬＵＥＮＥＸ,グロース（内国株式）,5250,情報・通信業,0010,情報通信・サービスその他,-,-,20260630,https://www.jpx.co.jp/markets/statistics-equities/misc/tvdivq0000001vg2-att/data_j.xls,2026-07-10T23:26:35.886407+00:00
4424.T,4424,Ａｍａｚｉａ,グロース（内国株式）,5250,情報・通信業,0010,情報通信・サービスその他,-,-,20260630,https://www.jpx.co.jp/markets/statistics-equities/misc/tvdivq0000001vg2-att/data_j.xls,2026-07-10T23:26:35.886407+00:00
4425.T,4425,Ｋｕｄａｎ,グロース（内国株式）,5250,情報・通信業,0010,情報通信・サービスその他,-,-,20260630,https://www.jpx.co.jp/markets/statistics-equities/misc/tvdivq0000001vg2-att/data_j.xls,2026-07-10T23:26:35.886407+00:00
4426.T,4426,パスロジ,PRO Market,5250,情報・通信業,0010,情報通信・サービスその他,-,-,20260630,https://www.jpx.co.jp/markets/statistics-equities/misc/tvdivq0000001vg2-att/data_j.xls,2026-07-10T23:26:35.886407+00:00
4427.T,4427,ＥｄｕＬａｂ,グロース（内国株式）,5250,情報・通信業,0010,情報通信・サービスその他,-,-,20260630,https://www.jpx.co.jp/markets/statistics-equities/misc/tvdivq0000001vg2-att/data_j.xls,2026-07-10T23:26:35.886407+00:00
4428.T,4428,シノプス,グロース（内国株式）,5250,情報・通信業,0010,情報通信・サービスその他,-,-,20260630,https://www.jpx.co.jp/markets/statistics-equities/misc/tvdivq0000001vg2-att/data_j.xls,2026-07-10T23:26:35.886407+00:00
4429.T,4429,リックソフト,グロース（内国株式）,5250,情報・通信業,0010,情報通信・サービスその他,-,-,20260630,https://www.jpx.co.jp/markets/statistics-equities/misc/tvdivq0000001vg2-att/data_j.xls,2026-07-10T23:26:35.886407+00:00
4430.T,4430,東海ソフト,スタンダード（内国株式）,5250,情報・通信業,0010,情報通信・サービスその他,-,-,20260630,https://www.jpx.co.jp/markets/statistics-equities/misc/tvdivq0000001vg2-att/data_j.xls,2026-07-10T23:26:35.886407+00:00
4431.T,4431,スマレジ,グロース（内国株式）,5250,情報・通信業,0010,情報通信・サービスその他,-,-,20260630,https://www.jpx.co.jp/markets/statistics-equities/misc/tvdivq0000001vg2-att/data_j.xls,2026-07-10T23:26:35.886407+00:00
4432.T,4432,ウイングアーク１ｓｔ,プライム（内国株式）,5250,情報・通信業,0010,情報通信・サービスその他,0006,TOPIX Small 1,20260630,https://www.jpx.co.jp/markets/statistics-equities/misc/tvdivq0000001vg2-att/data_j.xls,2026-07-10T23:26:35.886407+00:00
4433.T,4433,ヒト・コミュニケーションズ・ホールディングス,プライム（内国株式）,9050,サービス業,0010,情報通信・サービスその他,0007,TOPIX Small 2,20260630,https://www.jpx.co.jp/markets/statistics-equities/misc/tvdivq0000001vg2-att/data_j.xls,2026-07-10T23:26:35.886407+00:00
4434.T,4434,サーバーワークス,スタンダード（内国株式）,5250,情報・通信業,0010,情報通信・サービスその他,0007,TOPIX Small 2,20260630,https://www.jpx.co.jp/markets/statistics-equities/misc/tvdivq0000001vg2-att/data_j.xls,2026-07-10T23:26:35.886407+00:00
4436.T,4436,ミンカブ・ジ・インフォノイド,グロース（内国株式）,5250,情報・通信業,0010,情報通信・サービスその他,-,-,20260630,https://www.jpx.co.jp/markets/statistics-equities/misc/tvdivq0000001vg2-att/data_j.xls,2026-07-10T23:26:35.886407+00:00
4437.T,4437,ｇｏｏｄｄａｙｓホールディングス,グロース（内国株式）,5250,情報・通信業,0010,情報通信・サービスその他,-,-,20260630,https://www.jpx.co.jp/markets/statistics-equities/misc/tvdivq0000001vg2-att/data_j.xls,2026-07-10T23:26:35.886407+00:00
4438.T,4438,Ｗｅｌｂｙ,グロース（内国株式）,5250,情報・通信業,0010,情報通信・サービスその他,-,-,20260630,https://www.jpx.co.jp/markets/statistics-equities/misc/tvdivq0000001vg2-att/data_j.xls,2026-07-10T23:26:35.886407+00:00
4439.T,4439,東名,スタンダード（内国株式）,5250,情報・通信業,0010,情報通信・サービスその他,-,-,20260630,https://www.jpx.co.jp/markets/statistics-equities/misc/tvdivq0000001vg2-att/data_j.xls,2026-07-10T23:26:35.886407+00:00
4440.T,4440,ヴィッツ,スタンダード（内国株式）,5250,情報・通信業,0010,情報通信・サービスその他,-,-,20260630,https://www.jpx.co.jp/markets/statistics-equities/misc/tvdivq0000001vg2-att/data_j.xls,2026-07-10T23:26:35.886407+00:00
4441.T,4441,トビラシステムズ,スタンダード（内国株式）,5250,情報・通信業,0010,情報通信・サービスその他,-,-,20260630,https://www.jpx.co.jp/markets/statistics-equities/misc/tvdivq0000001vg2-att/data_j.xls,2026-07-10T23:26:35.886407+00:00
4442.T,4442,バルテス・ホールディングス,グロース（内国株式）,5250,情報・通信業,0010,情報通信・サービスその他,-,-,20260630,https://www.jpx.co.jp/markets/statistics-equities/misc/tvdivq0000001vg2-att/data_j.xls,2026-07-10T23:26:35.886407+00:00
4443.T,4443,Ｓａｎｓａｎ,プライム（内国株式）,5250,情報・通信業,0010,情報通信・サービスその他,0006,TOPIX Small 1,20260630,https://www.jpx.co.jp/markets/statistics-equities/misc/tvdivq0000001vg2-att/data_j.xls,2026-07-10T23:26:35.886407+00:00
4444.T,4444,インフォネット,グロース（内国株式）,5250,情報・通信業,0010,情報通信・サービスその他,-,-,20260630,https://www.jpx.co.jp/markets/statistics-equities/misc/tvdivq0000001vg2-att/data_j.xls,2026-07-10T23:26:35.886407+00:00
4445.T,4445,リビン・テクノロジーズ,グロース（内国株式）,5250,情報・通信業,0010,情報通信・サービスその他,-,-,20260630,https://www.jpx.co.jp/markets/statistics-equities/misc/tvdivq0000001vg2-att/data_j.xls,2026-07-10T23:26:35.886407+00:00
4446.T,4446,Ｌｉｎｋ－Ｕグループ,プライム（内国株式）,5250,情報・通信業,0010,情報通信・サービスその他,-,-,20260630,https://www.jpx.co.jp/markets/statistics-equities/misc/tvdivq0000001vg2-att/data_j.xls,2026-07-10T23:26:35.886407+00:00
4447.T,4447,ピー・ビーシステムズ,グロース（内国株式）,5250,情報・通信業,0010,情報通信・サービスその他,-,-,20260630,https://www.jpx.co.jp/markets/statistics-equities/misc/tvdivq0000001vg2-att/data_j.xls,2026-07-10T23:26:35.886407+00:00
4448.T,4448,ｋｕｂｅｌｌ,グロース（内国株式）,5250,情報・通信業,0010,情報通信・サービスその他,-,-,20260630,https://www.jpx.co.jp/markets/statistics-equities/misc/tvdivq0000001vg2-att/data_j.xls,2026-07-10T23:26:35.886407+00:00
4450.T,4450,パワーソリューションズ,グロース（内国株式）,5250,情報・通信業,0010,情報通信・サービスその他,-,-,20260630,https://www.jpx.co.jp/markets/statistics-equities/misc/tvdivq0000001vg2-att/data_j.xls,2026-07-10T23:26:35.886407+00:00
4452.T,4452,花王,プライム（内国株式）,3200,化学,0004,素材・化学,0002,TOPIX Large70,20260630,https://www.jpx.co.jp/markets/statistics-equities/misc/tvdivq0000001vg2-att/data_j.xls,2026-07-10T23:26:35.886407+00:00
4461.T,4461,第一工業製薬,プライム（内国株式）,3200,化学,0004,素材・化学,0007,TOPIX Small 2,20260630,https://www.jpx.co.jp/markets/statistics-equities/misc/tvdivq0000001vg2-att/data_j.xls,2026-07-10T23:26:35.886407+00:00
4462.T,4462,石原ケミカル,プライム（内国株式）,3200,化学,0004,素材・化学,0007,TOPIX Small 2,20260630,https://www.jpx.co.jp/markets/statistics-equities/misc/tvdivq0000001vg2-att/data_j.xls,2026-07-10T23:26:35.886407+00:00
4463.T,4463,日華化学,スタンダード（内国株式）,3200,化学,0004,素材・化学,-,-,20260630,https://www.jpx.co.jp/markets/statistics-equities/misc/tvdivq0000001vg2-att/data_j.xls,2026-07-10T23:26:35.886407+00:00
4464.T,4464,ソフト９９コーポレーション,スタンダード（内国株式）,3200,化学,0004,素材・化学,-,-,20260630,https://www.jpx.co.jp/markets/statistics-equities/misc/tvdivq0000001vg2-att/data_j.xls,2026-07-10T23:26:35.886407+00:00
4465.T,4465,ニイタカ,スタンダード（内国株式）,3200,化学,0004,素材・化学,-,-,20260630,https://www.jpx.co.jp/markets/statistics-equities/misc/tvdivq0000001vg2-att/data_j.xls,2026-07-10T23:26:35.886407+00:00
4471.T,4471,三洋化成工業,プライム（内国株式）,3200,化学,0004,素材・化学,0006,TOPIX Small 1,20260630,https://www.jpx.co.jp/markets/statistics-equities/misc/tvdivq0000001vg2-att/data_j.xls,2026-07-10T23:26:35.886407+00:00
4475.T,4475,ＨＥＮＮＧＥ,グロース（内国株式）,5250,情報・通信業,0010,情報通信・サービスその他,-,-,20260630,https://www.jpx.co.jp/markets/statistics-equities/misc/tvdivq0000001vg2-att/data_j.xls,2026-07-10T23:26:35.886407+00:00
4476.T,4476,ＡＩ　ＣＲＯＳＳ,グロース（内国株式）,5250,情報・通信業,0010,情報通信・サービスその他,-,-,20260630,https://www.jpx.co.jp/markets/statistics-equities/misc/tvdivq0000001vg2-att/data_j.xls,2026-07-10T23:26:35.886407+00:00
4477.T,4477,ＢＡＳＥ,グロース（内国株式）,5250,情報・通信業,0010,情報通信・サービスその他,-,-,20260630,https://www.jpx.co.jp/markets/statistics-equities/misc/tvdivq0000001vg2-att/data_j.xls,2026-07-10T23:26:35.886407+00:00
4478.T,4478,フリー,グロース（内国株式）,5250,情報・通信業,0010,情報通信・サービスその他,-,-,20260630,https://www.jpx.co.jp/markets/statistics-equities/misc/tvdivq0000001vg2-att/data_j.xls,2026-07-10T23:26:35.886407+00:00
4479.T,4479,マクアケ,グロース（内国株式）,5250,情報・通信業,0010,情報通信・サービスその他,-,-,20260630,https://www.jpx.co.jp/markets/statistics-equities/misc/tvdivq0000001vg2-att/data_j.xls,2026-07-10T23:26:35.886407+00:00
4480.T,4480,メドレー,プライム（内国株式）,5250,情報・通信業,0010,情報通信・サービスその他,0006,TOPIX Small 1,20260630,https://www.jpx.co.jp/markets/statistics-equities/misc/tvdivq0000001vg2-att/data_j.xls,2026-07-10T23:26:35.886407+00:00
4481.T,4481,ベース,プライム（内国株式）,5250,情報・通信業,0010,情報通信・サービスその他,0007,TOPIX Small 2,20260630,https://www.jpx.co.jp/markets/statistics-equities/misc/tvdivq0000001vg2-att/data_j.xls,2026-07-10T23:26:35.886407+00:00
4482.T,4482,ウィルズ,グロース（内国株式）,5250,情報・通信業,0010,情報通信・サービスその他,-,-,20260630,https://www.jpx.co.jp/markets/statistics-equities/misc/tvdivq0000001vg2-att/data_j.xls,2026-07-10T23:26:35.886407+00:00
4483.T,4483,ＪＭＤＣ,プライム（内国株式）,5250,情報・通信業,0010,情報通信・サービスその他,0006,TOPIX Small 1,20260630,https://www.jpx.co.jp/markets/statistics-equities/misc/tvdivq0000001vg2-att/data_j.xls,2026-07-10T23:26:35.886407+00:00
4484.T,4484,ランサーズ,グロース（内国株式）,5250,情報・通信業,0010,情報通信・サービスその他,-,-,20260630,https://www.jpx.co.jp/markets/statistics-equities/misc/tvdivq0000001vg2-att/data_j.xls,2026-07-10T23:26:35.886407+00:00
4486.T,4486,ユナイトアンドグロウ,グロース（内国株式）,5250,情報・通信業,0010,情報通信・サービスその他,-,-,20260630,https://www.jpx.co.jp/markets/statistics-equities/misc/tvdivq0000001vg2-att/data_j.xls,2026-07-10T23:26:35.886407+00:00
4487.T,4487,スペースマーケット,グロース（内国株式）,5250,情報・通信業,0010,情報通信・サービスその他,-,-,20260630,https://www.jpx.co.jp/markets/statistics-equities/misc/tvdivq0000001vg2-att/data_j.xls,2026-07-10T23:26:35.886407+00:00
4488.T,4488,ＡＩ　ｉｎｓｉｄｅ,グロース（内国株式）,5250,情報・通信業,0010,情報通信・サービスその他,-,-,20260630,https://www.jpx.co.jp/markets/statistics-equities/misc/tvdivq0000001vg2-att/data_j.xls,2026-07-10T23:26:35.886407+00:00
4490.T,4490,ビザスク,グロース（内国株式）,5250,情報・通信業,0010,情報通信・サービスその他,-,-,20260630,https://www.jpx.co.jp/markets/statistics-equities/misc/tvdivq0000001vg2-att/data_j.xls,2026-07-10T23:26:35.886407+00:00
4491.T,4491,コンピューターマネージメント,スタンダード（内国株式）,5250,情報・通信業,0010,情報通信・サービスその他,-,-,20260630,https://www.jpx.co.jp/markets/statistics-equities/misc/tvdivq0000001vg2-att/data_j.xls,2026-07-10T23:26:35.886407+00:00
4492.T,4492,ゼネテック,スタンダード（内国株式）,5250,情報・通信業,0010,情報通信・サービスその他,-,-,20260630,https://www.jpx.co.jp/markets/statistics-equities/misc/tvdivq0000001vg2-att/data_j.xls,2026-07-10T23:26:35.886407+00:00
4493.T,4493,サイバーセキュリティクラウド,グロース（内国株式）,5250,情報・通信業,0010,情報通信・サービスその他,-,-,20260630,https://www.jpx.co.jp/markets/statistics-equities/misc/tvdivq0000001vg2-att/data_j.xls,2026-07-10T23:26:35.886407+00:00
4495.T,4495,アイキューブドシステムズ,グロース（内国株式）,5250,情報・通信業,0010,情報通信・サービスその他,-,-,20260630,https://www.jpx.co.jp/markets/statistics-equities/misc/tvdivq0000001vg2-att/data_j.xls,2026-07-10T23:26:35.886407+00:00
4496.T,4496,コマースＯｎｅホールディングス,グロース（内国株式）,5250,情報・通信業,0010,情報通信・サービスその他,-,-,20260630,https://www.jpx.co.jp/markets/statistics-equities/misc/tvdivq0000001vg2-att/data_j.xls,2026-07-10T23:26:35.886407+00:00
4498.T,4498,サイバートラスト,グロース（内国株式）,5250,情報・通信業,0010,情報通信・サービスその他,-,-,20260630,https://www.jpx.co.jp/markets/statistics-equities/misc/tvdivq0000001vg2-att/data_j.xls,2026-07-10T23:26:35.886407+00:00
4499.T,4499,Ｓｐｅｅｅ,スタンダード（内国株式）,5250,情報・通信業,0010,情報通信・サービスその他,-,-,20260630,https://www.jpx.co.jp/markets/statistics-equities/misc/tvdivq0000001vg2-att/data_j.xls,2026-07-10T23:26:35.886407+00:00
4502.T,4502,武田薬品工業,プライム（内国株式）,3250,医薬品,0005,医薬品,0001,TOPIX Core30,20260630,https://www.jpx.co.jp/markets/statistics-equities/misc/tvdivq0000001vg2-att/data_j.xls,2026-07-10T23:26:35.886407+00:00
4503.T,4503,アステラス製薬,プライム（内国株式）,3250,医薬品,0005,医薬品,0002,TOPIX Large70,20260630,https://www.jpx.co.jp/markets/statistics-equities/misc/tvdivq0000001vg2-att/data_j.xls,2026-07-10T23:26:35.886407+00:00
4506.T,4506,住友ファーマ,プライム（内国株式）,3250,医薬品,0005,医薬品,0004,TOPIX Mid400,20260630,https://www.jpx.co.jp/markets/statistics-equities/misc/tvdivq0000001vg2-att/data_j.xls,2026-07-10T23:26:35.886407+00:00
4507.T,4507,塩野義製薬,プライム（内国株式）,3250,医薬品,0005,医薬品,0002,TOPIX Large70,20260630,https://www.jpx.co.jp/markets/statistics-equities/misc/tvdivq0000001vg2-att/data_j.xls,2026-07-10T23:26:35.886407+00:00
4512.T,4512,わかもと製薬,スタンダード（内国株式）,3250,医薬品,0005,医薬品,-,-,20260630,https://www.jpx.co.jp/markets/statistics-equities/misc/tvdivq0000001vg2-att/data_j.xls,2026-07-10T23:26:35.886407+00:00
4516.T,4516,日本新薬,プライム（内国株式）,3250,医薬品,0005,医薬品,0004,TOPIX Mid400,20260630,https://www.jpx.co.jp/markets/statistics-equities/misc/tvdivq0000001vg2-att/data_j.xls,2026-07-10T23:26:35.886407+00:00
4519.T,4519,中外製薬,プライム（内国株式）,3250,医薬品,0005,医薬品,0002,TOPIX Large70,20260630,https://www.jpx.co.jp/markets/statistics-equities/misc/tvdivq0000001vg2-att/data_j.xls,2026-07-10T23:26:35.886407+00:00
4521.T,4521,科研製薬,プライム（内国株式）,3250,医薬品,0005,医薬品,0006,TOPIX Small 1,20260630,https://www.jpx.co.jp/markets/statistics-equities/misc/tvdivq0000001vg2-att/data_j.xls,2026-07-10T23:26:35.886407+00:00
4523.T,4523,エーザイ,プライム（内国株式）,3250,医薬品,0005,医薬品,0004,TOPIX Mid400,20260630,https://www.jpx.co.jp/markets/statistics-equities/misc/tvdivq0000001vg2-att/data_j.xls,2026-07-10T23:26:35.886407+00:00
4524.T,4524,森下仁丹,スタンダード（内国株式）,3250,医薬品,0005,医薬品,-,-,20260630,https://www.jpx.co.jp/markets/statistics-equities/misc/tvdivq0000001vg2-att/data_j.xls,2026-07-10T23:26:35.886407+00:00
4526.T,4526,理研ビタミン,プライム（内国株式）,3050,食料品,0001,食品,0007,TOPIX Small 2,20260630,https://www.jpx.co.jp/markets/statistics-equities/misc/tvdivq0000001vg2-att/data_j.xls,2026-07-10T23:26:35.886407+00:00
4527.T,4527,ロート製薬,プライム（内国株式）,3250,医薬品,0005,医薬品,0004,TOPIX Mid400,20260630,https://www.jpx.co.jp/markets/statistics-equities/misc/tvdivq0000001vg2-att/data_j.xls,2026-07-10T23:26:35.886407+00:00
4528.T,4528,小野薬品工業,プライム（内国株式）,3250,医薬品,0005,医薬品,0004,TOPIX Mid400,20260630,https://www.jpx.co.jp/markets/statistics-equities/misc/tvdivq0000001vg2-att/data_j.xls,2026-07-10T23:26:35.886407+00:00
4531.T,4531,有機合成薬品工業,スタンダード（内国株式）,3200,化学,0004,素材・化学,-,-,20260630,https://www.jpx.co.jp/markets/statistics-equities/misc/tvdivq0000001vg2-att/data_j.xls,2026-07-10T23:26:35.886407+00:00
4534.T,4534,持田製薬,プライム（内国株式）,3250,医薬品,0005,医薬品,0007,TOPIX Small 2,20260630,https://www.jpx.co.jp/markets/statistics-equities/misc/tvdivq0000001vg2-att/data_j.xls,2026-07-10T23:26:35.886407+00:00
4536.T,4536,参天製薬,プライム（内国株式）,3250,医薬品,0005,医薬品,0004,TOPIX Mid400,20260630,https://www.jpx.co.jp/markets/statistics-equities/misc/tvdivq0000001vg2-att/data_j.xls,2026-07-10T23:26:35.886407+00:00
4538.T,4538,扶桑薬品工業,プライム（内国株式）,3250,医薬品,0005,医薬品,0007,TOPIX Small 2,20260630,https://www.jpx.co.jp/markets/statistics-equities/misc/tvdivq0000001vg2-att/data_j.xls,2026-07-10T23:26:35.886407+00:00
4539.T,4539,日本ケミファ,スタンダード（内国株式）,3250,医薬品,0005,医薬品,-,-,20260630,https://www.jpx.co.jp/markets/statistics-equities/misc/tvdivq0000001vg2-att/data_j.xls,2026-07-10T23:26:35.886407+00:00
4540.T,4540,ツムラ,プライム（内国株式）,3250,医薬品,0005,医薬品,0004,TOPIX Mid400,20260630,https://www.jpx.co.jp/markets/statistics-equities/misc/tvdivq0000001vg2-att/data_j.xls,2026-07-10T23:26:35.886407+00:00
4543.T,4543,テルモ,プライム（内国株式）,3750,精密機器,0009,電機・精密,0002,TOPIX Large70,20260630,https://www.jpx.co.jp/markets/statistics-equities/misc/tvdivq0000001vg2-att/data_j.xls,2026-07-10T23:26:35.886407+00:00
4544.T,4544,Ｈ．Ｕ．グループホールディングス,プライム（内国株式）,9050,サービス業,0010,情報通信・サービスその他,0004,TOPIX Mid400,20260630,https://www.jpx.co.jp/markets/statistics-equities/misc/tvdivq0000001vg2-att/data_j.xls,2026-07-10T23:26:35.886407+00:00
4547.T,4547,キッセイ薬品工業,プライム（内国株式）,3250,医薬品,0005,医薬品,0006,TOPIX Small 1,20260630,https://www.jpx.co.jp/markets/statistics-equities/misc/tvdivq0000001vg2-att/data_j.xls,2026-07-10T23:26:35.886407+00:00
4548.T,4548,生化学工業,プライム（内国株式）,3250,医薬品,0005,医薬品,0007,TOPIX Small 2,20260630,https://www.jpx.co.jp/markets/statistics-equities/misc/tvdivq0000001vg2-att/data_j.xls,2026-07-10T23:26:35.886407+00:00
4549.T,4549,栄研化学,プライム（内国株式）,3250,医薬品,0005,医薬品,0006,TOPIX Small 1,20260630,https://www.jpx.co.jp/markets/statistics-equities/misc/tvdivq0000001vg2-att/data_j.xls,2026-07-10T23:26:35.886407+00:00
4552.T,4552,ＪＣＲファーマ,プライム（内国株式）,3250,医薬品,0005,医薬品,0006,TOPIX Small 1,20260630,https://www.jpx.co.jp/markets/statistics-equities/misc/tvdivq0000001vg2-att/data_j.xls,2026-07-10T23:26:35.886407+00:00
4553.T,4553,東和薬品,プライム（内国株式）,3250,医薬品,0005,医薬品,0006,TOPIX Small 1,20260630,https://www.jpx.co.jp/markets/statistics-equities/misc/tvdivq0000001vg2-att/data_j.xls,2026-07-10T23:26:35.886407+00:00
4554.T,4554,富士製薬工業,プライム（内国株式）,3250,医薬品,0005,医薬品,0007,TOPIX Small 2,20260630,https://www.jpx.co.jp/markets/statistics-equities/misc/tvdivq0000001vg2-att/data_j.xls,2026-07-10T23:26:35.886407+00:00
4558.T,4558,中京医薬品,スタンダード（内国株式）,3250,医薬品,0005,医薬品,-,-,20260630,https://www.jpx.co.jp/markets/statistics-equities/misc/tvdivq0000001vg2-att/data_j.xls,2026-07-10T23:26:35.886407+00:00
4559.T,4559,ゼリア新薬工業,プライム（内国株式）,3250,医薬品,0005,医薬品,0006,TOPIX Small 1,20260630,https://www.jpx.co.jp/markets/statistics-equities/misc/tvdivq0000001vg2-att/data_j.xls,2026-07-10T23:26:35.886407+00:00
4563.T,4563,アンジェス,グロース（内国株式）,3250,医薬品,0005,医薬品,-,-,20260630,https://www.jpx.co.jp/markets/statistics-equities/misc/tvdivq0000001vg2-att/data_j.xls,2026-07-10T23:26:35.886407+00:00
4564.T,4564,オンコセラピー・サイエンス,グロース（内国株式）,3250,医薬品,0005,医薬品,-,-,20260630,https://www.jpx.co.jp/markets/statistics-equities/misc/tvdivq0000001vg2-att/data_j.xls,2026-07-10T23:26:35.886407+00:00
4565.T,4565,ネクセラファーマ,プライム（内国株式）,3250,医薬品,0005,医薬品,0006,TOPIX Small 1,20260630,https://www.jpx.co.jp/markets/statistics-equities/misc/tvdivq0000001vg2-att/data_j.xls,2026-07-10T23:26:35.886407+00:00
4568.T,4568,第一三共,プライム（内国株式）,3250,医薬品,0005,医薬品,0001,TOPIX Core30,20260630,https://www.jpx.co.jp/markets/statistics-equities/misc/tvdivq0000001vg2-att/data_j.xls,2026-07-10T23:26:35.886407+00:00
4569.T,4569,杏林製薬,プライム（内国株式）,3250,医薬品,0005,医薬品,0006,TOPIX Small 1,20260630,https://www.jpx.co.jp/markets/statistics-equities/misc/tvdivq0000001vg2-att/data_j.xls,2026-07-10T23:26:35.886407+00:00
4570.T,4570,免疫生物研究所,グロース（内国株式）,3250,医薬品,0005,医薬品,-,-,20260630,https://www.jpx.co.jp/markets/statistics-equities/misc/tvdivq0000001vg2-att/data_j.xls,2026-07-10T23:26:35.886407+00:00
4571.T,4571,ＮＡＮＯホールディングス,グロース（内国株式）,3250,医薬品,0005,医薬品,-,-,20260630,https://www.jpx.co.jp/markets/statistics-equities/misc/tvdivq0000001vg2-att/data_j.xls,2026-07-10T23:26:35.886407+00:00
4572.T,4572,カルナバイオサイエンス,グロース（内国株式）,3250,医薬品,0005,医薬品,-,-,20260630,https://www.jpx.co.jp/markets/statistics-equities/misc/tvdivq0000001vg2-att/data_j.xls,2026-07-10T23:26:35.886407+00:00
4574.T,4574,大幸薬品,プライム（内国株式）,3250,医薬品,0005,医薬品,0007,TOPIX Small 2,20260630,https://www.jpx.co.jp/markets/statistics-equities/misc/tvdivq0000001vg2-att/data_j.xls,2026-07-10T23:26:35.886407+00:00
4575.T,4575,キャンバス,グロース（内国株式）,3250,医薬品,0005,医薬品,-,-,20260630,https://www.jpx.co.jp/markets/statistics-equities/misc/tvdivq0000001vg2-att/data_j.xls,2026-07-10T23:26:35.886407+00:00
4576.T,4576,デ・ウエスタン・セラピテクス研究所,グロース（内国株式）,3250,医薬品,0005,医薬品,-,-,20260630,https://www.jpx.co.jp/markets/statistics-equities/misc/tvdivq0000001vg2-att/data_j.xls,2026-07-10T23:26:35.886407+00:00
4577.T,4577,ダイト,プライム（内国株式）,3250,医薬品,0005,医薬品,0007,TOPIX Small 2,20260630,https://www.jpx.co.jp/markets/statistics-equities/misc/tvdivq0000001vg2-att/data_j.xls,2026-07-10T23:26:35.886407+00:00
4578.T,4578,大塚ホールディングス,プライム（内国株式）,3250,医薬品,0005,医薬品,0002,TOPIX Large70,20260630,https://www.jpx.co.jp/markets/statistics-equities/misc/tvdivq0000001vg2-att/data_j.xls,2026-07-10T23:26:35.886407+00:00
4579.T,4579,ラクオリア創薬,グロース（内国株式）,3250,医薬品,0005,医薬品,-,-,20260630,https://www.jpx.co.jp/markets/statistics-equities/misc/tvdivq0000001vg2-att/data_j.xls,2026-07-10T23:26:35.886407+00:00
4582.T,4582,シンバイオ製薬,グロース（内国株式）,3250,医薬品,0005,医薬品,-,-,20260630,https://www.jpx.co.jp/markets/statistics-equities/misc/tvdivq0000001vg2-att/data_j.xls,2026-07-10T23:26:35.886407+00:00
4583.T,4583,カイオム・バイオサイエンス,グロース（内国株式）,3250,医薬品,0005,医薬品,-,-,20260630,https://www.jpx.co.jp/markets/statistics-equities/misc/tvdivq0000001vg2-att/data_j.xls,2026-07-10T23:26:35.886407+00:00
4584.T,4584,キッズウェル・バイオ,グロース（内国株式）,3250,医薬品,0005,医薬品,-,-,20260630,https://www.jpx.co.jp/markets/statistics-equities/misc/tvdivq0000001vg2-att/data_j.xls,2026-07-10T23:26:35.886407+00:00
4586.T,4586,メドレックス,グロース（内国株式）,3250,医薬品,0005,医薬品,-,-,20260630,https://www.jpx.co.jp/markets/statistics-equities/misc/tvdivq0000001vg2-att/data_j.xls,2026-07-10T23:26:35.886407+00:00
4587.T,4587,ペプチドリーム,プライム（内国株式）,3250,医薬品,0005,医薬品,0004,TOPIX Mid400,20260630,https://www.jpx.co.jp/markets/statistics-equities/misc/tvdivq0000001vg2-att/data_j.xls,2026-07-10T23:26:35.886407+00:00
4588.T,4588,オンコリスバイオファーマ,グロース（内国株式）,3250,医薬品,0005,医薬品,-,-,20260630,https://www.jpx.co.jp/markets/statistics-equities/misc/tvdivq0000001vg2-att/data_j.xls,2026-07-10T23:26:35.886407+00:00
4591.T,4591,リボミック,グロース（内国株式）,3250,医薬品,0005,医薬品,-,-,20260630,https://www.jpx.co.jp/markets/statistics-equities/misc/tvdivq0000001vg2-att/data_j.xls,2026-07-10T23:26:35.886407+00:00
4592.T,4592,サンバイオ,グロース（内国株式）,3250,医薬品,0005,医薬品,-,-,20260630,https://www.jpx.co.jp/markets/statistics-equities/misc/tvdivq0000001vg2-att/data_j.xls,2026-07-10T23:26:35.886407+00:00
4593.T,4593,ヘリオス,グロース（内国株式）,3250,医薬品,0005,医薬品,-,-,20260630,https://www.jpx.co.jp/markets/statistics-equities/misc/tvdivq0000001vg2-att/data_j.xls,2026-07-10T23:26:35.886407+00:00
4594.T,4594,ブライトパス・バイオ,グロース（内国株式）,3250,医薬品,0005,医薬品,-,-,20260630,https://www.jpx.co.jp/markets/statistics-equities/misc/tvdivq0000001vg2-att/data_j.xls,2026-07-10T23:26:35.886407+00:00
4595.T,4595,ミズホメディー,スタンダード（内国株式）,3250,医薬品,0005,医薬品,-,-,20260630,https://www.jpx.co.jp/markets/statistics-equities/misc/tvdivq0000001vg2-att/data_j.xls,2026-07-10T23:26:35.886407+00:00
4596.T,4596,窪田製薬ホールディングス,グロース（内国株式）,3250,医薬品,0005,医薬品,-,-,20260630,https://www.jpx.co.jp/markets/statistics-equities/misc/tvdivq0000001vg2-att/data_j.xls,2026-07-10T23:26:35.886407+00:00
4597.T,4597,ソレイジア・ファーマ,グロース（内国株式）,3250,医薬品,0005,医薬品,-,-,20260630,https://www.jpx.co.jp/markets/statistics-equities/misc/tvdivq0000001vg2-att/data_j.xls,2026-07-10T23:26:35.886407+00:00
4598.T,4598,Ｄｅｌｔａ－Ｆｌｙ　Ｐｈａｒｍａ,グロース（内国株式）,3250,医薬品,0005,医薬品,-,-,20260630,https://www.jpx.co.jp/markets/statistics-equities/misc/tvdivq0000001vg2-att/data_j.xls,2026-07-10T23:26:35.886407+00:00
4599.T,4599,ステムリム,グロース（内国株式）,3250,医薬品,0005,医薬品,-,-,20260630,https://www.jpx.co.jp/markets/statistics-equities/misc/tvdivq0000001vg2-att/data_j.xls,2026-07-10T23:26:35.886407+00:00
4611.T,4611,大日本塗料,プライム（内国株式）,3200,化学,0004,素材・化学,0007,TOPIX Small 2,20260630,https://www.jpx.co.jp/markets/statistics-equities/misc/tvdivq0000001vg2-att/data_j.xls,2026-07-10T23:26:35.886407+00:00
4612.T,4612,日本ペイントホールディングス,プライム（内国株式）,3200,化学,0004,素材・化学,0004,TOPIX Mid400,20260630,https://www.jpx.co.jp/markets/statistics-equities/misc/tvdivq0000001vg2-att/data_j.xls,2026-07-10T23:26:35.886407+00:00
4613.T,4613,関西ペイント,プライム（内国株式）,3200,化学,0004,素材・化学,0004,TOPIX Mid400,20260630,https://www.jpx.co.jp/markets/statistics-equities/misc/tvdivq0000001vg2-att/data_j.xls,2026-07-10T23:26:35.886407+00:00
4615.T,4615,神東塗料,スタンダード（内国株式）,3200,化学,0004,素材・化学,-,-,20260630,https://www.jpx.co.jp/markets/statistics-equities/misc/tvdivq0000001vg2-att/data_j.xls,2026-07-10T23:26:35.886407+00:00
4616.T,4616,川上塗料,スタンダード（内国株式）,3200,化学,0004,素材・化学,-,-,20260630,https://www.jpx.co.jp/markets/statistics-equities/misc/tvdivq0000001vg2-att/data_j.xls,2026-07-10T23:26:35.886407+00:00
4617.T,4617,中国塗料,プライム（内国株式）,3200,化学,0004,素材・化学,0006,TOPIX Small 1,20260630,https://www.jpx.co.jp/markets/statistics-equities/misc/tvdivq0000001vg2-att/data_j.xls,2026-07-10T23:26:35.886407+00:00
4619.T,4619,日本特殊塗料,スタンダード（内国株式）,3200,化学,0004,素材・化学,-,-,20260630,https://www.jpx.co.jp/markets/statistics-equities/misc/tvdivq0000001vg2-att/data_j.xls,2026-07-10T23:26:35.886407+00:00
4620.T,4620,藤倉化成,スタンダード（内国株式）,3200,化学,0004,素材・化学,0007,TOPIX Small 2,20260630,https://www.jpx.co.jp/markets/statistics-equities/misc/tvdivq0000001vg2-att/data_j.xls,2026-07-10T23:26:35.886407+00:00
4623.T,4623,アサヒペン,スタンダード（内国株式）,3200,化学,0004,素材・化学,-,-,20260630,https://www.jpx.co.jp/markets/statistics-equities/misc/tvdivq0000001vg2-att/data_j.xls,2026-07-10T23:26:35.886407+00:00
4624.T,4624,イサム塗料,スタンダード（内国株式）,3200,化学,0004,素材・化学,-,-,20260630,https://www.jpx.co.jp/markets/statistics-equities/misc/tvdivq0000001vg2-att/data_j.xls,2026-07-10T23:26:35.886407+00:00
4625.T,4625,アトミクス,スタンダード（内国株式）,3200,化学,0004,素材・化学,-,-,20260630,https://www.jpx.co.jp/markets/statistics-equities/misc/tvdivq0000001vg2-att/data_j.xls,2026-07-10T23:26:35.886407+00:00
4626.T,4626,太陽ホールディングス,プライム（内国株式）,3200,化学,0004,素材・化学,0004,TOPIX Mid400,20260630,https://www.jpx.co.jp/markets/statistics-equities/misc/tvdivq0000001vg2-att/data_j.xls,2026-07-10T23:26:35.886407+00:00
4627.T,4627,ナトコ,スタンダード（内国株式）,3200,化学,0004,素材・化学,-,-,20260630,https://www.jpx.co.jp/markets/statistics-equities/misc/tvdivq0000001vg2-att/data_j.xls,2026-07-10T23:26:35.886407+00:00
4628.T,4628,エスケー化研,スタンダード（内国株式）,3200,化学,0004,素材・化学,-,-,20260630,https://www.jpx.co.jp/markets/statistics-equities/misc/tvdivq0000001vg2-att/data_j.xls,2026-07-10T23:26:35.886407+00:00
4629.T,4629,大伸化学,スタンダード（内国株式）,3200,化学,0004,素材・化学,-,-,20260630,https://www.jpx.co.jp/markets/statistics-equities/misc/tvdivq0000001vg2-att/data_j.xls,2026-07-10T23:26:35.886407+00:00
4631.T,4631,ＤＩＣ,プライム（内国株式）,3200,化学,0004,素材・化学,0004,TOPIX Mid400,20260630,https://www.jpx.co.jp/markets/statistics-equities/misc/tvdivq0000001vg2-att/data_j.xls,2026-07-10T23:26:35.886407+00:00
4633.T,4633,サカタインクス,プライム（内国株式）,3200,化学,0004,素材・化学,0006,TOPIX Small 1,20260630,https://www.jpx.co.jp/markets/statistics-equities/misc/tvdivq0000001vg2-att/data_j.xls,2026-07-10T23:26:35.886407+00:00
4634.T,4634,ａｒｔｉｅｎｃｅ,プライム（内国株式）,3200,化学,0004,素材・化学,0006,TOPIX Small 1,20260630,https://www.jpx.co.jp/markets/statistics-equities/misc/tvdivq0000001vg2-att/data_j.xls,2026-07-10T23:26:35.886407+00:00
4635.T,4635,東京インキ,スタンダード（内国株式）,3200,化学,0004,素材・化学,-,-,20260630,https://www.jpx.co.jp/markets/statistics-equities/misc/tvdivq0000001vg2-att/data_j.xls,2026-07-10T23:26:35.886407+00:00
4641.T,4641,アルプス技研,プライム（内国株式）,9050,サービス業,0010,情報通信・サービスその他,0007,TOPIX Small 2,20260630,https://www.jpx.co.jp/markets/statistics-equities/misc/tvdivq0000001vg2-att/data_j.xls,2026-07-10T23:26:35.886407+00:00
4642.T,4642,オリジナル設計,スタンダード（内国株式）,9050,サービス業,0010,情報通信・サービスその他,-,-,20260630,https://www.jpx.co.jp/markets/statistics-equities/misc/tvdivq0000001vg2-att/data_j.xls,2026-07-10T23:26:35.886407+00:00
4644.T,4644,イマジニア,スタンダード（内国株式）,5250,情報・通信業,0010,情報通信・サービスその他,-,-,20260630,https://www.jpx.co.jp/markets/statistics-equities/misc/tvdivq0000001vg2-att/data_j.xls,2026-07-10T23:26:35.886407+00:00
4645.T,4645,市進ホールディングス,スタンダード（内国株式）,9050,サービス業,0010,情報通信・サービスその他,-,-,20260630,https://www.jpx.co.jp/markets/statistics-equities/misc/tvdivq0000001vg2-att/data_j.xls,2026-07-10T23:26:35.886407+00:00
4650.T,4650,ＳＤエンターテイメント,スタンダード（内国株式）,9050,サービス業,0010,情報通信・サービスその他,-,-,20260630,https://www.jpx.co.jp/markets/statistics-equities/misc/tvdivq0000001vg2-att/data_j.xls,2026-07-10T23:26:35.886407+00:00
4651.T,4651,サニックスホールディングス,スタンダード（内国株式）,9050,サービス業,0010,情報通信・サービスその他,0007,TOPIX Small 2,20260630,https://www.jpx.co.jp/markets/statistics-equities/misc/tvdivq0000001vg2-att/data_j.xls,2026-07-10T23:26:35.886407+00:00
4657.T,4657,環境管理センター,スタンダード（内国株式）,9050,サービス業,0010,情報通信・サービスその他,-,-,20260630,https://www.jpx.co.jp/markets/statistics-equities/misc/tvdivq0000001vg2-att/data_j.xls,2026-07-10T23:26:35.886407+00:00
4658.T,4658,日本空調サービス,プライム（内国株式）,9050,サービス業,0010,情報通信・サービスその他,0007,TOPIX Small 2,20260630,https://www.jpx.co.jp/markets/statistics-equities/misc/tvdivq0000001vg2-att/data_j.xls,2026-07-10T23:26:35.886407+00:00
4661.T,4661,オリエンタルランド,プライム（内国株式）,9050,サービス業,0010,情報通信・サービスその他,0002,TOPIX Large70,20260630,https://www.jpx.co.jp/markets/statistics-equities/misc/tvdivq0000001vg2-att/data_j.xls,2026-07-10T23:26:35.886407+00:00
4662.T,4662,フォーカスシステムズ,プライム（内国株式）,5250,情報・通信業,0010,情報通信・サービスその他,0007,TOPIX Small 2,20260630,https://www.jpx.co.jp/markets/statistics-equities/misc/tvdivq0000001vg2-att/data_j.xls,2026-07-10T23:26:35.886407+00:00
4664.T,4664,アール・エス・シー,スタンダード（内国株式）,9050,サービス業,0010,情報通信・サービスその他,-,-,20260630,https://www.jpx.co.jp/markets/statistics-equities/misc/tvdivq0000001vg2-att/data_j.xls,2026-07-10T23:26:35.886407+00:00
4665.T,4665,ダスキン,プライム（内国株式）,9050,サービス業,0010,情報通信・サービスその他,0004,TOPIX Mid400,20260630,https://www.jpx.co.jp/markets/statistics-equities/misc/tvdivq0000001vg2-att/data_j.xls,2026-07-10T23:26:35.886407+00:00
4666.T,4666,パーク２４,プライム（内国株式）,8050,不動産業,0017,不動産,0004,TOPIX Mid400,20260630,https://www.jpx.co.jp/markets/statistics-equities/misc/tvdivq0000001vg2-att/data_j.xls,2026-07-10T23:26:35.886407+00:00
4667.T,4667,アイサンテクノロジー,スタンダード（内国株式）,5250,情報・通信業,0010,情報通信・サービスその他,-,-,20260630,https://www.jpx.co.jp/markets/statistics-equities/misc/tvdivq0000001vg2-att/data_j.xls,2026-07-10T23:26:35.886407+00:00
4668.T,4668,明光ネットワークジャパン,プライム（内国株式）,9050,サービス業,0010,情報通信・サービスその他,0007,TOPIX Small 2,20260630,https://www.jpx.co.jp/markets/statistics-equities/misc/tvdivq0000001vg2-att/data_j.xls,2026-07-10T23:26:35.886407+00:00
4671.T,4671,ファルコホールディングス,スタンダード（内国株式）,9050,サービス業,0010,情報通信・サービスその他,0007,TOPIX Small 2,20260630,https://www.jpx.co.jp/markets/statistics-equities/misc/tvdivq0000001vg2-att/data_j.xls,2026-07-10T23:26:35.886407+00:00
4673.T,4673,川崎地質,スタンダード（内国株式）,9050,サービス業,0010,情報通信・サービスその他,-,-,20260630,https://www.jpx.co.jp/markets/statistics-equities/misc/tvdivq0000001vg2-att/data_j.xls,2026-07-10T23:26:35.886407+00:00
4674.T,4674,クレスコ,プライム（内国株式）,5250,情報・通信業,0010,情報通信・サービスその他,0007,TOPIX Small 2,20260630,https://www.jpx.co.jp/markets/statistics-equities/misc/tvdivq0000001vg2-att/data_j.xls,2026-07-10T23:26:35.886407+00:00
4676.T,4676,フジ・メディア・ホールディングス,プライム（内国株式）,5250,情報・通信業,0010,情報通信・サービスその他,0004,TOPIX Mid400,20260630,https://www.jpx.co.jp/markets/statistics-equities/misc/tvdivq0000001vg2-att/data_j.xls,2026-07-10T23:26:35.886407+00:00
4678.T,4678,秀英予備校,スタンダード（内国株式）,9050,サービス業,0010,情報通信・サービスその他,-,-,20260630,https://www.jpx.co.jp/markets/statistics-equities/misc/tvdivq0000001vg2-att/data_j.xls,2026-07-10T23:26:35.886407+00:00
4679.T,4679,田谷,スタンダード（内国株式）,9050,サービス業,0010,情報通信・サービスその他,-,-,20260630,https://www.jpx.co.jp/markets/statistics-equities/misc/tvdivq0000001vg2-att/data_j.xls,2026-07-10T23:26:35.886407+00:00
4680.T,4680,ラウンドワン,プライム（内国株式）,9050,サービス業,0010,情報通信・サービスその他,0004,TOPIX Mid400,20260630,https://www.jpx.co.jp/markets/statistics-equities/misc/tvdivq0000001vg2-att/data_j.xls,2026-07-10T23:26:35.886407+00:00
4681.T,4681,リゾートトラスト,プライム（内国株式）,9050,サービス業,0010,情報通信・サービスその他,0004,TOPIX Mid400,20260630,https://www.jpx.co.jp/markets/statistics-equities/misc/tvdivq0000001vg2-att/data_j.xls,2026-07-10T23:26:35.886407+00:00
4684.T,4684,オービック,プライム（内国株式）,5250,情報・通信業,0010,情報通信・サービスその他,0004,TOPIX Mid400,20260630,https://www.jpx.co.jp/markets/statistics-equities/misc/tvdivq0000001vg2-att/data_j.xls,2026-07-10T23:26:35.886407+00:00
4685.T,4685,菱友システムズ,スタンダード（内国株式）,5250,情報・通信業,0010,情報通信・サービスその他,-,-,20260630,https://www.jpx.co.jp/markets/statistics-equities/misc/tvdivq0000001vg2-att/data_j.xls,2026-07-10T23:26:35.886407+00:00
4686.T,4686,ジャストシステム,プライム（内国株式）,5250,情報・通信業,0010,情報通信・サービスその他,0006,TOPIX Small 1,20260630,https://www.jpx.co.jp/markets/statistics-equities/misc/tvdivq0000001vg2-att/data_j.xls,2026-07-10T23:26:35.886407+00:00
4687.T,4687,ＴＤＣソフト,プライム（内国株式）,5250,情報・通信業,0010,情報通信・サービスその他,0007,TOPIX Small 2,20260630,https://www.jpx.co.jp/markets/statistics-equities/misc/tvdivq0000001vg2-att/data_j.xls,2026-07-10T23:26:35.886407+00:00
4689.T,4689,ＬＩＮＥヤフー,プライム（内国株式）,5250,情報・通信業,0010,情報通信・サービスその他,0002,TOPIX Large70,20260630,https://www.jpx.co.jp/markets/statistics-equities/misc/tvdivq0000001vg2-att/data_j.xls,2026-07-10T23:26:35.886407+00:00
4691.T,4691,ワシントンホテル,スタンダード（内国株式）,9050,サービス業,0010,情報通信・サービスその他,-,-,20260630,https://www.jpx.co.jp/markets/statistics-equities/misc/tvdivq0000001vg2-att/data_j.xls,2026-07-10T23:26:35.886407+00:00
4694.T,4694,ビー・エム・エル,プライム（内国株式）,9050,サービス業,0010,情報通信・サービスその他,0006,TOPIX Small 1,20260630,https://www.jpx.co.jp/markets/statistics-equities/misc/tvdivq0000001vg2-att/data_j.xls,2026-07-10T23:26:35.886407+00:00
4704.T,4704,トレンドマイクロ,プライム（内国株式）,5250,情報・通信業,0010,情報通信・サービスその他,0004,TOPIX Mid400,20260630,https://www.jpx.co.jp/markets/statistics-equities/misc/tvdivq0000001vg2-att/data_j.xls,2026-07-10T23:26:35.886407+00:00
4705.T,4705,クリップコーポレーション,スタンダード（内国株式）,9050,サービス業,0010,情報通信・サービスその他,-,-,20260630,https://www.jpx.co.jp/markets/statistics-equities/misc/tvdivq0000001vg2-att/data_j.xls,2026-07-10T23:26:35.886407+00:00
4707.T,4707,キタック,スタンダード（内国株式）,9050,サービス業,0010,情報通信・サービスその他,-,-,20260630,https://www.jpx.co.jp/markets/statistics-equities/misc/tvdivq0000001vg2-att/data_j.xls,2026-07-10T23:26:35.886407+00:00
4709.T,4709,ＩＤホールディングス,プライム（内国株式）,5250,情報・通信業,0010,情報通信・サービスその他,0007,TOPIX Small 2,20260630,https://www.jpx.co.jp/markets/statistics-equities/misc/tvdivq0000001vg2-att/data_j.xls,2026-07-10T23:26:35.886407+00:00
4712.T,4712,ＫｅｙＨｏｌｄｅｒ,スタンダード（内国株式）,9050,サービス業,0010,情報通信・サービスその他,-,-,20260630,https://www.jpx.co.jp/markets/statistics-equities/misc/tvdivq0000001vg2-att/data_j.xls,2026-07-10T23:26:35.886407+00:00
4714.T,4714,リソー教育グループ,プライム（内国株式）,9050,サービス業,0010,情報通信・サービスその他,0007,TOPIX Small 2,20260630,https://www.jpx.co.jp/markets/statistics-equities/misc/tvdivq0000001vg2-att/data_j.xls,2026-07-10T23:26:35.886407+00:00
4716.T,4716,日本オラクル,スタンダード（内国株式）,5250,情報・通信業,0010,情報通信・サービスその他,0004,TOPIX Mid400,20260630,https://www.jpx.co.jp/markets/statistics-equities/misc/tvdivq0000001vg2-att/data_j.xls,2026-07-10T23:26:35.886407+00:00
4718.T,4718,早稲田アカデミー,プライム（内国株式）,9050,サービス業,0010,情報通信・サービスその他,0007,TOPIX Small 2,20260630,https://www.jpx.co.jp/markets/statistics-equities/misc/tvdivq0000001vg2-att/data_j.xls,2026-07-10T23:26:35.886407+00:00
4719.T,4719,アルファシステムズ,プライム（内国株式）,5250,情報・通信業,0010,情報通信・サービスその他,0007,TOPIX Small 2,20260630,https://www.jpx.co.jp/markets/statistics-equities/misc/tvdivq0000001vg2-att/data_j.xls,2026-07-10T23:26:35.886407+00:00
4720.T,4720,城南進学研究社,スタンダード（内国株式）,9050,サービス業,0010,情報通信・サービスその他,-,-,20260630,https://www.jpx.co.jp/markets/statistics-equities/misc/tvdivq0000001vg2-att/data_j.xls,2026-07-10T23:26:35.886407+00:00
4722.T,4722,フューチャー,プライム（内国株式）,5250,情報・通信業,0010,情報通信・サービスその他,0006,TOPIX Small 1,20260630,https://www.jpx.co.jp/markets/statistics-equities/misc/tvdivq0000001vg2-att/data_j.xls,2026-07-10T23:26:35.886407+00:00
4725.T,4725,ＣＡＣ　Ｈｏｌｄｉｎｇｓ,プライム（内国株式）,5250,情報・通信業,0010,情報通信・サービスその他,0007,TOPIX Small 2,20260630,https://www.jpx.co.jp/markets/statistics-equities/misc/tvdivq0000001vg2-att/data_j.xls,2026-07-10T23:26:35.886407+00:00
4728.T,4728,トーセ,スタンダード（内国株式）,5250,情報・通信業,0010,情報通信・サービスその他,-,-,20260630,https://www.jpx.co.jp/markets/statistics-equities/misc/tvdivq0000001vg2-att/data_j.xls,2026-07-10T23:26:35.886407+00:00
4732.T,4732,ユー・エス・エス,プライム（内国株式）,9050,サービス業,0010,情報通信・サービスその他,0004,TOPIX Mid400,20260630,https://www.jpx.co.jp/markets/statistics-equities/misc/tvdivq0000001vg2-att/data_j.xls,2026-07-10T23:26:35.886407+00:00
4733.T,4733,オービックビジネスコンサルタント,プライム（内国株式）,5250,情報・通信業,0010,情報通信・サービスその他,0004,TOPIX Mid400,20260630,https://www.jpx.co.jp/markets/statistics-equities/misc/tvdivq0000001vg2-att/data_j.xls,2026-07-10T23:26:35.886407+00:00
4735.T,4735,京進,スタンダード（内国株式）,9050,サービス業,0010,情報通信・サービスその他,-,-,20260630,https://www.jpx.co.jp/markets/statistics-equities/misc/tvdivq0000001vg2-att/data_j.xls,2026-07-10T23:26:35.886407+00:00
4736.T,4736,日本ラッド,スタンダード（内国株式）,5250,情報・通信業,0010,情報通信・サービスその他,-,-,20260630,https://www.jpx.co.jp/markets/statistics-equities/misc/tvdivq0000001vg2-att/data_j.xls,2026-07-10T23:26:35.886407+00:00
4743.T,4743,アイティフォー,プライム（内国株式）,5250,情報・通信業,0010,情報通信・サービスその他,0007,TOPIX Small 2,20260630,https://www.jpx.co.jp/markets/statistics-equities/misc/tvdivq0000001vg2-att/data_j.xls,2026-07-10T23:26:35.886407+00:00
4746.T,4746,東計電算,スタンダード（内国株式）,5250,情報・通信業,0010,情報通信・サービスその他,0007,TOPIX Small 2,20260630,https://www.jpx.co.jp/markets/statistics-equities/misc/tvdivq0000001vg2-att/data_j.xls,2026-07-10T23:26:35.886407+00:00
4750.T,4750,ダイサン,スタンダード（内国株式）,9050,サービス業,0010,情報通信・サービスその他,-,-,20260630,https://www.jpx.co.jp/markets/statistics-equities/misc/tvdivq0000001vg2-att/data_j.xls,2026-07-10T23:26:35.886407+00:00
4751.T,4751,サイバーエージェント,プライム（内国株式）,9050,サービス業,0010,情報通信・サービスその他,0004,TOPIX Mid400,20260630,https://www.jpx.co.jp/markets/statistics-equities/misc/tvdivq0000001vg2-att/data_j.xls,2026-07-10T23:26:35.886407+00:00
4752.T,4752,昭和システムエンジニアリング,スタンダード（内国株式）,5250,情報・通信業,0010,情報通信・サービスその他,-,-,20260630,https://www.jpx.co.jp/markets/statistics-equities/misc/tvdivq0000001vg2-att/data_j.xls,2026-07-10T23:26:35.886407+00:00
4754.T,4754,トスネット,スタンダード（内国株式）,9050,サービス業,0010,情報通信・サービスその他,-,-,20260630,https://www.jpx.co.jp/markets/statistics-equities/misc/tvdivq0000001vg2-att/data_j.xls,2026-07-10T23:26:35.886407+00:00
4755.T,4755,楽天グループ,プライム（内国株式）,9050,サービス業,0010,情報通信・サービスその他,0004,TOPIX Mid400,20260630,https://www.jpx.co.jp/markets/statistics-equities/misc/tvdivq0000001vg2-att/data_j.xls,2026-07-10T23:26:35.886407+00:00
4760.T,4760,アルファ,スタンダード（内国株式）,9050,サービス業,0010,情報通信・サービスその他,-,-,20260630,https://www.jpx.co.jp/markets/statistics-equities/misc/tvdivq0000001vg2-att/data_j.xls,2026-07-10T23:26:35.886407+00:00
4761.T,4761,さくらケーシーエス,スタンダード（内国株式）,5250,情報・通信業,0010,情報通信・サービスその他,-,-,20260630,https://www.jpx.co.jp/markets/statistics-equities/misc/tvdivq0000001vg2-att/data_j.xls,2026-07-10T23:26:35.886407+00:00
4762.T,4762,エックスネット,スタンダード（内国株式）,5250,情報・通信業,0010,情報通信・サービスその他,-,-,20260630,https://www.jpx.co.jp/markets/statistics-equities/misc/tvdivq0000001vg2-att/data_j.xls,2026-07-10T23:26:35.886407+00:00
4763.T,4763,クリーク・アンド・リバー社,プライム（内国株式）,9050,サービス業,0010,情報通信・サービスその他,0007,TOPIX Small 2,20260630,https://www.jpx.co.jp/markets/statistics-equities/misc/tvdivq0000001vg2-att/data_j.xls,2026-07-10T23:26:35.886407+00:00
4765.T,4765,ＳＢＩグローバルアセットマネジメント,プライム（内国株式）,9050,サービス業,0010,情報通信・サービスその他,0007,TOPIX Small 2,20260630,https://www.jpx.co.jp/markets/statistics-equities/misc/tvdivq0000001vg2-att/data_j.xls,2026-07-10T23:26:35.886407+00:00
4766.T,4766,ピーエイ,スタンダード（内国株式）,9050,サービス業,0010,情報通信・サービスその他,-,-,20260630,https://www.jpx.co.jp/markets/statistics-equities/misc/tvdivq0000001vg2-att/data_j.xls,2026-07-10T23:26:35.886407+00:00
4767.T,4767,テー・オー・ダブリュー,スタンダード（内国株式）,9050,サービス業,0010,情報通信・サービスその他,0007,TOPIX Small 2,20260630,https://www.jpx.co.jp/markets/statistics-equities/misc/tvdivq0000001vg2-att/data_j.xls,2026-07-10T23:26:35.886407+00:00
4768.T,4768,大塚商会,プライム（内国株式）,5250,情報・通信業,0010,情報通信・サービスその他,0004,TOPIX Mid400,20260630,https://www.jpx.co.jp/markets/statistics-equities/misc/tvdivq0000001vg2-att/data_j.xls,2026-07-10T23:26:35.886407+00:00
4769.T,4769,ＩＣ,スタンダード（内国株式）,5250,情報・通信業,0010,情報通信・サービスその他,-,-,20260630,https://www.jpx.co.jp/markets/statistics-equities/misc/tvdivq0000001vg2-att/data_j.xls,2026-07-10T23:26:35.886407+00:00
4771.T,4771,エフアンドエム,スタンダード（内国株式）,9050,サービス業,0010,情報通信・サービスその他,-,-,20260630,https://www.jpx.co.jp/markets/statistics-equities/misc/tvdivq0000001vg2-att/data_j.xls,2026-07-10T23:26:35.886407+00:00
4772.T,4772,ＳＭ　ＥＮＴＥＲＴＡＩＮＭＥＮＴ　ＪＡＰＡＮ,グロース（内国株式）,5250,情報・通信業,0010,情報通信・サービスその他,-,-,20260630,https://www.jpx.co.jp/markets/statistics-equities/misc/tvdivq0000001vg2-att/data_j.xls,2026-07-10T23:26:35.886407+00:00
4776.T,4776,サイボウズ,プライム（内国株式）,5250,情報・通信業,0010,情報通信・サービスその他,0006,TOPIX Small 1,20260630,https://www.jpx.co.jp/markets/statistics-equities/misc/tvdivq0000001vg2-att/data_j.xls,2026-07-10T23:26:35.886407+00:00
4777.T,4777,ガーラ,スタンダード（内国株式）,5250,情報・通信業,0010,情報通信・サービスその他,-,-,20260630,https://www.jpx.co.jp/markets/statistics-equities/misc/tvdivq0000001vg2-att/data_j.xls,2026-07-10T23:26:35.886407+00:00
4783.T,4783,ＮＣＤ,スタンダード（内国株式）,5250,情報・通信業,0010,情報通信・サービスその他,-,-,20260630,https://www.jpx.co.jp/markets/statistics-equities/misc/tvdivq0000001vg2-att/data_j.xls,2026-07-10T23:26:35.886407+00:00
4784.T,4784,ＧＭＯインターネット,プライム（内国株式）,9050,サービス業,0010,情報通信・サービスその他,0007,TOPIX Small 2,20260630,https://www.jpx.co.jp/markets/statistics-equities/misc/tvdivq0000001vg2-att/data_j.xls,2026-07-10T23:26:35.886407+00:00
4792.T,4792,山田コンサルティンググループ,プライム（内国株式）,9050,サービス業,0010,情報通信・サービスその他,0007,TOPIX Small 2,20260630,https://www.jpx.co.jp/markets/statistics-equities/misc/tvdivq0000001vg2-att/data_j.xls,2026-07-10T23:26:35.886407+00:00
4800.T,4800,オリコン,スタンダード（内国株式）,5250,情報・通信業,0010,情報通信・サービスその他,-,-,20260630,https://www.jpx.co.jp/markets/statistics-equities/misc/tvdivq0000001vg2-att/data_j.xls,2026-07-10T23:26:35.886407+00:00
4801.T,4801,セントラルスポーツ,プライム（内国株式）,9050,サービス業,0010,情報通信・サービスその他,0007,TOPIX Small 2,20260630,https://www.jpx.co.jp/markets/statistics-equities/misc/tvdivq0000001vg2-att/data_j.xls,2026-07-10T23:26:35.886407+00:00
4809.T,4809,パラカ,プライム（内国株式）,8050,不動産業,0017,不動産,0007,TOPIX Small 2,20260630,https://www.jpx.co.jp/markets/statistics-equities/misc/tvdivq0000001vg2-att/data_j.xls,2026-07-10T23:26:35.886407+00:00
4811.T,4811,ドリーム・アーツ,グロース（内国株式）,5250,情報・通信業,0010,情報通信・サービスその他,-,-,20260630,https://www.jpx.co.jp/markets/statistics-equities/misc/tvdivq0000001vg2-att/data_j.xls,2026-07-10T23:26:35.886407+00:00
4812.T,4812,電通総研,プライム（内国株式）,5250,情報・通信業,0010,情報通信・サービスその他,0006,TOPIX Small 1,20260630,https://www.jpx.co.jp/markets/statistics-equities/misc/tvdivq0000001vg2-att/data_j.xls,2026-07-10T23:26:35.886407+00:00
4813.T,4813,ＡＣＣＥＳＳ,プライム（内国株式）,5250,情報・通信業,0010,情報通信・サービスその他,-,-,20260630,https://www.jpx.co.jp/markets/statistics-equities/misc/tvdivq0000001vg2-att/data_j.xls,2026-07-10T23:26:35.886407+00:00
4814.T,4814,ネクストウェア,スタンダード（内国株式）,5250,情報・通信業,0010,情報通信・サービスその他,-,-,20260630,https://www.jpx.co.jp/markets/statistics-equities/misc/tvdivq0000001vg2-att/data_j.xls,2026-07-10T23:26:35.886407+00:00
4816.T,4816,東映アニメーション,スタンダード（内国株式）,5250,情報・通信業,0010,情報通信・サービスその他,-,-,20260630,https://www.jpx.co.jp/markets/statistics-equities/misc/tvdivq0000001vg2-att/data_j.xls,2026-07-10T23:26:35.886407+00:00
4819.T,4819,デジタルガレージ,プライム（内国株式）,5250,情報・通信業,0010,情報通信・サービスその他,0006,TOPIX Small 1,20260630,https://www.jpx.co.jp/markets/statistics-equities/misc/tvdivq0000001vg2-att/data_j.xls,2026-07-10T23:26:35.886407+00:00
4820.T,4820,イーエムシステムズ,プライム（内国株式）,5250,情報・通信業,0010,情報通信・サービスその他,0007,TOPIX Small 2,20260630,https://www.jpx.co.jp/markets/statistics-equities/misc/tvdivq0000001vg2-att/data_j.xls,2026-07-10T23:26:35.886407+00:00
4825.T,4825,ウェザーニューズ,プライム（内国株式）,5250,情報・通信業,0010,情報通信・サービスその他,0006,TOPIX Small 1,20260630,https://www.jpx.co.jp/markets/statistics-equities/misc/tvdivq0000001vg2-att/data_j.xls,2026-07-10T23:26:35.886407+00:00
4826.T,4826,ＣＩＪ,プライム（内国株式）,5250,情報・通信業,0010,情報通信・サービスその他,0007,TOPIX Small 2,20260630,https://www.jpx.co.jp/markets/statistics-equities/misc/tvdivq0000001vg2-att/data_j.xls,2026-07-10T23:26:35.886407+00:00
4828.T,4828,ビジネスエンジニアリング,プライム（内国株式）,5250,情報・通信業,0010,情報通信・サービスその他,0007,TOPIX Small 2,20260630,https://www.jpx.co.jp/markets/statistics-equities/misc/tvdivq0000001vg2-att/data_j.xls,2026-07-10T23:26:35.886407+00:00
4829.T,4829,日本エンタープライズ,スタンダード（内国株式）,5250,情報・通信業,0010,情報通信・サービスその他,-,-,20260630,https://www.jpx.co.jp/markets/statistics-equities/misc/tvdivq0000001vg2-att/data_j.xls,2026-07-10T23:26:35.886407+00:00
4832.T,4832,ＪＦＥシステムズ,スタンダード（内国株式）,5250,情報・通信業,0010,情報通信・サービスその他,-,-,20260630,https://www.jpx.co.jp/markets/statistics-equities/misc/tvdivq0000001vg2-att/data_j.xls,2026-07-10T23:26:35.886407+00:00
4833.T,4833,Ｄｅｆ　ｃｏｎｓｕｌｔｉｎｇ,グロース（内国株式）,9050,サービス業,0010,情報通信・サービスその他,-,-,20260630,https://www.jpx.co.jp/markets/statistics-equities/misc/tvdivq0000001vg2-att/data_j.xls,2026-07-10T23:26:35.886407+00:00
4838.T,4838,スペースシャワーＳＫＩＹＡＫＩホールディングス,スタンダード（内国株式）,5250,情報・通信業,0010,情報通信・サービスその他,-,-,20260630,https://www.jpx.co.jp/markets/statistics-equities/misc/tvdivq0000001vg2-att/data_j.xls,2026-07-10T23:26:35.886407+00:00
4839.T,4839,ＷＯＷＯＷ,プライム（内国株式）,5250,情報・通信業,0010,情報通信・サービスその他,0007,TOPIX Small 2,20260630,https://www.jpx.co.jp/markets/statistics-equities/misc/tvdivq0000001vg2-att/data_j.xls,2026-07-10T23:26:35.886407+00:00
4840.T,4840,トライアイズ,スタンダード（内国株式）,9050,サービス業,0010,情報通信・サービスその他,-,-,20260630,https://www.jpx.co.jp/markets/statistics-equities/misc/tvdivq0000001vg2-att/data_j.xls,2026-07-10T23:26:35.886407+00:00
4845.T,4845,スカラ,スタンダード（内国株式）,5250,情報・通信業,0010,情報通信・サービスその他,0007,TOPIX Small 2,20260630,https://www.jpx.co.jp/markets/statistics-equities/misc/tvdivq0000001vg2-att/data_j.xls,2026-07-10T23:26:35.886407+00:00
4847.T,4847,インテリジェント　ウェイブ,プライム（内国株式）,5250,情報・通信業,0010,情報通信・サービスその他,-,-,20260630,https://www.jpx.co.jp/markets/statistics-equities/misc/tvdivq0000001vg2-att/data_j.xls,2026-07-10T23:26:35.886407+00:00
4848.T,4848,フルキャストホールディングス,プライム（内国株式）,9050,サービス業,0010,情報通信・サービスその他,0007,TOPIX Small 2,20260630,https://www.jpx.co.jp/markets/statistics-equities/misc/tvdivq0000001vg2-att/data_j.xls,2026-07-10T23:26:35.886407+00:00
4849.T,4849,エン,プライム（内国株式）,9050,サービス業,0010,情報通信・サービスその他,0006,TOPIX Small 1,20260630,https://www.jpx.co.jp/markets/statistics-equities/misc/tvdivq0000001vg2-att/data_j.xls,2026-07-10T23:26:35.886407+00:00
4875.T,4875,メディシノバ・インク,スタンダード（外国株式）,3250,医薬品,0005,医薬品,-,-,20260630,https://www.jpx.co.jp/markets/statistics-equities/misc/tvdivq0000001vg2-att/data_j.xls,2026-07-10T23:26:35.886407+00:00
4880.T,4880,セルソース,スタンダード（内国株式）,3250,医薬品,0005,医薬品,0007,TOPIX Small 2,20260630,https://www.jpx.co.jp/markets/statistics-equities/misc/tvdivq0000001vg2-att/data_j.xls,2026-07-10T23:26:35.886407+00:00
4881.T,4881,ファンペップ,グロース（内国株式）,3250,医薬品,0005,医薬品,-,-,20260630,https://www.jpx.co.jp/markets/statistics-equities/misc/tvdivq0000001vg2-att/data_j.xls,2026-07-10T23:26:35.886407+00:00
4882.T,4882,ペルセウスプロテオミクス,グロース（内国株式）,3250,医薬品,0005,医薬品,-,-,20260630,https://www.jpx.co.jp/markets/statistics-equities/misc/tvdivq0000001vg2-att/data_j.xls,2026-07-10T23:26:35.886407+00:00
4883.T,4883,モダリス,グロース（内国株式）,3250,医薬品,0005,医薬品,-,-,20260630,https://www.jpx.co.jp/markets/statistics-equities/misc/tvdivq0000001vg2-att/data_j.xls,2026-07-10T23:26:35.886407+00:00
4884.T,4884,クリングルファーマ,グロース（内国株式）,3250,医薬品,0005,医薬品,-,-,20260630,https://www.jpx.co.jp/markets/statistics-equities/misc/tvdivq0000001vg2-att/data_j.xls,2026-07-10T23:26:35.886407+00:00
4885.T,4885,室町ケミカル,スタンダード（内国株式）,3250,医薬品,0005,医薬品,-,-,20260630,https://www.jpx.co.jp/markets/statistics-equities/misc/tvdivq0000001vg2-att/data_j.xls,2026-07-10T23:26:35.886407+00:00
4886.T,4886,あすか製薬ホールディングス,プライム（内国株式）,3250,医薬品,0005,医薬品,0007,TOPIX Small 2,20260630,https://www.jpx.co.jp/markets/statistics-equities/misc/tvdivq0000001vg2-att/data_j.xls,2026-07-10T23:26:35.886407+00:00
4887.T,4887,サワイグループホールディングス,プライム（内国株式）,3250,医薬品,0005,医薬品,0004,TOPIX Mid400,20260630,https://www.jpx.co.jp/markets/statistics-equities/misc/tvdivq0000001vg2-att/data_j.xls,2026-07-10T23:26:35.886407+00:00
4888.T,4888,ステラファーマ,グロース（内国株式）,3250,医薬品,0005,医薬品,-,-,20260630,https://www.jpx.co.jp/markets/statistics-equities/misc/tvdivq0000001vg2-att/data_j.xls,2026-07-10T23:26:35.886407+00:00
4889.T,4889,レナサイエンス,グロース（内国株式）,3250,医薬品,0005,医薬品,-,-,20260630,https://www.jpx.co.jp/markets/statistics-equities/misc/tvdivq0000001vg2-att/data_j.xls,2026-07-10T23:26:35.886407+00:00
4890.T,4890,坪田ラボ,グロース（内国株式）,3250,医薬品,0005,医薬品,-,-,20260630,https://www.jpx.co.jp/markets/statistics-equities/misc/tvdivq0000001vg2-att/data_j.xls,2026-07-10T23:26:35.886407+00:00
4891.T,4891,ティムス,グロース（内国株式）,3250,医薬品,0005,医薬品,-,-,20260630,https://www.jpx.co.jp/markets/statistics-equities/misc/tvdivq0000001vg2-att/data_j.xls,2026-07-10T23:26:35.886407+00:00
4892.T,4892,サイフューズ,グロース（内国株式）,3250,医薬品,0005,医薬品,-,-,20260630,https://www.jpx.co.jp/markets/statistics-equities/misc/tvdivq0000001vg2-att/data_j.xls,2026-07-10T23:26:35.886407+00:00
4893.T,4893,ノイルイミューン・バイオテック,グロース（内国株式）,3250,医薬品,0005,医薬品,-,-,20260630,https://www.jpx.co.jp/markets/statistics-equities/misc/tvdivq0000001vg2-att/data_j.xls,2026-07-10T23:26:35.886407+00:00
4894.T,4894,クオリプス,グロース（内国株式）,3250,医薬品,0005,医薬品,-,-,20260630,https://www.jpx.co.jp/markets/statistics-equities/misc/tvdivq0000001vg2-att/data_j.xls,2026-07-10T23:26:35.886407+00:00
4896.T,4896,ケイファーマ,グロース（内国株式）,3250,医薬品,0005,医薬品,-,-,20260630,https://www.jpx.co.jp/markets/statistics-equities/misc/tvdivq0000001vg2-att/data_j.xls,2026-07-10T23:26:35.886407+00:00
4901.T,4901,富士フイルムホールディングス,プライム（内国株式）,3200,化学,0004,素材・化学,0002,TOPIX Large70,20260630,https://www.jpx.co.jp/markets/statistics-equities/misc/tvdivq0000001vg2-att/data_j.xls,2026-07-10T23:26:35.886407+00:00
4902.T,4902,コニカミノルタ,プライム（内国株式）,3650,電気機器,0009,電機・精密,0004,TOPIX Mid400,20260630,https://www.jpx.co.jp/markets/statistics-equities/misc/tvdivq0000001vg2-att/data_j.xls,2026-07-10T23:26:35.886407+00:00
4911.T,4911,資生堂,プライム（内国株式）,3200,化学,0004,素材・化学,0004,TOPIX Mid400,20260630,https://www.jpx.co.jp/markets/statistics-equities/misc/tvdivq0000001vg2-att/data_j.xls,2026-07-10T23:26:35.886407+00:00
4912.T,4912,ライオン,プライム（内国株式）,3200,化学,0004,素材・化学,0004,TOPIX Mid400,20260630,https://www.jpx.co.jp/markets/statistics-equities/misc/tvdivq0000001vg2-att/data_j.xls,2026-07-10T23:26:35.886407+00:00
4914.T,4914,高砂香料工業,プライム（内国株式）,3200,化学,0004,素材・化学,0006,TOPIX Small 1,20260630,https://www.jpx.co.jp/markets/statistics-equities/misc/tvdivq0000001vg2-att/data_j.xls,2026-07-10T23:26:35.886407+00:00
4918.T,4918,アイビー化粧品,スタンダード（内国株式）,3200,化学,0004,素材・化学,-,-,20260630,https://www.jpx.co.jp/markets/statistics-equities/misc/tvdivq0000001vg2-att/data_j.xls,2026-07-10T23:26:35.886407+00:00
4919.T,4919,ミルボン,プライム（内国株式）,3200,化学,0004,素材・化学,0006,TOPIX Small 1,20260630,https://www.jpx.co.jp/markets/statistics-equities/misc/tvdivq0000001vg2-att/data_j.xls,2026-07-10T23:26:35.886407+00:00
4920.T,4920,日本色材工業研究所,スタンダード（内国株式）,3200,化学,0004,素材・化学,-,-,20260630,https://www.jpx.co.jp/markets/statistics-equities/misc/tvdivq0000001vg2-att/data_j.xls,2026-07-10T23:26:35.886407+00:00
4922.T,4922,コーセーホールディングス,プライム（内国株式）,3200,化学,0004,素材・化学,0004,TOPIX Mid400,20260630,https://www.jpx.co.jp/markets/statistics-equities/misc/tvdivq0000001vg2-att/data_j.xls,2026-07-10T23:26:35.886407+00:00
4923.T,4923,コタ,プライム（内国株式）,3200,化学,0004,素材・化学,0007,TOPIX Small 2,20260630,https://www.jpx.co.jp/markets/statistics-equities/misc/tvdivq0000001vg2-att/data_j.xls,2026-07-10T23:26:35.886407+00:00
4925.T,4925,ハーバー研究所,スタンダード（内国株式）,3200,化学,0004,素材・化学,-,-,20260630,https://www.jpx.co.jp/markets/statistics-equities/misc/tvdivq0000001vg2-att/data_j.xls,2026-07-10T23:26:35.886407+00:00
4926.T,4926,シーボン,スタンダード（内国株式）,3200,化学,0004,素材・化学,-,-,20260630,https://www.jpx.co.jp/markets/statistics-equities/misc/tvdivq0000001vg2-att/data_j.xls,2026-07-10T23:26:35.886407+00:00
4927.T,4927,ポーラ・オルビスホールディングス,プライム（内国株式）,3200,化学,0004,素材・化学,0004,TOPIX Mid400,20260630,https://www.jpx.co.jp/markets/statistics-equities/misc/tvdivq0000001vg2-att/data_j.xls,2026-07-10T23:26:35.886407+00:00
4928.T,4928,ノエビアホールディングス,プライム（内国株式）,3200,化学,0004,素材・化学,0006,TOPIX Small 1,20260630,https://www.jpx.co.jp/markets/statistics-equities/misc/tvdivq0000001vg2-att/data_j.xls,2026-07-10T23:26:35.886407+00:00
4929.T,4929,アジュバンホールディングス,スタンダード（内国株式）,3200,化学,0004,素材・化学,-,-,20260630,https://www.jpx.co.jp/markets/statistics-equities/misc/tvdivq0000001vg2-att/data_j.xls,2026-07-10T23:26:35.886407+00:00
4931.T,4931,新日本製薬,プライム（内国株式）,3200,化学,0004,素材・化学,0007,TOPIX Small 2,20260630,https://www.jpx.co.jp/markets/statistics-equities/misc/tvdivq0000001vg2-att/data_j.xls,2026-07-10T23:26:35.886407+00:00
4932.T,4932,アルマード,スタンダード（内国株式）,3200,化学,0004,素材・化学,-,-,20260630,https://www.jpx.co.jp/markets/statistics-equities/misc/tvdivq0000001vg2-att/data_j.xls,2026-07-10T23:26:35.886407+00:00
4933.T,4933,Ｉ－ｎｅ,プライム（内国株式）,3200,化学,0004,素材・化学,0007,TOPIX Small 2,20260630,https://www.jpx.co.jp/markets/statistics-equities/misc/tvdivq0000001vg2-att/data_j.xls,2026-07-10T23:26:35.886407+00:00
4934.T,4934,プレミアアンチエイジング,グロース（内国株式）,3200,化学,0004,素材・化学,-,-,20260630,https://www.jpx.co.jp/markets/statistics-equities/misc/tvdivq0000001vg2-att/data_j.xls,2026-07-10T23:26:35.886407+00:00
4935.T,4935,リベルタ,スタンダード（内国株式）,3200,化学,0004,素材・化学,-,-,20260630,https://www.jpx.co.jp/markets/statistics-equities/misc/tvdivq0000001vg2-att/data_j.xls,2026-07-10T23:26:35.886407+00:00
4936.T,4936,アクシージア,スタンダード（内国株式）,3200,化学,0004,素材・化学,0007,TOPIX Small 2,20260630,https://www.jpx.co.jp/markets/statistics-equities/misc/tvdivq0000001vg2-att/data_j.xls,2026-07-10T23:26:35.886407+00:00
4937.T,4937,Ｗａｑｏｏ,グロース（内国株式）,3200,化学,0004,素材・化学,-,-,20260630,https://www.jpx.co.jp/markets/statistics-equities/misc/tvdivq0000001vg2-att/data_j.xls,2026-07-10T23:26:35.886407+00:00
4951.T,4951,エステー,プライム（内国株式）,3200,化学,0004,素材・化学,0007,TOPIX Small 2,20260630,https://www.jpx.co.jp/markets/statistics-equities/misc/tvdivq0000001vg2-att/data_j.xls,2026-07-10T23:26:35.886407+00:00
4956.T,4956,コニシ,プライム（内国株式）,3200,化学,0004,素材・化学,0007,TOPIX Small 2,20260630,https://www.jpx.co.jp/markets/statistics-equities/misc/tvdivq0000001vg2-att/data_j.xls,2026-07-10T23:26:35.886407+00:00
4958.T,4958,長谷川香料,プライム（内国株式）,3200,化学,0004,素材・化学,0006,TOPIX Small 1,20260630,https://www.jpx.co.jp/markets/statistics-equities/misc/tvdivq0000001vg2-att/data_j.xls,2026-07-10T23:26:35.886407+00:00
4960.T,4960,ケミプロ化成,スタンダード（内国株式）,3200,化学,0004,素材・化学,-,-,20260630,https://www.jpx.co.jp/markets/statistics-equities/misc/tvdivq0000001vg2-att/data_j.xls,2026-07-10T23:26:35.886407+00:00
4966.T,4966,上村工業,スタンダード（内国株式）,3200,化学,0004,素材・化学,-,-,20260630,https://www.jpx.co.jp/markets/statistics-equities/misc/tvdivq0000001vg2-att/data_j.xls,2026-07-10T23:26:35.886407+00:00
4967.T,4967,小林製薬,プライム（内国株式）,3200,化学,0004,素材・化学,0004,TOPIX Mid400,20260630,https://www.jpx.co.jp/markets/statistics-equities/misc/tvdivq0000001vg2-att/data_j.xls,2026-07-10T23:26:35.886407+00:00
4968.T,4968,荒川化学工業,プライム（内国株式）,3200,化学,0004,素材・化学,0007,TOPIX Small 2,20260630,https://www.jpx.co.jp/markets/statistics-equities/misc/tvdivq0000001vg2-att/data_j.xls,2026-07-10T23:26:35.886407+00:00
4970.T,4970,東洋合成工業,スタンダード（内国株式）,3200,化学,0004,素材・化学,-,-,20260630,https://www.jpx.co.jp/markets/statistics-equities/misc/tvdivq0000001vg2-att/data_j.xls,2026-07-10T23:26:35.886407+00:00
4971.T,4971,メック,プライム（内国株式）,3200,化学,0004,素材・化学,0006,TOPIX Small 1,20260630,https://www.jpx.co.jp/markets/statistics-equities/misc/tvdivq0000001vg2-att/data_j.xls,2026-07-10T23:26:35.886407+00:00
4972.T,4972,綜研化学,スタンダード（内国株式）,3200,化学,0004,素材・化学,-,-,20260630,https://www.jpx.co.jp/markets/statistics-equities/misc/tvdivq0000001vg2-att/data_j.xls,2026-07-10T23:26:35.886407+00:00
4973.T,4973,日本高純度化学,プライム（内国株式）,3200,化学,0004,素材・化学,0007,TOPIX Small 2,20260630,https://www.jpx.co.jp/markets/statistics-equities/misc/tvdivq0000001vg2-att/data_j.xls,2026-07-10T23:26:35.886407+00:00
4975.T,4975,ＪＣＵ,プライム（内国株式）,3200,化学,0004,素材・化学,0006,TOPIX Small 1,20260630,https://www.jpx.co.jp/markets/statistics-equities/misc/tvdivq0000001vg2-att/data_j.xls,2026-07-10T23:26:35.886407+00:00
4976.T,4976,東洋ドライルーブ,スタンダード（内国株式）,3200,化学,0004,素材・化学,-,-,20260630,https://www.jpx.co.jp/markets/statistics-equities/misc/tvdivq0000001vg2-att/data_j.xls,2026-07-10T23:26:35.886407+00:00
4977.T,4977,新田ゼラチン,スタンダード（内国株式）,3200,化学,0004,素材・化学,-,-,20260630,https://www.jpx.co.jp/markets/statistics-equities/misc/tvdivq0000001vg2-att/data_j.xls,2026-07-10T23:26:35.886407+00:00
4978.T,4978,リプロセル,グロース（内国株式）,3200,化学,0004,素材・化学,-,-,20260630,https://www.jpx.co.jp/markets/statistics-equities/misc/tvdivq0000001vg2-att/data_j.xls,2026-07-10T23:26:35.886407+00:00
4979.T,4979,ＯＡＴアグリオ,スタンダード（内国株式）,3200,化学,0004,素材・化学,0007,TOPIX Small 2,20260630,https://www.jpx.co.jp/markets/statistics-equities/misc/tvdivq0000001vg2-att/data_j.xls,2026-07-10T23:26:35.886407+00:00
4980.T,4980,デクセリアルズ,プライム（内国株式）,3200,化学,0004,素材・化学,0004,TOPIX Mid400,20260630,https://www.jpx.co.jp/markets/statistics-equities/misc/tvdivq0000001vg2-att/data_j.xls,2026-07-10T23:26:35.886407+00:00
4985.T,4985,アース製薬,プライム（内国株式）,3200,化学,0004,素材・化学,0006,TOPIX Small 1,20260630,https://www.jpx.co.jp/markets/statistics-equities/misc/tvdivq0000001vg2-att/data_j.xls,2026-07-10T23:26:35.886407+00:00
4990.T,4990,昭和化学工業,スタンダード（内国株式）,3200,化学,0004,素材・化学,-,-,20260630,https://www.jpx.co.jp/markets/statistics-equities/misc/tvdivq0000001vg2-att/data_j.xls,2026-07-10T23:26:35.886407+00:00
4992.T,4992,北興化学工業,スタンダード（内国株式）,3200,化学,0004,素材・化学,0007,TOPIX Small 2,20260630,https://www.jpx.co.jp/markets/statistics-equities/misc/tvdivq0000001vg2-att/data_j.xls,2026-07-10T23:26:35.886407+00:00
4994.T,4994,大成ラミックグループ,スタンダード（内国株式）,3200,化学,0004,素材・化学,0007,TOPIX Small 2,20260630,https://www.jpx.co.jp/markets/statistics-equities/misc/tvdivq0000001vg2-att/data_j.xls,2026-07-10T23:26:35.886407+00:00
4996.T,4996,クミアイ化学工業,プライム（内国株式）,3200,化学,0004,素材・化学,0006,TOPIX Small 1,20260630,https://www.jpx.co.jp/markets/statistics-equities/misc/tvdivq0000001vg2-att/data_j.xls,2026-07-10T23:26:35.886407+00:00
4997.T,4997,日本農薬,プライム（内国株式）,3200,化学,0004,素材・化学,0007,TOPIX Small 2,20260630,https://www.jpx.co.jp/markets/statistics-equities/misc/tvdivq0000001vg2-att/data_j.xls,2026-07-10T23:26:35.886407+00:00
4998.T,4998,フマキラー,スタンダード（内国株式）,3200,化学,0004,素材・化学,-,-,20260630,https://www.jpx.co.jp/markets/statistics-equities/misc/tvdivq0000001vg2-att/data_j.xls,2026-07-10T23:26:35.886407+00:00
5010.T,5010,日本精蝋,スタンダード（内国株式）,3300,石油・石炭製品,0002,エネルギー資源,-,-,20260630,https://www.jpx.co.jp/markets/statistics-equities/misc/tvdivq0000001vg2-att/data_j.xls,2026-07-10T23:26:35.886407+00:00
5011.T,5011,ニチレキグループ,プライム（内国株式）,3300,石油・石炭製品,0002,エネルギー資源,0007,TOPIX Small 2,20260630,https://www.jpx.co.jp/markets/statistics-equities/misc/tvdivq0000001vg2-att/data_j.xls,2026-07-10T23:26:35.886407+00:00
5013.T,5013,ユシロ,スタンダード（内国株式）,3300,石油・石炭製品,0002,エネルギー資源,0007,TOPIX Small 2,20260630,https://www.jpx.co.jp/markets/statistics-equities/misc/tvdivq0000001vg2-att/data_j.xls,2026-07-10T23:26:35.886407+00:00
5015.T,5015,ビーピー・カストロール,スタンダード（内国株式）,3300,石油・石炭製品,0002,エネルギー資源,-,-,20260630,https://www.jpx.co.jp/markets/statistics-equities/misc/tvdivq0000001vg2-att/data_j.xls,2026-07-10T23:26:35.886407+00:00
5016.T,5016,ＪＸ金属,プライム（内国株式）,3500,非鉄金属,0007,鉄鋼・非鉄,0004,TOPIX Mid400,20260630,https://www.jpx.co.jp/markets/statistics-equities/misc/tvdivq0000001vg2-att/data_j.xls,2026-07-10T23:26:35.886407+00:00
5018.T,5018,ＭＯＲＥＳＣＯ,スタンダード（内国株式）,3300,石油・石炭製品,0002,エネルギー資源,-,-,20260630,https://www.jpx.co.jp/markets/statistics-equities/misc/tvdivq0000001vg2-att/data_j.xls,2026-07-10T23:26:35.886407+00:00
5019.T,5019,出光興産,プライム（内国株式）,3300,石油・石炭製品,0002,エネルギー資源,0004,TOPIX Mid400,20260630,https://www.jpx.co.jp/markets/statistics-equities/misc/tvdivq0000001vg2-att/data_j.xls,2026-07-10T23:26:35.886407+00:00
5020.T,5020,ＥＮＥＯＳホールディングス,プライム（内国株式）,3300,石油・石炭製品,0002,エネルギー資源,0002,TOPIX Large70,20260630,https://www.jpx.co.jp/markets/statistics-equities/misc/tvdivq0000001vg2-att/data_j.xls,2026-07-10T23:26:35.886407+00:00
5021.T,5021,コスモエネルギーホールディングス,プライム（内国株式）,3300,石油・石炭製品,0002,エネルギー資源,0004,TOPIX Mid400,20260630,https://www.jpx.co.jp/markets/statistics-equities/misc/tvdivq0000001vg2-att/data_j.xls,2026-07-10T23:26:35.886407+00:00
5022.T,5022,レボインターナショナル,PRO Market,3300,石油・石炭製品,0002,エネルギー資源,-,-,20260630,https://www.jpx.co.jp/markets/statistics-equities/misc/tvdivq0000001vg2-att/data_j.xls,2026-07-10T23:26:35.886407+00:00
5025.T,5025,マーキュリー,グロース（内国株式）,5250,情報・通信業,0010,情報通信・サービスその他,-,-,20260630,https://www.jpx.co.jp/markets/statistics-equities/misc/tvdivq0000001vg2-att/data_j.xls,2026-07-10T23:26:35.886407+00:00
5026.T,5026,トリプルアイズ,グロース（内国株式）,5250,情報・通信業,0010,情報通信・サービスその他,-,-,20260630,https://www.jpx.co.jp/markets/statistics-equities/misc/tvdivq0000001vg2-att/data_j.xls,2026-07-10T23:26:35.886407+00:00
5027.T,5027,ＡｎｙＭｉｎｄ　Ｇｒｏｕｐ,グロース（内国株式）,5250,情報・通信業,0010,情報通信・サービスその他,-,-,20260630,https://www.jpx.co.jp/markets/statistics-equities/misc/tvdivq0000001vg2-att/data_j.xls,2026-07-10T23:26:35.886407+00:00
5028.T,5028,セカンドサイトアナリティカ,グロース（内国株式）,5250,情報・通信業,0010,情報通信・サービスその他,-,-,20260630,https://www.jpx.co.jp/markets/statistics-equities/misc/tvdivq0000001vg2-att/data_j.xls,2026-07-10T23:26:35.886407+00:00
5029.T,5029,サークレイス,グロース（内国株式）,5250,情報・通信業,0010,情報通信・サービスその他,-,-,20260630,https://www.jpx.co.jp/markets/statistics-equities/misc/tvdivq0000001vg2-att/data_j.xls,2026-07-10T23:26:35.886407+00:00
5031.T,5031,モイ,グロース（内国株式）,5250,情報・通信業,0010,情報通信・サービスその他,-,-,20260630,https://www.jpx.co.jp/markets/statistics-equities/misc/tvdivq0000001vg2-att/data_j.xls,2026-07-10T23:26:35.886407+00:00
5032.T,5032,ＡＮＹＣＯＬＯＲ,プライム（内国株式）,5250,情報・通信業,0010,情報通信・サービスその他,0006,TOPIX Small 1,20260630,https://www.jpx.co.jp/markets/statistics-equities/misc/tvdivq0000001vg2-att/data_j.xls,2026-07-10T23:26:35.886407+00:00
5033.T,5033,ヌーラボ,グロース（内国株式）,5250,情報・通信業,0010,情報通信・サービスその他,-,-,20260630,https://www.jpx.co.jp/markets/statistics-equities/misc/tvdivq0000001vg2-att/data_j.xls,2026-07-10T23:26:35.886407+00:00
5034.T,5034,ｕｎｅｒｒｙ,グロース（内国株式）,5250,情報・通信業,0010,情報通信・サービスその他,-,-,20260630,https://www.jpx.co.jp/markets/statistics-equities/misc/tvdivq0000001vg2-att/data_j.xls,2026-07-10T23:26:35.886407+00:00
5035.T,5035,ＨＯＵＳＥＩ,グロース（内国株式）,5250,情報・通信業,0010,情報通信・サービスその他,-,-,20260630,https://www.jpx.co.jp/markets/statistics-equities/misc/tvdivq0000001vg2-att/data_j.xls,2026-07-10T23:26:35.886407+00:00
5036.T,5036,日本ビジネスシステムズ,プライム（内国株式）,5250,情報・通信業,0010,情報通信・サービスその他,0007,TOPIX Small 2,20260630,https://www.jpx.co.jp/markets/statistics-equities/misc/tvdivq0000001vg2-att/data_j.xls,2026-07-10T23:26:35.886407+00:00
5037.T,5037,フィットワークス,PRO Market,5250,情報・通信業,0010,情報通信・サービスその他,-,-,20260630,https://www.jpx.co.jp/markets/statistics-equities/misc/tvdivq0000001vg2-att/data_j.xls,2026-07-10T23:26:35.886407+00:00
5038.T,5038,ｅＷｅＬＬ,グロース（内国株式）,5250,情報・通信業,0010,情報通信・サービスその他,-,-,20260630,https://www.jpx.co.jp/markets/statistics-equities/misc/tvdivq0000001vg2-att/data_j.xls,2026-07-10T23:26:35.886407+00:00
5071.T,5071,ヴィス,スタンダード（内国株式）,9050,サービス業,0010,情報通信・サービスその他,-,-,20260630,https://www.jpx.co.jp/markets/statistics-equities/misc/tvdivq0000001vg2-att/data_j.xls,2026-07-10T23:26:35.886407+00:00
5072.T,5072,アートフォースジャパン,PRO Market,2050,建設業,0003,建設・資材,-,-,20260630,https://www.jpx.co.jp/markets/statistics-equities/misc/tvdivq0000001vg2-att/data_j.xls,2026-07-10T23:26:35.886407+00:00
5074.T,5074,テスホールディングス,プライム（内国株式）,2050,建設業,0003,建設・資材,0007,TOPIX Small 2,20260630,https://www.jpx.co.jp/markets/statistics-equities/misc/tvdivq0000001vg2-att/data_j.xls,2026-07-10T23:26:35.886407+00:00
5076.T,5076,インフロニア・ホールディングス,プライム（内国株式）,2050,建設業,0003,建設・資材,0004,TOPIX Mid400,20260630,https://www.jpx.co.jp/markets/statistics-equities/misc/tvdivq0000001vg2-att/data_j.xls,2026-07-10T23:26:35.886407+00:00
5077.T,5077,ハンズ,PRO Market,2050,建設業,0003,建設・資材,-,-,20260630,https://www.jpx.co.jp/markets/statistics-equities/misc/tvdivq0000001vg2-att/data_j.xls,2026-07-10T23:26:35.886407+00:00
5078.T,5078,セレコーポレーション,スタンダード（内国株式）,2050,建設業,0003,建設・資材,-,-,20260630,https://www.jpx.co.jp/markets/statistics-equities/misc/tvdivq0000001vg2-att/data_j.xls,2026-07-10T23:26:35.886407+00:00
5079.T,5079,ノバック,スタンダード（内国株式）,2050,建設業,0003,建設・資材,-,-,20260630,https://www.jpx.co.jp/markets/statistics-equities/misc/tvdivq0000001vg2-att/data_j.xls,2026-07-10T23:26:35.886407+00:00
5101.T,5101,横浜ゴム,プライム（内国株式）,3350,ゴム製品,0006,自動車・輸送機,0004,TOPIX Mid400,20260630,https://www.jpx.co.jp/markets/statistics-equities/misc/tvdivq0000001vg2-att/data_j.xls,2026-07-10T23:26:35.886407+00:00
5103.T,5103,昭和ホールディングス,スタンダード（内国株式）,3350,ゴム製品,0006,自動車・輸送機,-,-,20260630,https://www.jpx.co.jp/markets/statistics-equities/misc/tvdivq0000001vg2-att/data_j.xls,2026-07-10T23:26:35.886407+00:00
5105.T,5105,ＴＯＹＯ　ＴＩＲＥ,プライム（内国株式）,3350,ゴム製品,0006,自動車・輸送機,0004,TOPIX Mid400,20260630,https://www.jpx.co.jp/markets/statistics-equities/misc/tvdivq0000001vg2-att/data_j.xls,2026-07-10T23:26:35.886407+00:00
5108.T,5108,ブリヂストン,プライム（内国株式）,3350,ゴム製品,0006,自動車・輸送機,0002,TOPIX Large70,20260630,https://www.jpx.co.jp/markets/statistics-equities/misc/tvdivq0000001vg2-att/data_j.xls,2026-07-10T23:26:35.886407+00:00
5110.T,5110,住友ゴム工業,プライム（内国株式）,3350,ゴム製品,0006,自動車・輸送機,0004,TOPIX Mid400,20260630,https://www.jpx.co.jp/markets/statistics-equities/misc/tvdivq0000001vg2-att/data_j.xls,2026-07-10T23:26:35.886407+00:00
5121.T,5121,藤倉コンポジット,プライム（内国株式）,3350,ゴム製品,0006,自動車・輸送機,0007,TOPIX Small 2,20260630,https://www.jpx.co.jp/markets/statistics-equities/misc/tvdivq0000001vg2-att/data_j.xls,2026-07-10T23:26:35.886407+00:00
5122.T,5122,オカモト,プライム（内国株式）,3350,ゴム製品,0006,自動車・輸送機,0007,TOPIX Small 2,20260630,https://www.jpx.co.jp/markets/statistics-equities/misc/tvdivq0000001vg2-att/data_j.xls,2026-07-10T23:26:35.886407+00:00
5125.T,5125,ファインズ,グロース（内国株式）,5250,情報・通信業,0010,情報通信・サービスその他,-,-,20260630,https://www.jpx.co.jp/markets/statistics-equities/misc/tvdivq0000001vg2-att/data_j.xls,2026-07-10T23:26:35.886407+00:00
5126.T,5126,ポーターズ,グロース（内国株式）,5250,情報・通信業,0010,情報通信・サービスその他,-,-,20260630,https://www.jpx.co.jp/markets/statistics-equities/misc/tvdivq0000001vg2-att/data_j.xls,2026-07-10T23:26:35.886407+00:00
5129.T,5129,ＦＩＸＥＲ,グロース（内国株式）,5250,情報・通信業,0010,情報通信・サービスその他,-,-,20260630,https://www.jpx.co.jp/markets/statistics-equities/misc/tvdivq0000001vg2-att/data_j.xls,2026-07-10T23:26:35.886407+00:00
5130.T,5130,ヒロホールディングス,PRO Market,5250,情報・通信業,0010,情報通信・サービスその他,-,-,20260630,https://www.jpx.co.jp/markets/statistics-equities/misc/tvdivq0000001vg2-att/data_j.xls,2026-07-10T23:26:35.886407+00:00
5131.T,5131,リンカーズ,グロース（内国株式）,5250,情報・通信業,0010,情報通信・サービスその他,-,-,20260630,https://www.jpx.co.jp/markets/statistics-equities/misc/tvdivq0000001vg2-att/data_j.xls,2026-07-10T23:26:35.886407+00:00
5132.T,5132,ｐｌｕｓｚｅｒｏ,グロース（内国株式）,5250,情報・通信業,0010,情報通信・サービスその他,-,-,20260630,https://www.jpx.co.jp/markets/statistics-equities/misc/tvdivq0000001vg2-att/data_j.xls,2026-07-10T23:26:35.886407+00:00
5133.T,5133,テリロジーホールディングス,スタンダード（内国株式）,5250,情報・通信業,0010,情報通信・サービスその他,-,-,20260630,https://www.jpx.co.jp/markets/statistics-equities/misc/tvdivq0000001vg2-att/data_j.xls,2026-07-10T23:26:35.886407+00:00
5134.T,5134,ＰＯＰＥＲ,グロース（内国株式）,5250,情報・通信業,0010,情報通信・サービスその他,-,-,20260630,https://www.jpx.co.jp/markets/statistics-equities/misc/tvdivq0000001vg2-att/data_j.xls,2026-07-10T23:26:35.886407+00:00
5135.T,5135,ＡＩＲ－Ｕ,PRO Market,5250,情報・通信業,0010,情報通信・サービスその他,-,-,20260630,https://www.jpx.co.jp/markets/statistics-equities/misc/tvdivq0000001vg2-att/data_j.xls,2026-07-10T23:26:35.886407+00:00
5136.T,5136,ｔｒｉｐｌａ,グロース（内国株式）,5250,情報・通信業,0010,情報通信・サービスその他,-,-,20260630,https://www.jpx.co.jp/markets/statistics-equities/misc/tvdivq0000001vg2-att/data_j.xls,2026-07-10T23:26:35.886407+00:00
5137.T,5137,スマートドライブ,グロース（内国株式）,5250,情報・通信業,0010,情報通信・サービスその他,-,-,20260630,https://www.jpx.co.jp/markets/statistics-equities/misc/tvdivq0000001vg2-att/data_j.xls,2026-07-10T23:26:35.886407+00:00
5138.T,5138,Ｒｅｂａｓｅ,グロース（内国株式）,5250,情報・通信業,0010,情報通信・サービスその他,-,-,20260630,https://www.jpx.co.jp/markets/statistics-equities/misc/tvdivq0000001vg2-att/data_j.xls,2026-07-10T23:26:35.886407+00:00
5139.T,5139,オープンワーク,グロース（内国株式）,5250,情報・通信業,0010,情報通信・サービスその他,-,-,20260630,https://www.jpx.co.jp/markets/statistics-equities/misc/tvdivq0000001vg2-att/data_j.xls,2026-07-10T23:26:35.886407+00:00
5142.T,5142,アキレス,プライム（内国株式）,3200,化学,0004,素材・化学,0007,TOPIX Small 2,20260630,https://www.jpx.co.jp/markets/statistics-equities/misc/tvdivq0000001vg2-att/data_j.xls,2026-07-10T23:26:35.886407+00:00
5161.T,5161,西川ゴム工業,スタンダード（内国株式）,3350,ゴム製品,0006,自動車・輸送機,-,-,20260630,https://www.jpx.co.jp/markets/statistics-equities/misc/tvdivq0000001vg2-att/data_j.xls,2026-07-10T23:26:35.886407+00:00
5162.T,5162,朝日ラバー,スタンダード（内国株式）,3350,ゴム製品,0006,自動車・輸送機,-,-,20260630,https://www.jpx.co.jp/markets/statistics-equities/misc/tvdivq0000001vg2-att/data_j.xls,2026-07-10T23:26:35.886407+00:00
5184.T,5184,ニチリン,スタンダード（内国株式）,3350,ゴム製品,0006,自動車・輸送機,-,-,20260630,https://www.jpx.co.jp/markets/statistics-equities/misc/tvdivq0000001vg2-att/data_j.xls,2026-07-10T23:26:35.886407+00:00
5185.T,5185,フコク,プライム（内国株式）,3350,ゴム製品,0006,自動車・輸送機,0007,TOPIX Small 2,20260630,https://www.jpx.co.jp/markets/statistics-equities/misc/tvdivq0000001vg2-att/data_j.xls,2026-07-10T23:26:35.886407+00:00
5186.T,5186,ニッタ,プライム（内国株式）,3350,ゴム製品,0006,自動車・輸送機,0007,TOPIX Small 2,20260630,https://www.jpx.co.jp/markets/statistics-equities/misc/tvdivq0000001vg2-att/data_j.xls,2026-07-10T23:26:35.886407+00:00
5187.T,5187,クリエートメディック,スタンダード（内国株式）,3750,精密機器,0009,電機・精密,-,-,20260630,https://www.jpx.co.jp/markets/statistics-equities/misc/tvdivq0000001vg2-att/data_j.xls,2026-07-10T23:26:35.886407+00:00
5189.T,5189,櫻護謨,スタンダード（内国株式）,3350,ゴム製品,0006,自動車・輸送機,-,-,20260630,https://www.jpx.co.jp/markets/statistics-equities/misc/tvdivq0000001vg2-att/data_j.xls,2026-07-10T23:26:35.886407+00:00
5192.T,5192,三ツ星ベルト,プライム（内国株式）,3350,ゴム製品,0006,自動車・輸送機,0006,TOPIX Small 1,20260630,https://www.jpx.co.jp/markets/statistics-equities/misc/tvdivq0000001vg2-att/data_j.xls,2026-07-10T23:26:35.886407+00:00
5194.T,5194,相模ゴム工業,スタンダード（内国株式）,3350,ゴム製品,0006,自動車・輸送機,-,-,20260630,https://www.jpx.co.jp/markets/statistics-equities/misc/tvdivq0000001vg2-att/data_j.xls,2026-07-10T23:26:35.886407+00:00
5195.T,5195,バンドー化学,プライム（内国株式）,3350,ゴム製品,0006,自動車・輸送機,0007,TOPIX Small 2,20260630,https://www.jpx.co.jp/markets/statistics-equities/misc/tvdivq0000001vg2-att/data_j.xls,2026-07-10T23:26:35.886407+00:00
5199.T,5199,不二ラテックス,スタンダード（内国株式）,3350,ゴム製品,0006,自動車・輸送機,-,-,20260630,https://www.jpx.co.jp/markets/statistics-equities/misc/tvdivq0000001vg2-att/data_j.xls,2026-07-10T23:26:35.886407+00:00
5201.T,5201,ＡＧＣ,プライム（内国株式）,3400,ガラス・土石製品,0003,建設・資材,0004,TOPIX Mid400,20260630,https://www.jpx.co.jp/markets/statistics-equities/misc/tvdivq0000001vg2-att/data_j.xls,2026-07-10T23:26:35.886407+00:00
5202.T,5202,日本板硝子,プライム（内国株式）,3400,ガラス・土石製品,0003,建設・資材,0006,TOPIX Small 1,20260630,https://www.jpx.co.jp/markets/statistics-equities/misc/tvdivq0000001vg2-att/data_j.xls,2026-07-10T23:26:35.886407+00:00
5204.T,5204,石塚硝子,スタンダード（内国株式）,3400,ガラス・土石製品,0003,建設・資材,-,-,20260630,https://www.jpx.co.jp/markets/statistics-equities/misc/tvdivq0000001vg2-att/data_j.xls,2026-07-10T23:26:35.886407+00:00
5208.T,5208,有沢製作所,プライム（内国株式）,3200,化学,0004,素材・化学,0006,TOPIX Small 1,20260630,https://www.jpx.co.jp/markets/statistics-equities/misc/tvdivq0000001vg2-att/data_j.xls,2026-07-10T23:26:35.886407+00:00
5210.T,5210,日本山村硝子,スタンダード（内国株式）,3400,ガラス・土石製品,0003,建設・資材,-,-,20260630,https://www.jpx.co.jp/markets/statistics-equities/misc/tvdivq0000001vg2-att/data_j.xls,2026-07-10T23:26:35.886407+00:00
5214.T,5214,日本電気硝子,プライム（内国株式）,3400,ガラス・土石製品,0003,建設・資材,0004,TOPIX Mid400,20260630,https://www.jpx.co.jp/markets/statistics-equities/misc/tvdivq0000001vg2-att/data_j.xls,2026-07-10T23:26:35.886407+00:00
5216.T,5216,倉元製作所,スタンダード（内国株式）,3400,ガラス・土石製品,0003,建設・資材,-,-,20260630,https://www.jpx.co.jp/markets/statistics-equities/misc/tvdivq0000001vg2-att/data_j.xls,2026-07-10T23:26:35.886407+00:00
5218.T,5218,オハラ,スタンダード（内国株式）,3400,ガラス・土石製品,0003,建設・資材,0007,TOPIX Small 2,20260630,https://www.jpx.co.jp/markets/statistics-equities/misc/tvdivq0000001vg2-att/data_j.xls,2026-07-10T23:26:35.886407+00:00
5232.T,5232,住友大阪セメント,プライム（内国株式）,3400,ガラス・土石製品,0003,建設・資材,0004,TOPIX Mid400,20260630,https://www.jpx.co.jp/markets/statistics-equities/misc/tvdivq0000001vg2-att/data_j.xls,2026-07-10T23:26:35.886407+00:00
5233.T,5233,太平洋セメント,プライム（内国株式）,3400,ガラス・土石製品,0003,建設・資材,0004,TOPIX Mid400,20260630,https://www.jpx.co.jp/markets/statistics-equities/misc/tvdivq0000001vg2-att/data_j.xls,2026-07-10T23:26:35.886407+00:00
5237.T,5237,ノザワ,スタンダード（内国株式）,3400,ガラス・土石製品,0003,建設・資材,-,-,20260630,https://www.jpx.co.jp/markets/statistics-equities/misc/tvdivq0000001vg2-att/data_j.xls,2026-07-10T23:26:35.886407+00:00
5240.T,5240,ｍｏｎｏＡＩ　ｔｅｃｈｎｏｌｏｇｙ,グロース（内国株式）,5250,情報・通信業,0010,情報通信・サービスその他,-,-,20260630,https://www.jpx.co.jp/markets/statistics-equities/misc/tvdivq0000001vg2-att/data_j.xls,2026-07-10T23:26:35.886407+00:00
5242.T,5242,アイズ,グロース（内国株式）,5250,情報・通信業,0010,情報通信・サービスその他,-,-,20260630,https://www.jpx.co.jp/markets/statistics-equities/misc/tvdivq0000001vg2-att/data_j.xls,2026-07-10T23:26:35.886407+00:00
5243.T,5243,ｎｏｔｅ,グロース（内国株式）,5250,情報・通信業,0010,情報通信・サービスその他,-,-,20260630,https://www.jpx.co.jp/markets/statistics-equities/misc/tvdivq0000001vg2-att/data_j.xls,2026-07-10T23:26:35.886407+00:00
5244.T,5244,ｊｉｇ．ｊｐ,グロース（内国株式）,5250,情報・通信業,0010,情報通信・サービスその他,-,-,20260630,https://www.jpx.co.jp/markets/statistics-equities/misc/tvdivq0000001vg2-att/data_j.xls,2026-07-10T23:26:35.886407+00:00
5246.T,5246,ＥＬＥＭＥＮＴＳ,グロース（内国株式）,5250,情報・通信業,0010,情報通信・サービスその他,-,-,20260630,https://www.jpx.co.jp/markets/statistics-equities/misc/tvdivq0000001vg2-att/data_j.xls,2026-07-10T23:26:35.886407+00:00
5247.T,5247,ＢＴＭ,グロース（内国株式）,5250,情報・通信業,0010,情報通信・サービスその他,-,-,20260630,https://www.jpx.co.jp/markets/statistics-equities/misc/tvdivq0000001vg2-att/data_j.xls,2026-07-10T23:26:35.886407+00:00
5248.T,5248,テクノロジーズ,グロース（内国株式）,5250,情報・通信業,0010,情報通信・サービスその他,-,-,20260630,https://www.jpx.co.jp/markets/statistics-equities/misc/tvdivq0000001vg2-att/data_j.xls,2026-07-10T23:26:35.886407+00:00
5249.T,5249,あさかわシステムズ,PRO Market,5250,情報・通信業,0010,情報通信・サービスその他,-,-,20260630,https://www.jpx.co.jp/markets/statistics-equities/misc/tvdivq0000001vg2-att/data_j.xls,2026-07-10T23:26:35.886407+00:00
5250.T,5250,ＧＭＯプライム・ストラテジー,スタンダード（内国株式）,5250,情報・通信業,0010,情報通信・サービスその他,-,-,20260630,https://www.jpx.co.jp/markets/statistics-equities/misc/tvdivq0000001vg2-att/data_j.xls,2026-07-10T23:26:35.886407+00:00
5251.T,5251,ウイズ・ワン,PRO Market,5250,情報・通信業,0010,情報通信・サービスその他,-,-,20260630,https://www.jpx.co.jp/markets/statistics-equities/misc/tvdivq0000001vg2-att/data_j.xls,2026-07-10T23:26:35.886407+00:00
5252.T,5252,日本ナレッジ,グロース（内国株式）,5250,情報・通信業,0010,情報通信・サービスその他,-,-,20260630,https://www.jpx.co.jp/markets/statistics-equities/misc/tvdivq0000001vg2-att/data_j.xls,2026-07-10T23:26:35.886407+00:00
5253.T,5253,カバー,グロース（内国株式）,5250,情報・通信業,0010,情報通信・サービスその他,-,-,20260630,https://www.jpx.co.jp/markets/statistics-equities/misc/tvdivq0000001vg2-att/data_j.xls,2026-07-10T23:26:35.886407+00:00
5254.T,5254,Ａｒｅｎｔ,グロース（内国株式）,5250,情報・通信業,0010,情報通信・サービスその他,-,-,20260630,https://www.jpx.co.jp/markets/statistics-equities/misc/tvdivq0000001vg2-att/data_j.xls,2026-07-10T23:26:35.886407+00:00
5255.T,5255,モンスターラボ,グロース（内国株式）,5250,情報・通信業,0010,情報通信・サービスその他,-,-,20260630,https://www.jpx.co.jp/markets/statistics-equities/misc/tvdivq0000001vg2-att/data_j.xls,2026-07-10T23:26:35.886407+00:00
5256.T,5256,Ｆｕｓｉｃ,グロース（内国株式）,5250,情報・通信業,0010,情報通信・サービスその他,-,-,20260630,https://www.jpx.co.jp/markets/statistics-equities/misc/tvdivq0000001vg2-att/data_j.xls,2026-07-10T23:26:35.886407+00:00
5257.T,5257,ノバシステム,スタンダード（内国株式）,5250,情報・通信業,0010,情報通信・サービスその他,-,-,20260630,https://www.jpx.co.jp/markets/statistics-equities/misc/tvdivq0000001vg2-att/data_j.xls,2026-07-10T23:26:35.886407+00:00
5258.T,5258,トランザクション・メディア・ネットワークス,グロース（内国株式）,5250,情報・通信業,0010,情報通信・サービスその他,-,-,20260630,https://www.jpx.co.jp/markets/statistics-equities/misc/tvdivq0000001vg2-att/data_j.xls,2026-07-10T23:26:35.886407+00:00
5261.T,5261,リソルホールディングス,プライム（内国株式）,9050,サービス業,0010,情報通信・サービスその他,-,-,20260630,https://www.jpx.co.jp/markets/statistics-equities/misc/tvdivq0000001vg2-att/data_j.xls,2026-07-10T23:26:35.886407+00:00
5262.T,5262,日本ヒューム,プライム（内国株式）,3400,ガラス・土石製品,0003,建設・資材,0006,TOPIX Small 1,20260630,https://www.jpx.co.jp/markets/statistics-equities/misc/tvdivq0000001vg2-att/data_j.xls,2026-07-10T23:26:35.886407+00:00
5268.T,5268,旭コンクリート工業,スタンダード（内国株式）,3400,ガラス・土石製品,0003,建設・資材,-,-,20260630,https://www.jpx.co.jp/markets/statistics-equities/misc/tvdivq0000001vg2-att/data_j.xls,2026-07-10T23:26:35.886407+00:00
5269.T,5269,日本コンクリート工業,プライム（内国株式）,3400,ガラス・土石製品,0003,建設・資材,0007,TOPIX Small 2,20260630,https://www.jpx.co.jp/markets/statistics-equities/misc/tvdivq0000001vg2-att/data_j.xls,2026-07-10T23:26:35.886407+00:00
5271.T,5271,トーヨーアサノ,スタンダード（内国株式）,3400,ガラス・土石製品,0003,建設・資材,-,-,20260630,https://www.jpx.co.jp/markets/statistics-equities/misc/tvdivq0000001vg2-att/data_j.xls,2026-07-10T23:26:35.886407+00:00
5273.T,5273,三谷セキサン,スタンダード（内国株式）,3400,ガラス・土石製品,0003,建設・資材,0007,TOPIX Small 2,20260630,https://www.jpx.co.jp/markets/statistics-equities/misc/tvdivq0000001vg2-att/data_j.xls,2026-07-10T23:26:35.886407+00:00
5279.T,5279,日本興業,スタンダード（内国株式）,3400,ガラス・土石製品,0003,建設・資材,-,-,20260630,https://www.jpx.co.jp/markets/statistics-equities/misc/tvdivq0000001vg2-att/data_j.xls,2026-07-10T23:26:35.886407+00:00
5280.T,5280,ヨシコン,スタンダード（内国株式）,8050,不動産業,0017,不動産,-,-,20260630,https://www.jpx.co.jp/markets/statistics-equities/misc/tvdivq0000001vg2-att/data_j.xls,2026-07-10T23:26:35.886407+00:00
5282.T,5282,ジオスター,スタンダード（内国株式）,3400,ガラス・土石製品,0003,建設・資材,-,-,20260630,https://www.jpx.co.jp/markets/statistics-equities/misc/tvdivq0000001vg2-att/data_j.xls,2026-07-10T23:26:35.886407+00:00
5283.T,5283,高見澤,スタンダード（内国株式）,6050,卸売業,0013,商社・卸売,-,-,20260630,https://www.jpx.co.jp/markets/statistics-equities/misc/tvdivq0000001vg2-att/data_j.xls,2026-07-10T23:26:35.886407+00:00
5284.T,5284,ヤマウホールディングス,スタンダード（内国株式）,3400,ガラス・土石製品,0003,建設・資材,-,-,20260630,https://www.jpx.co.jp/markets/statistics-equities/misc/tvdivq0000001vg2-att/data_j.xls,2026-07-10T23:26:35.886407+00:00
5285.T,5285,ヤマックス,スタンダード（内国株式）,3400,ガラス・土石製品,0003,建設・資材,-,-,20260630,https://www.jpx.co.jp/markets/statistics-equities/misc/tvdivq0000001vg2-att/data_j.xls,2026-07-10T23:26:35.886407+00:00
5287.T,5287,イトーヨーギョー,スタンダード（内国株式）,3400,ガラス・土石製品,0003,建設・資材,-,-,20260630,https://www.jpx.co.jp/markets/statistics-equities/misc/tvdivq0000001vg2-att/data_j.xls,2026-07-10T23:26:35.886407+00:00
5288.T,5288,アジアパイルホールディングス,プライム（内国株式）,3400,ガラス・土石製品,0003,建設・資材,0007,TOPIX Small 2,20260630,https://www.jpx.co.jp/markets/statistics-equities/misc/tvdivq0000001vg2-att/data_j.xls,2026-07-10T23:26:35.886407+00:00
5290.T,5290,ベルテクスコーポレーション,スタンダード（内国株式）,3400,ガラス・土石製品,0003,建設・資材,-,-,20260630,https://www.jpx.co.jp/markets/statistics-equities/misc/tvdivq0000001vg2-att/data_j.xls,2026-07-10T23:26:35.886407+00:00
5301.T,5301,東海カーボン,プライム（内国株式）,3400,ガラス・土石製品,0003,建設・資材,0004,TOPIX Mid400,20260630,https://www.jpx.co.jp/markets/statistics-equities/misc/tvdivq0000001vg2-att/data_j.xls,2026-07-10T23:26:35.886407+00:00
5302.T,5302,日本カーボン,プライム（内国株式）,3400,ガラス・土石製品,0003,建設・資材,0006,TOPIX Small 1,20260630,https://www.jpx.co.jp/markets/statistics-equities/misc/tvdivq0000001vg2-att/data_j.xls,2026-07-10T23:26:35.886407+00:00
5304.T,5304,ＳＥＣカーボン,スタンダード（内国株式）,3400,ガラス・土石製品,0003,建設・資材,-,-,20260630,https://www.jpx.co.jp/markets/statistics-equities/misc/tvdivq0000001vg2-att/data_j.xls,2026-07-10T23:26:35.886407+00:00
5310.T,5310,東洋炭素,プライム（内国株式）,3400,ガラス・土石製品,0003,建設・資材,0006,TOPIX Small 1,20260630,https://www.jpx.co.jp/markets/statistics-equities/misc/tvdivq0000001vg2-att/data_j.xls,2026-07-10T23:26:35.886407+00:00
5331.T,5331,ノリタケ,プライム（内国株式）,3400,ガラス・土石製品,0003,建設・資材,0006,TOPIX Small 1,20260630,https://www.jpx.co.jp/markets/statistics-equities/misc/tvdivq0000001vg2-att/data_j.xls,2026-07-10T23:26:35.886407+00:00
5332.T,5332,ＴＯＴＯ,プライム（内国株式）,3400,ガラス・土石製品,0003,建設・資材,0004,TOPIX Mid400,20260630,https://www.jpx.co.jp/markets/statistics-equities/misc/tvdivq0000001vg2-att/data_j.xls,2026-07-10T23:26:35.886407+00:00
5333.T,5333,ＮＧＫ,プライム（内国株式）,3400,ガラス・土石製品,0003,建設・資材,0004,TOPIX Mid400,20260630,https://www.jpx.co.jp/markets/statistics-equities/misc/tvdivq0000001vg2-att/data_j.xls,2026-07-10T23:26:35.886407+00:00
5334.T,5334,日本特殊陶業,プライム（内国株式）,3400,ガラス・土石製品,0003,建設・資材,0004,TOPIX Mid400,20260630,https://www.jpx.co.jp/markets/statistics-equities/misc/tvdivq0000001vg2-att/data_j.xls,2026-07-10T23:26:35.886407+00:00
5337.T,5337,ダントーホールディングス,スタンダード（内国株式）,3400,ガラス・土石製品,0003,建設・資材,-,-,20260630,https://www.jpx.co.jp/markets/statistics-equities/misc/tvdivq0000001vg2-att/data_j.xls,2026-07-10T23:26:35.886407+00:00
5341.T,5341,ＡＳＡＨＩ　ＥＩＴＯホールディングス,スタンダード（内国株式）,3400,ガラス・土石製品,0003,建設・資材,-,-,20260630,https://www.jpx.co.jp/markets/statistics-equities/misc/tvdivq0000001vg2-att/data_j.xls,2026-07-10T23:26:35.886407+00:00
5344.T,5344,ＭＡＲＵＷＡ,プライム（内国株式）,3400,ガラス・土石製品,0003,建設・資材,0004,TOPIX Mid400,20260630,https://www.jpx.co.jp/markets/statistics-equities/misc/tvdivq0000001vg2-att/data_j.xls,2026-07-10T23:26:35.886407+00:00
5351.T,5351,品川リフラ,プライム（内国株式）,3400,ガラス・土石製品,0003,建設・資材,0006,TOPIX Small 1,20260630,https://www.jpx.co.jp/markets/statistics-equities/misc/tvdivq0000001vg2-att/data_j.xls,2026-07-10T23:26:35.886407+00:00
5355.T,5355,日本坩堝,スタンダード（内国株式）,3400,ガラス・土石製品,0003,建設・資材,-,-,20260630,https://www.jpx.co.jp/markets/statistics-equities/misc/tvdivq0000001vg2-att/data_j.xls,2026-07-10T23:26:35.886407+00:00
5356.T,5356,美濃窯業,スタンダード（内国株式）,3400,ガラス・土石製品,0003,建設・資材,-,-,20260630,https://www.jpx.co.jp/markets/statistics-equities/misc/tvdivq0000001vg2-att/data_j.xls,2026-07-10T23:26:35.886407+00:00
5357.T,5357,ヨータイ,プライム（内国株式）,3400,ガラス・土石製品,0003,建設・資材,0007,TOPIX Small 2,20260630,https://www.jpx.co.jp/markets/statistics-equities/misc/tvdivq0000001vg2-att/data_j.xls,2026-07-10T23:26:35.886407+00:00
5363.T,5363,東京窯業,スタンダード（内国株式）,3400,ガラス・土石製品,0003,建設・資材,-,-,20260630,https://www.jpx.co.jp/markets/statistics-equities/misc/tvdivq0000001vg2-att/data_j.xls,2026-07-10T23:26:35.886407+00:00
5367.T,5367,ニッカトー,スタンダード（内国株式）,3400,ガラス・土石製品,0003,建設・資材,-,-,20260630,https://www.jpx.co.jp/markets/statistics-equities/misc/tvdivq0000001vg2-att/data_j.xls,2026-07-10T23:26:35.886407+00:00
5368.T,5368,日本インシュレーション,スタンダード（内国株式）,3400,ガラス・土石製品,0003,建設・資材,-,-,20260630,https://www.jpx.co.jp/markets/statistics-equities/misc/tvdivq0000001vg2-att/data_j.xls,2026-07-10T23:26:35.886407+00:00
5380.T,5380,新東,スタンダード（内国株式）,3400,ガラス・土石製品,0003,建設・資材,-,-,20260630,https://www.jpx.co.jp/markets/statistics-equities/misc/tvdivq0000001vg2-att/data_j.xls,2026-07-10T23:26:35.886407+00:00
5381.T,5381,マイポックス,スタンダード（内国株式）,3400,ガラス・土石製品,0003,建設・資材,-,-,20260630,https://www.jpx.co.jp/markets/statistics-equities/misc/tvdivq0000001vg2-att/data_j.xls,2026-07-10T23:26:35.886407+00:00
5384.T,5384,フジミインコーポレーテッド,プライム（内国株式）,3400,ガラス・土石製品,0003,建設・資材,0006,TOPIX Small 1,20260630,https://www.jpx.co.jp/markets/statistics-equities/misc/tvdivq0000001vg2-att/data_j.xls,2026-07-10T23:26:35.886407+00:00
5388.T,5388,クニミネ工業,スタンダード（内国株式）,3400,ガラス・土石製品,0003,建設・資材,-,-,20260630,https://www.jpx.co.jp/markets/statistics-equities/misc/tvdivq0000001vg2-att/data_j.xls,2026-07-10T23:26:35.886407+00:00
5391.T,5391,エーアンドエーマテリアル,スタンダード（内国株式）,3400,ガラス・土石製品,0003,建設・資材,-,-,20260630,https://www.jpx.co.jp/markets/statistics-equities/misc/tvdivq0000001vg2-att/data_j.xls,2026-07-10T23:26:35.886407+00:00
5393.T,5393,ニチアス,プライム（内国株式）,3400,ガラス・土石製品,0003,建設・資材,0004,TOPIX Mid400,20260630,https://www.jpx.co.jp/markets/statistics-equities/misc/tvdivq0000001vg2-att/data_j.xls,2026-07-10T23:26:35.886407+00:00
5401.T,5401,日本製鉄,プライム（内国株式）,3450,鉄鋼,0007,鉄鋼・非鉄,0002,TOPIX Large70,20260630,https://www.jpx.co.jp/markets/statistics-equities/misc/tvdivq0000001vg2-att/data_j.xls,2026-07-10T23:26:35.886407+00:00
5406.T,5406,神戸製鋼所,プライム（内国株式）,3450,鉄鋼,0007,鉄鋼・非鉄,0004,TOPIX Mid400,20260630,https://www.jpx.co.jp/markets/statistics-equities/misc/tvdivq0000001vg2-att/data_j.xls,2026-07-10T23:26:35.886407+00:00
5408.T,5408,中山製鋼所,プライム（内国株式）,3450,鉄鋼,0007,鉄鋼・非鉄,0007,TOPIX Small 2,20260630,https://www.jpx.co.jp/markets/statistics-equities/misc/tvdivq0000001vg2-att/data_j.xls,2026-07-10T23:26:35.886407+00:00
5410.T,5410,合同製鐵,プライム（内国株式）,3450,鉄鋼,0007,鉄鋼・非鉄,0006,TOPIX Small 1,20260630,https://www.jpx.co.jp/markets/statistics-equities/misc/tvdivq0000001vg2-att/data_j.xls,2026-07-10T23:26:35.886407+00:00
5411.T,5411,ＪＦＥホールディングス,プライム（内国株式）,3450,鉄鋼,0007,鉄鋼・非鉄,0004,TOPIX Mid400,20260630,https://www.jpx.co.jp/markets/statistics-equities/misc/tvdivq0000001vg2-att/data_j.xls,2026-07-10T23:26:35.886407+00:00
5423.T,5423,東京製鐵,プライム（内国株式）,3450,鉄鋼,0007,鉄鋼・非鉄,0006,TOPIX Small 1,20260630,https://www.jpx.co.jp/markets/statistics-equities/misc/tvdivq0000001vg2-att/data_j.xls,2026-07-10T23:26:35.886407+00:00
5440.T,5440,共英製鋼,プライム（内国株式）,3450,鉄鋼,0007,鉄鋼・非鉄,0006,TOPIX Small 1,20260630,https://www.jpx.co.jp/markets/statistics-equities/misc/tvdivq0000001vg2-att/data_j.xls,2026-07-10T23:26:35.886407+00:00
5444.T,5444,大和工業,プライム（内国株式）,3450,鉄鋼,0007,鉄鋼・非鉄,0004,TOPIX Mid400,20260630,https://www.jpx.co.jp/markets/statistics-equities/misc/tvdivq0000001vg2-att/data_j.xls,2026-07-10T23:26:35.886407+00:00
5445.T,5445,東京鐵鋼,プライム（内国株式）,3450,鉄鋼,0007,鉄鋼・非鉄,0006,TOPIX Small 1,20260630,https://www.jpx.co.jp/markets/statistics-equities/misc/tvdivq0000001vg2-att/data_j.xls,2026-07-10T23:26:35.886407+00:00
5446.T,5446,北越メタル,スタンダード（内国株式）,3450,鉄鋼,0007,鉄鋼・非鉄,-,-,20260630,https://www.jpx.co.jp/markets/statistics-equities/misc/tvdivq0000001vg2-att/data_j.xls,2026-07-10T23:26:35.886407+00:00
5449.T,5449,大阪製鐵,スタンダード（内国株式）,3450,鉄鋼,0007,鉄鋼・非鉄,0007,TOPIX Small 2,20260630,https://www.jpx.co.jp/markets/statistics-equities/misc/tvdivq0000001vg2-att/data_j.xls,2026-07-10T23:26:35.886407+00:00
5451.T,5451,ヨドコウ,プライム（内国株式）,3450,鉄鋼,0007,鉄鋼・非鉄,0006,TOPIX Small 1,20260630,https://www.jpx.co.jp/markets/statistics-equities/misc/tvdivq0000001vg2-att/data_j.xls,2026-07-10T23:26:35.886407+00:00
5458.T,5458,高砂鐵工,スタンダード（内国株式）,3450,鉄鋼,0007,鉄鋼・非鉄,-,-,20260630,https://www.jpx.co.jp/markets/statistics-equities/misc/tvdivq0000001vg2-att/data_j.xls,2026-07-10T23:26:35.886407+00:00
5461.T,5461,中部鋼鈑,プライム（内国株式）,3450,鉄鋼,0007,鉄鋼・非鉄,0006,TOPIX Small 1,20260630,https://www.jpx.co.jp/markets/statistics-equities/misc/tvdivq0000001vg2-att/data_j.xls,2026-07-10T23:26:35.886407+00:00
5463.T,5463,丸一鋼管,プライム（内国株式）,3450,鉄鋼,0007,鉄鋼・非鉄,0004,TOPIX Mid400,20260630,https://www.jpx.co.jp/markets/statistics-equities/misc/tvdivq0000001vg2-att/data_j.xls,2026-07-10T23:26:35.886407+00:00
5464.T,5464,モリ工業,スタンダード（内国株式）,3450,鉄鋼,0007,鉄鋼・非鉄,0007,TOPIX Small 2,20260630,https://www.jpx.co.jp/markets/statistics-equities/misc/tvdivq0000001vg2-att/data_j.xls,2026-07-10T23:26:35.886407+00:00
5471.T,5471,大同特殊鋼,プライム（内国株式）,3450,鉄鋼,0007,鉄鋼・非鉄,0004,TOPIX Mid400,20260630,https://www.jpx.co.jp/markets/statistics-equities/misc/tvdivq0000001vg2-att/data_j.xls,2026-07-10T23:26:35.886407+00:00
5480.T,5480,日本冶金工業,プライム（内国株式）,3450,鉄鋼,0007,鉄鋼・非鉄,0006,TOPIX Small 1,20260630,https://www.jpx.co.jp/markets/statistics-equities/misc/tvdivq0000001vg2-att/data_j.xls,2026-07-10T23:26:35.886407+00:00
5482.T,5482,愛知製鋼,プライム（内国株式）,3450,鉄鋼,0007,鉄鋼・非鉄,0006,TOPIX Small 1,20260630,https://www.jpx.co.jp/markets/statistics-equities/misc/tvdivq0000001vg2-att/data_j.xls,2026-07-10T23:26:35.886407+00:00
5484.T,5484,東北特殊鋼,スタンダード（内国株式）,3450,鉄鋼,0007,鉄鋼・非鉄,-,-,20260630,https://www.jpx.co.jp/markets/statistics-equities/misc/tvdivq0000001vg2-att/data_j.xls,2026-07-10T23:26:35.886407+00:00
5491.T,5491,日本金属,スタンダード（内国株式）,3450,鉄鋼,0007,鉄鋼・非鉄,-,-,20260630,https://www.jpx.co.jp/markets/statistics-equities/misc/tvdivq0000001vg2-att/data_j.xls,2026-07-10T23:26:35.886407+00:00
5525.T,5525,フロンティアホールディングス,PRO Market,8050,不動産業,0017,不動産,-,-,20260630,https://www.jpx.co.jp/markets/statistics-equities/misc/tvdivq0000001vg2-att/data_j.xls,2026-07-10T23:26:35.886407+00:00
5527.T,5527,ｐｒｏｐｅｒｔｙ　ｔｅｃｈｎｏｌｏｇｉｅｓ,グロース（内国株式）,8050,不動産業,0017,不動産,-,-,20260630,https://www.jpx.co.jp/markets/statistics-equities/misc/tvdivq0000001vg2-att/data_j.xls,2026-07-10T23:26:35.886407+00:00
5528.T,5528,フロンティアハウス,PRO Market,8050,不動産業,0017,不動産,-,-,20260630,https://www.jpx.co.jp/markets/statistics-equities/misc/tvdivq0000001vg2-att/data_j.xls,2026-07-10T23:26:35.886407+00:00
5531.T,5531,エヌバイテクノロジーズ,PRO Market,8050,不動産業,0017,不動産,-,-,20260630,https://www.jpx.co.jp/markets/statistics-equities/misc/tvdivq0000001vg2-att/data_j.xls,2026-07-10T23:26:35.886407+00:00
5532.T,5532,リアルゲイト,グロース（内国株式）,8050,不動産業,0017,不動産,-,-,20260630,https://www.jpx.co.jp/markets/statistics-equities/misc/tvdivq0000001vg2-att/data_j.xls,2026-07-10T23:26:35.886407+00:00
5533.T,5533,エリッツホールディングス,スタンダード（内国株式）,8050,不動産業,0017,不動産,-,-,20260630,https://www.jpx.co.jp/markets/statistics-equities/misc/tvdivq0000001vg2-att/data_j.xls,2026-07-10T23:26:35.886407+00:00
5534.T,5534,エンゼルグループ,PRO Market,8050,不動産業,0017,不動産,-,-,20260630,https://www.jpx.co.jp/markets/statistics-equities/misc/tvdivq0000001vg2-att/data_j.xls,2026-07-10T23:26:35.886407+00:00
5535.T,5535,ミガロホールディングス,プライム（内国株式）,8050,不動産業,0017,不動産,-,-,20260630,https://www.jpx.co.jp/markets/statistics-equities/misc/tvdivq0000001vg2-att/data_j.xls,2026-07-10T23:26:35.886407+00:00
5536.T,5536,京橋アートレジデンス,PRO Market,8050,不動産業,0017,不動産,-,-,20260630,https://www.jpx.co.jp/markets/statistics-equities/misc/tvdivq0000001vg2-att/data_j.xls,2026-07-10T23:26:35.886407+00:00
5537.T,5537,ＡｌｂａＬｉｎｋ,グロース（内国株式）,8050,不動産業,0017,不動産,-,-,20260630,https://www.jpx.co.jp/markets/statistics-equities/misc/tvdivq0000001vg2-att/data_j.xls,2026-07-10T23:26:35.886407+00:00
5541.T,5541,大平洋金属,プライム（内国株式）,3450,鉄鋼,0007,鉄鋼・非鉄,0007,TOPIX Small 2,20260630,https://www.jpx.co.jp/markets/statistics-equities/misc/tvdivq0000001vg2-att/data_j.xls,2026-07-10T23:26:35.886407+00:00
5542.T,5542,新報国マテリアル,スタンダード（内国株式）,3450,鉄鋼,0007,鉄鋼・非鉄,-,-,20260630,https://www.jpx.co.jp/markets/statistics-equities/misc/tvdivq0000001vg2-att/data_j.xls,2026-07-10T23:26:35.886407+00:00
5563.T,5563,新日本電工,プライム（内国株式）,3450,鉄鋼,0007,鉄鋼・非鉄,0006,TOPIX Small 1,20260630,https://www.jpx.co.jp/markets/statistics-equities/misc/tvdivq0000001vg2-att/data_j.xls,2026-07-10T23:26:35.886407+00:00
5570.T,5570,ジェノバ,グロース（内国株式）,5250,情報・通信業,0010,情報通信・サービスその他,-,-,20260630,https://www.jpx.co.jp/markets/statistics-equities/misc/tvdivq0000001vg2-att/data_j.xls,2026-07-10T23:26:35.886407+00:00
5571.T,5571,エキサイトホールディングス,スタンダード（内国株式）,5250,情報・通信業,0010,情報通信・サービスその他,-,-,20260630,https://www.jpx.co.jp/markets/statistics-equities/misc/tvdivq0000001vg2-att/data_j.xls,2026-07-10T23:26:35.886407+00:00
5572.T,5572,Ｒｉｄｇｅ－ｉ,グロース（内国株式）,5250,情報・通信業,0010,情報通信・サービスその他,-,-,20260630,https://www.jpx.co.jp/markets/statistics-equities/misc/tvdivq0000001vg2-att/data_j.xls,2026-07-10T23:26:35.886407+00:00
5573.T,5573,働楽ホールディングス,PRO Market,5250,情報・通信業,0010,情報通信・サービスその他,-,-,20260630,https://www.jpx.co.jp/markets/statistics-equities/misc/tvdivq0000001vg2-att/data_j.xls,2026-07-10T23:26:35.886407+00:00
5574.T,5574,ＡＢＥＪＡ,グロース（内国株式）,5250,情報・通信業,0010,情報通信・サービスその他,-,-,20260630,https://www.jpx.co.jp/markets/statistics-equities/misc/tvdivq0000001vg2-att/data_j.xls,2026-07-10T23:26:35.886407+00:00
5575.T,5575,Ｇｌｏｂｅｅ,グロース（内国株式）,5250,情報・通信業,0010,情報通信・サービスその他,-,-,20260630,https://www.jpx.co.jp/markets/statistics-equities/misc/tvdivq0000001vg2-att/data_j.xls,2026-07-10T23:26:35.886407+00:00
5576.T,5576,オービーシステム,スタンダード（内国株式）,5250,情報・通信業,0010,情報通信・サービスその他,-,-,20260630,https://www.jpx.co.jp/markets/statistics-equities/misc/tvdivq0000001vg2-att/data_j.xls,2026-07-10T23:26:35.886407+00:00
5578.T,5578,ＡＲアドバンストテクノロジ,グロース（内国株式）,5250,情報・通信業,0010,情報通信・サービスその他,-,-,20260630,https://www.jpx.co.jp/markets/statistics-equities/misc/tvdivq0000001vg2-att/data_j.xls,2026-07-10T23:26:35.886407+00:00
5580.T,5580,プロディライト,グロース（内国株式）,5250,情報・通信業,0010,情報通信・サービスその他,-,-,20260630,https://www.jpx.co.jp/markets/statistics-equities/misc/tvdivq0000001vg2-att/data_j.xls,2026-07-10T23:26:35.886407+00:00
5581.T,5581,カイテクノロジー,PRO Market,5250,情報・通信業,0010,情報通信・サービスその他,-,-,20260630,https://www.jpx.co.jp/markets/statistics-equities/misc/tvdivq0000001vg2-att/data_j.xls,2026-07-10T23:26:35.886407+00:00
5582.T,5582,グリッド,グロース（内国株式）,5250,情報・通信業,0010,情報通信・サービスその他,-,-,20260630,https://www.jpx.co.jp/markets/statistics-equities/misc/tvdivq0000001vg2-att/data_j.xls,2026-07-10T23:26:35.886407+00:00
5584.T,5584,Ｓｔｒａｗｂｅｒｒｙ　ｊａｍｓ,PRO Market,5250,情報・通信業,0010,情報通信・サービスその他,-,-,20260630,https://www.jpx.co.jp/markets/statistics-equities/misc/tvdivq0000001vg2-att/data_j.xls,2026-07-10T23:26:35.886407+00:00
5586.T,5586,Ｌａｂｏｒｏ．ＡＩ,グロース（内国株式）,5250,情報・通信業,0010,情報通信・サービスその他,-,-,20260630,https://www.jpx.co.jp/markets/statistics-equities/misc/tvdivq0000001vg2-att/data_j.xls,2026-07-10T23:26:35.886407+00:00
5587.T,5587,インバウンドプラットフォーム,グロース（内国株式）,5250,情報・通信業,0010,情報通信・サービスその他,-,-,20260630,https://www.jpx.co.jp/markets/statistics-equities/misc/tvdivq0000001vg2-att/data_j.xls,2026-07-10T23:26:35.886407+00:00
5588.T,5588,ファーストアカウンティング,グロース（内国株式）,5250,情報・通信業,0010,情報通信・サービスその他,-,-,20260630,https://www.jpx.co.jp/markets/statistics-equities/misc/tvdivq0000001vg2-att/data_j.xls,2026-07-10T23:26:35.886407+00:00
5589.T,5589,オートサーバー,スタンダード（内国株式）,5250,情報・通信業,0010,情報通信・サービスその他,-,-,20260630,https://www.jpx.co.jp/markets/statistics-equities/misc/tvdivq0000001vg2-att/data_j.xls,2026-07-10T23:26:35.886407+00:00
5590.T,5590,ネットスターズ,グロース（内国株式）,5250,情報・通信業,0010,情報通信・サービスその他,-,-,20260630,https://www.jpx.co.jp/markets/statistics-equities/misc/tvdivq0000001vg2-att/data_j.xls,2026-07-10T23:26:35.886407+00:00
5591.T,5591,ＡＶＩＬＥＮ,グロース（内国株式）,5250,情報・通信業,0010,情報通信・サービスその他,-,-,20260630,https://www.jpx.co.jp/markets/statistics-equities/misc/tvdivq0000001vg2-att/data_j.xls,2026-07-10T23:26:35.886407+00:00
5592.T,5592,くすりの窓口,グロース（内国株式）,5250,情報・通信業,0010,情報通信・サービスその他,-,-,20260630,https://www.jpx.co.jp/markets/statistics-equities/misc/tvdivq0000001vg2-att/data_j.xls,2026-07-10T23:26:35.886407+00:00
5594.T,5594,エム・デー・ビー,PRO Market,5250,情報・通信業,0010,情報通信・サービスその他,-,-,20260630,https://www.jpx.co.jp/markets/statistics-equities/misc/tvdivq0000001vg2-att/data_j.xls,2026-07-10T23:26:35.886407+00:00
5597.T,5597,ブルーイノベーション,グロース（内国株式）,5250,情報・通信業,0010,情報通信・サービスその他,-,-,20260630,https://www.jpx.co.jp/markets/statistics-equities/misc/tvdivq0000001vg2-att/data_j.xls,2026-07-10T23:26:35.886407+00:00
5598.T,5598,Ｙｏｔｔａｖｉａｓ,PRO Market,5250,情報・通信業,0010,情報通信・サービスその他,-,-,20260630,https://www.jpx.co.jp/markets/statistics-equities/misc/tvdivq0000001vg2-att/data_j.xls,2026-07-10T23:26:35.886407+00:00
5599.T,5599,Ｓ＆Ｊ,グロース（内国株式）,5250,情報・通信業,0010,情報通信・サービスその他,-,-,20260630,https://www.jpx.co.jp/markets/statistics-equities/misc/tvdivq0000001vg2-att/data_j.xls,2026-07-10T23:26:35.886407+00:00
5602.T,5602,栗本鐵工所,プライム（内国株式）,3450,鉄鋼,0007,鉄鋼・非鉄,0006,TOPIX Small 1,20260630,https://www.jpx.co.jp/markets/statistics-equities/misc/tvdivq0000001vg2-att/data_j.xls,2026-07-10T23:26:35.886407+00:00
5603.T,5603,虹技,スタンダード（内国株式）,3450,鉄鋼,0007,鉄鋼・非鉄,-,-,20260630,https://www.jpx.co.jp/markets/statistics-equities/misc/tvdivq0000001vg2-att/data_j.xls,2026-07-10T23:26:35.886407+00:00
5609.T,5609,日本鋳造,スタンダード（内国株式）,3450,鉄鋼,0007,鉄鋼・非鉄,-,-,20260630,https://www.jpx.co.jp/markets/statistics-equities/misc/tvdivq0000001vg2-att/data_j.xls,2026-07-10T23:26:35.886407+00:00
5612.T,5612,日本鋳鉄管,スタンダード（内国株式）,3450,鉄鋼,0007,鉄鋼・非鉄,-,-,20260630,https://www.jpx.co.jp/markets/statistics-equities/misc/tvdivq0000001vg2-att/data_j.xls,2026-07-10T23:26:35.886407+00:00
5616.T,5616,雨風太陽,グロース（内国株式）,5250,情報・通信業,0010,情報通信・サービスその他,-,-,20260630,https://www.jpx.co.jp/markets/statistics-equities/misc/tvdivq0000001vg2-att/data_j.xls,2026-07-10T23:26:35.886407+00:00
5617.T,5617,ウィル・ドゥ,PRO Market,5250,情報・通信業,0010,情報通信・サービスその他,-,-,20260630,https://www.jpx.co.jp/markets/statistics-equities/misc/tvdivq0000001vg2-att/data_j.xls,2026-07-10T23:26:35.886407+00:00
5618.T,5618,ナイル,グロース（内国株式）,5250,情報・通信業,0010,情報通信・サービスその他,-,-,20260630,https://www.jpx.co.jp/markets/statistics-equities/misc/tvdivq0000001vg2-att/data_j.xls,2026-07-10T23:26:35.886407+00:00
5619.T,5619,マーソ,グロース（内国株式）,5250,情報・通信業,0010,情報通信・サービスその他,-,-,20260630,https://www.jpx.co.jp/markets/statistics-equities/misc/tvdivq0000001vg2-att/data_j.xls,2026-07-10T23:26:35.886407+00:00
5620.T,5620,エスピーオー,PRO Market,5250,情報・通信業,0010,情報通信・サービスその他,-,-,20260630,https://www.jpx.co.jp/markets/statistics-equities/misc/tvdivq0000001vg2-att/data_j.xls,2026-07-10T23:26:35.886407+00:00
5621.T,5621,ヒューマンテクノロジーズ,グロース（内国株式）,5250,情報・通信業,0010,情報通信・サービスその他,-,-,20260630,https://www.jpx.co.jp/markets/statistics-equities/misc/tvdivq0000001vg2-att/data_j.xls,2026-07-10T23:26:35.886407+00:00
5622.T,5622,ワンビ,PRO Market,5250,情報・通信業,0010,情報通信・サービスその他,-,-,20260630,https://www.jpx.co.jp/markets/statistics-equities/misc/tvdivq0000001vg2-att/data_j.xls,2026-07-10T23:26:35.886407+00:00
5631.T,5631,日本製鋼所,プライム（内国株式）,3600,機械,0008,機械,0004,TOPIX Mid400,20260630,https://www.jpx.co.jp/markets/statistics-equities/misc/tvdivq0000001vg2-att/data_j.xls,2026-07-10T23:26:35.886407+00:00
5632.T,5632,三菱製鋼,プライム（内国株式）,3450,鉄鋼,0007,鉄鋼・非鉄,0007,TOPIX Small 2,20260630,https://www.jpx.co.jp/markets/statistics-equities/misc/tvdivq0000001vg2-att/data_j.xls,2026-07-10T23:26:35.886407+00:00
5644.T,5644,メタルアート,スタンダード（内国株式）,3450,鉄鋼,0007,鉄鋼・非鉄,-,-,20260630,https://www.jpx.co.jp/markets/statistics-equities/misc/tvdivq0000001vg2-att/data_j.xls,2026-07-10T23:26:35.886407+00:00
5658.T,5658,日亜鋼業,スタンダード（内国株式）,3450,鉄鋼,0007,鉄鋼・非鉄,-,-,20260630,https://www.jpx.co.jp/markets/statistics-equities/misc/tvdivq0000001vg2-att/data_j.xls,2026-07-10T23:26:35.886407+00:00
5659.T,5659,日本精線,プライム（内国株式）,3450,鉄鋼,0007,鉄鋼・非鉄,0007,TOPIX Small 2,20260630,https://www.jpx.co.jp/markets/statistics-equities/misc/tvdivq0000001vg2-att/data_j.xls,2026-07-10T23:26:35.886407+00:00
5660.T,5660,神鋼鋼線工業,スタンダード（内国株式）,3450,鉄鋼,0007,鉄鋼・非鉄,-,-,20260630,https://www.jpx.co.jp/markets/statistics-equities/misc/tvdivq0000001vg2-att/data_j.xls,2026-07-10T23:26:35.886407+00:00
5695.T,5695,パウダーテック,スタンダード（内国株式）,3450,鉄鋼,0007,鉄鋼・非鉄,-,-,20260630,https://www.jpx.co.jp/markets/statistics-equities/misc/tvdivq0000001vg2-att/data_j.xls,2026-07-10T23:26:35.886407+00:00
5697.T,5697,サンユウ,スタンダード（内国株式）,3450,鉄鋼,0007,鉄鋼・非鉄,-,-,20260630,https://www.jpx.co.jp/markets/statistics-equities/misc/tvdivq0000001vg2-att/data_j.xls,2026-07-10T23:26:35.886407+00:00
5698.T,5698,エンビプロ・ホールディングス,スタンダード（内国株式）,3450,鉄鋼,0007,鉄鋼・非鉄,0007,TOPIX Small 2,20260630,https://www.jpx.co.jp/markets/statistics-equities/misc/tvdivq0000001vg2-att/data_j.xls,2026-07-10T23:26:35.886407+00:00
5699.T,5699,イボキン,スタンダード（内国株式）,3450,鉄鋼,0007,鉄鋼・非鉄,-,-,20260630,https://www.jpx.co.jp/markets/statistics-equities/misc/tvdivq0000001vg2-att/data_j.xls,2026-07-10T23:26:35.886407+00:00
5702.T,5702,大紀アルミニウム工業所,プライム（内国株式）,3500,非鉄金属,0007,鉄鋼・非鉄,0006,TOPIX Small 1,20260630,https://www.jpx.co.jp/markets/statistics-equities/misc/tvdivq0000001vg2-att/data_j.xls,2026-07-10T23:26:35.886407+00:00
5703.T,5703,日本軽金属ホールディングス,プライム（内国株式）,3500,非鉄金属,0007,鉄鋼・非鉄,0006,TOPIX Small 1,20260630,https://www.jpx.co.jp/markets/statistics-equities/misc/tvdivq0000001vg2-att/data_j.xls,2026-07-10T23:26:35.886407+00:00
5704.T,5704,ＪＭＣ,グロース（内国株式）,3500,非鉄金属,0007,鉄鋼・非鉄,-,-,20260630,https://www.jpx.co.jp/markets/statistics-equities/misc/tvdivq0000001vg2-att/data_j.xls,2026-07-10T23:26:35.886407+00:00
5706.T,5706,三井金属,プライム（内国株式）,3500,非鉄金属,0007,鉄鋼・非鉄,0004,TOPIX Mid400,20260630,https://www.jpx.co.jp/markets/statistics-equities/misc/tvdivq0000001vg2-att/data_j.xls,2026-07-10T23:26:35.886407+00:00
5707.T,5707,東邦亜鉛,プライム（内国株式）,3500,非鉄金属,0007,鉄鋼・非鉄,0007,TOPIX Small 2,20260630,https://www.jpx.co.jp/markets/statistics-equities/misc/tvdivq0000001vg2-att/data_j.xls,2026-07-10T23:26:35.886407+00:00
5711.T,5711,三菱マテリアル,プライム（内国株式）,3500,非鉄金属,0007,鉄鋼・非鉄,0004,TOPIX Mid400,20260630,https://www.jpx.co.jp/markets/statistics-equities/misc/tvdivq0000001vg2-att/data_j.xls,2026-07-10T23:26:35.886407+00:00
5713.T,5713,住友金属鉱山,プライム（内国株式）,3500,非鉄金属,0007,鉄鋼・非鉄,0004,TOPIX Mid400,20260630,https://www.jpx.co.jp/markets/statistics-equities/misc/tvdivq0000001vg2-att/data_j.xls,2026-07-10T23:26:35.886407+00:00
5714.T,5714,ＤＯＷＡホールディングス,プライム（内国株式）,3500,非鉄金属,0007,鉄鋼・非鉄,0004,TOPIX Mid400,20260630,https://www.jpx.co.jp/markets/statistics-equities/misc/tvdivq0000001vg2-att/data_j.xls,2026-07-10T23:26:35.886407+00:00
5715.T,5715,古河機械金属,プライム（内国株式）,3500,非鉄金属,0007,鉄鋼・非鉄,0006,TOPIX Small 1,20260630,https://www.jpx.co.jp/markets/statistics-equities/misc/tvdivq0000001vg2-att/data_j.xls,2026-07-10T23:26:35.886407+00:00
5721.T,5721,エスクリプトエナジー,スタンダード（内国株式）,3500,非鉄金属,0007,鉄鋼・非鉄,-,-,20260630,https://www.jpx.co.jp/markets/statistics-equities/misc/tvdivq0000001vg2-att/data_j.xls,2026-07-10T23:26:35.886407+00:00
5724.T,5724,アサカ理研,スタンダード（内国株式）,3500,非鉄金属,0007,鉄鋼・非鉄,-,-,20260630,https://www.jpx.co.jp/markets/statistics-equities/misc/tvdivq0000001vg2-att/data_j.xls,2026-07-10T23:26:35.886407+00:00
5726.T,5726,大阪チタニウムテクノロジーズ,プライム（内国株式）,3500,非鉄金属,0007,鉄鋼・非鉄,0006,TOPIX Small 1,20260630,https://www.jpx.co.jp/markets/statistics-equities/misc/tvdivq0000001vg2-att/data_j.xls,2026-07-10T23:26:35.886407+00:00
5729.T,5729,日本精鉱,スタンダード（内国株式）,3500,非鉄金属,0007,鉄鋼・非鉄,-,-,20260630,https://www.jpx.co.jp/markets/statistics-equities/misc/tvdivq0000001vg2-att/data_j.xls,2026-07-10T23:26:35.886407+00:00
5741.T,5741,ＵＡＣＪ,プライム（内国株式）,3500,非鉄金属,0007,鉄鋼・非鉄,0006,TOPIX Small 1,20260630,https://www.jpx.co.jp/markets/statistics-equities/misc/tvdivq0000001vg2-att/data_j.xls,2026-07-10T23:26:35.886407+00:00
5742.T,5742,エヌアイシ・オートテック,スタンダード（内国株式）,3500,非鉄金属,0007,鉄鋼・非鉄,-,-,20260630,https://www.jpx.co.jp/markets/statistics-equities/misc/tvdivq0000001vg2-att/data_j.xls,2026-07-10T23:26:35.886407+00:00
5753.T,5753,日本伸銅,スタンダード（内国株式）,3500,非鉄金属,0007,鉄鋼・非鉄,-,-,20260630,https://www.jpx.co.jp/markets/statistics-equities/misc/tvdivq0000001vg2-att/data_j.xls,2026-07-10T23:26:35.886407+00:00
5757.T,5757,ＣＫサンエツ,プライム（内国株式）,3500,非鉄金属,0007,鉄鋼・非鉄,0007,TOPIX Small 2,20260630,https://www.jpx.co.jp/markets/statistics-equities/misc/tvdivq0000001vg2-att/data_j.xls,2026-07-10T23:26:35.886407+00:00
5801.T,5801,古河電気工業,プライム（内国株式）,3500,非鉄金属,0007,鉄鋼・非鉄,0004,TOPIX Mid400,20260630,https://www.jpx.co.jp/markets/statistics-equities/misc/tvdivq0000001vg2-att/data_j.xls,2026-07-10T23:26:35.886407+00:00
5802.T,5802,住友電気工業,プライム（内国株式）,3500,非鉄金属,0007,鉄鋼・非鉄,0002,TOPIX Large70,20260630,https://www.jpx.co.jp/markets/statistics-equities/misc/tvdivq0000001vg2-att/data_j.xls,2026-07-10T23:26:35.886407+00:00
5803.T,5803,フジクラ,プライム（内国株式）,3500,非鉄金属,0007,鉄鋼・非鉄,0002,TOPIX Large70,20260630,https://www.jpx.co.jp/markets/statistics-equities/misc/tvdivq0000001vg2-att/data_j.xls,2026-07-10T23:26:35.886407+00:00
5805.T,5805,ＳＷＣＣ,プライム（内国株式）,3500,非鉄金属,0007,鉄鋼・非鉄,0006,TOPIX Small 1,20260630,https://www.jpx.co.jp/markets/statistics-equities/misc/tvdivq0000001vg2-att/data_j.xls,2026-07-10T23:26:35.886407+00:00
5816.T,5816,オーナンバ,スタンダード（内国株式）,3500,非鉄金属,0007,鉄鋼・非鉄,-,-,20260630,https://www.jpx.co.jp/markets/statistics-equities/misc/tvdivq0000001vg2-att/data_j.xls,2026-07-10T23:26:35.886407+00:00
5817.T,5817,ＪＭＡＣＳ,スタンダード（内国株式）,3500,非鉄金属,0007,鉄鋼・非鉄,-,-,20260630,https://www.jpx.co.jp/markets/statistics-equities/misc/tvdivq0000001vg2-att/data_j.xls,2026-07-10T23:26:35.886407+00:00
5819.T,5819,カナレ電気,スタンダード（内国株式）,3500,非鉄金属,0007,鉄鋼・非鉄,-,-,20260630,https://www.jpx.co.jp/markets/statistics-equities/misc/tvdivq0000001vg2-att/data_j.xls,2026-07-10T23:26:35.886407+00:00
5820.T,5820,三ッ星,スタンダード（内国株式）,3500,非鉄金属,0007,鉄鋼・非鉄,-,-,20260630,https://www.jpx.co.jp/markets/statistics-equities/misc/tvdivq0000001vg2-att/data_j.xls,2026-07-10T23:26:35.886407+00:00
5821.T,5821,平河ヒューテック,プライム（内国株式）,3500,非鉄金属,0007,鉄鋼・非鉄,0007,TOPIX Small 2,20260630,https://www.jpx.co.jp/markets/statistics-equities/misc/tvdivq0000001vg2-att/data_j.xls,2026-07-10T23:26:35.886407+00:00
5830.T,5830,いよぎんホールディングス,プライム（内国株式）,7050,銀行業,0015,銀行,0004,TOPIX Mid400,20260630,https://www.jpx.co.jp/markets/statistics-equities/misc/tvdivq0000001vg2-att/data_j.xls,2026-07-10T23:26:35.886407+00:00
5831.T,5831,しずおかフィナンシャルグループ,プライム（内国株式）,7050,銀行業,0015,銀行,0004,TOPIX Mid400,20260630,https://www.jpx.co.jp/markets/statistics-equities/misc/tvdivq0000001vg2-att/data_j.xls,2026-07-10T23:26:35.886407+00:00
5832.T,5832,ちゅうぎんフィナンシャルグループ,プライム（内国株式）,7050,銀行業,0015,銀行,0004,TOPIX Mid400,20260630,https://www.jpx.co.jp/markets/statistics-equities/misc/tvdivq0000001vg2-att/data_j.xls,2026-07-10T23:26:35.886407+00:00
5834.T,5834,ＳＢＩリーシングサービス,グロース（内国株式）,7100,証券、商品先物取引業,0016,金融（除く銀行）,-,-,20260630,https://www.jpx.co.jp/markets/statistics-equities/misc/tvdivq0000001vg2-att/data_j.xls,2026-07-10T23:26:35.886407+00:00
5838.T,5838,楽天銀行,プライム（内国株式）,7050,銀行業,0015,銀行,0004,TOPIX Mid400,20260630,https://www.jpx.co.jp/markets/statistics-equities/misc/tvdivq0000001vg2-att/data_j.xls,2026-07-10T23:26:35.886407+00:00
5840.T,5840,日本総険,PRO Market,7150,保険業,0016,金融（除く銀行）,-,-,20260630,https://www.jpx.co.jp/markets/statistics-equities/misc/tvdivq0000001vg2-att/data_j.xls,2026-07-10T23:26:35.886407+00:00
5842.T,5842,インテグラル,グロース（内国株式）,7100,証券、商品先物取引業,0016,金融（除く銀行）,-,-,20260630,https://www.jpx.co.jp/markets/statistics-equities/misc/tvdivq0000001vg2-att/data_j.xls,2026-07-10T23:26:35.886407+00:00
5843.T,5843,ニッポンインシュア,スタンダード（内国株式）,7200,その他金融業,0016,金融（除く銀行）,-,-,20260630,https://www.jpx.co.jp/markets/statistics-equities/misc/tvdivq0000001vg2-att/data_j.xls,2026-07-10T23:26:35.886407+00:00
5844.T,5844,京都フィナンシャルグループ,プライム（内国株式）,7050,銀行業,0015,銀行,0004,TOPIX Mid400,20260630,https://www.jpx.co.jp/markets/statistics-equities/misc/tvdivq0000001vg2-att/data_j.xls,2026-07-10T23:26:35.886407+00:00
5845.T,5845,全保連,スタンダード（内国株式）,7200,その他金融業,0016,金融（除く銀行）,-,-,20260630,https://www.jpx.co.jp/markets/statistics-equities/misc/tvdivq0000001vg2-att/data_j.xls,2026-07-10T23:26:35.886407+00:00
5851.T,5851,リョービ,プライム（内国株式）,3500,非鉄金属,0007,鉄鋼・非鉄,0006,TOPIX Small 1,20260630,https://www.jpx.co.jp/markets/statistics-equities/misc/tvdivq0000001vg2-att/data_j.xls,2026-07-10T23:26:35.886407+00:00
5852.T,5852,アーレスティ,プライム（内国株式）,3500,非鉄金属,0007,鉄鋼・非鉄,-,-,20260630,https://www.jpx.co.jp/markets/statistics-equities/misc/tvdivq0000001vg2-att/data_j.xls,2026-07-10T23:26:35.886407+00:00
5857.T,5857,ＡＲＥホールディングス,プライム（内国株式）,3500,非鉄金属,0007,鉄鋼・非鉄,0006,TOPIX Small 1,20260630,https://www.jpx.co.jp/markets/statistics-equities/misc/tvdivq0000001vg2-att/data_j.xls,2026-07-10T23:26:35.886407+00:00
5858.T,5858,ＳＴＧ,グロース（内国株式）,3500,非鉄金属,0007,鉄鋼・非鉄,-,-,20260630,https://www.jpx.co.jp/markets/statistics-equities/misc/tvdivq0000001vg2-att/data_j.xls,2026-07-10T23:26:35.886407+00:00
5866.T,5866,ＷｉｚＢｉｚ,PRO Market,9050,サービス業,0010,情報通信・サービスその他,-,-,20260630,https://www.jpx.co.jp/markets/statistics-equities/misc/tvdivq0000001vg2-att/data_j.xls,2026-07-10T23:26:35.886407+00:00
5867.T,5867,エスネットワークス,グロース（内国株式）,9050,サービス業,0010,情報通信・サービスその他,-,-,20260630,https://www.jpx.co.jp/markets/statistics-equities/misc/tvdivq0000001vg2-att/data_j.xls,2026-07-10T23:26:35.886407+00:00
5868.T,5868,ロココ,スタンダード（内国株式）,9050,サービス業,0010,情報通信・サービスその他,-,-,20260630,https://www.jpx.co.jp/markets/statistics-equities/misc/tvdivq0000001vg2-att/data_j.xls,2026-07-10T23:26:35.886407+00:00
5869.T,5869,早稲田学習研究会,スタンダード（内国株式）,9050,サービス業,0010,情報通信・サービスその他,-,-,20260630,https://www.jpx.co.jp/markets/statistics-equities/misc/tvdivq0000001vg2-att/data_j.xls,2026-07-10T23:26:35.886407+00:00
5870.T,5870,ナルネットコミュニケーションズ,グロース（内国株式）,9050,サービス業,0010,情報通信・サービスその他,-,-,20260630,https://www.jpx.co.jp/markets/statistics-equities/misc/tvdivq0000001vg2-att/data_j.xls,2026-07-10T23:26:35.886407+00:00
5871.T,5871,ＳＯＬＩＺＥ　Ｈｏｌｄｉｎｇｓ,スタンダード（内国株式）,9050,サービス業,0010,情報通信・サービスその他,-,-,20260630,https://www.jpx.co.jp/markets/statistics-equities/misc/tvdivq0000001vg2-att/data_j.xls,2026-07-10T23:26:35.886407+00:00
5884.T,5884,クラダシ,グロース（内国株式）,6100,小売業,0014,小売,-,-,20260630,https://www.jpx.co.jp/markets/statistics-equities/misc/tvdivq0000001vg2-att/data_j.xls,2026-07-10T23:26:35.886407+00:00
5885.T,5885,ジーデップ・アドバンス,スタンダード（内国株式）,6050,卸売業,0013,商社・卸売,-,-,20260630,https://www.jpx.co.jp/markets/statistics-equities/misc/tvdivq0000001vg2-att/data_j.xls,2026-07-10T23:26:35.886407+00:00
5886.T,5886,ＯＯＫＡＢＥ　ＧＬＡＳＳ,PRO Market,6050,卸売業,0013,商社・卸売,-,-,20260630,https://www.jpx.co.jp/markets/statistics-equities/misc/tvdivq0000001vg2-att/data_j.xls,2026-07-10T23:26:35.886407+00:00
5887.T,5887,光響,PRO Market,6050,卸売業,0013,商社・卸売,-,-,20260630,https://www.jpx.co.jp/markets/statistics-equities/misc/tvdivq0000001vg2-att/data_j.xls,2026-07-10T23:26:35.886407+00:00
5888.T,5888,ＤＡＩＷＡ　ＣＹＣＬＥ,グロース（内国株式）,6100,小売業,0014,小売,-,-,20260630,https://www.jpx.co.jp/markets/statistics-equities/misc/tvdivq0000001vg2-att/data_j.xls,2026-07-10T23:26:35.886407+00:00
5889.T,5889,Ｊａｐａｎ　Ｅｙｅｗｅａｒ　Ｈｏｌｄｉｎｇｓ,プライム（内国株式）,6100,小売業,0014,小売,0007,TOPIX Small 2,20260630,https://www.jpx.co.jp/markets/statistics-equities/misc/tvdivq0000001vg2-att/data_j.xls,2026-07-10T23:26:35.886407+00:00
5890.T,5890,オフィスバスターズ,PRO Market,6100,小売業,0014,小売,-,-,20260630,https://www.jpx.co.jp/markets/statistics-equities/misc/tvdivq0000001vg2-att/data_j.xls,2026-07-10T23:26:35.886407+00:00
5891.T,5891,魁力屋,スタンダード（内国株式）,6100,小売業,0014,小売,-,-,20260630,https://www.jpx.co.jp/markets/statistics-equities/misc/tvdivq0000001vg2-att/data_j.xls,2026-07-10T23:26:35.886407+00:00
5892.T,5892,ｙｕｔｏｒｉ,グロース（内国株式）,6100,小売業,0014,小売,-,-,20260630,https://www.jpx.co.jp/markets/statistics-equities/misc/tvdivq0000001vg2-att/data_j.xls,2026-07-10T23:26:35.886407+00:00
5893.T,5893,ＲＡＶＩＰＡ,PRO Market,6100,小売業,0014,小売,-,-,20260630,https://www.jpx.co.jp/markets/statistics-equities/misc/tvdivq0000001vg2-att/data_j.xls,2026-07-10T23:26:35.886407+00:00
5900.T,5900,ダイケン,スタンダード（内国株式）,3550,金属製品,0003,建設・資材,-,-,20260630,https://www.jpx.co.jp/markets/statistics-equities/misc/tvdivq0000001vg2-att/data_j.xls,2026-07-10T23:26:35.886407+00:00
5901.T,5901,東洋製罐グループホールディングス,プライム（内国株式）,3550,金属製品,0003,建設・資材,0004,TOPIX Mid400,20260630,https://www.jpx.co.jp/markets/statistics-equities/misc/tvdivq0000001vg2-att/data_j.xls,2026-07-10T23:26:35.886407+00:00
5902.T,5902,ホッカンホールディングス,プライム（内国株式）,3550,金属製品,0003,建設・資材,0007,TOPIX Small 2,20260630,https://www.jpx.co.jp/markets/statistics-equities/misc/tvdivq0000001vg2-att/data_j.xls,2026-07-10T23:26:35.886407+00:00
5903.T,5903,シンポ,スタンダード（内国株式）,3550,金属製品,0003,建設・資材,-,-,20260630,https://www.jpx.co.jp/markets/statistics-equities/misc/tvdivq0000001vg2-att/data_j.xls,2026-07-10T23:26:35.886407+00:00
5905.T,5905,日本製罐,スタンダード（内国株式）,3550,金属製品,0003,建設・資材,-,-,20260630,https://www.jpx.co.jp/markets/statistics-equities/misc/tvdivq0000001vg2-att/data_j.xls,2026-07-10T23:26:35.886407+00:00
5906.T,5906,エムケー精工,スタンダード（内国株式）,3550,金属製品,0003,建設・資材,-,-,20260630,https://www.jpx.co.jp/markets/statistics-equities/misc/tvdivq0000001vg2-att/data_j.xls,2026-07-10T23:26:35.886407+00:00
5909.T,5909,コロナ,スタンダード（内国株式）,3550,金属製品,0003,建設・資材,0007,TOPIX Small 2,20260630,https://www.jpx.co.jp/markets/statistics-equities/misc/tvdivq0000001vg2-att/data_j.xls,2026-07-10T23:26:35.886407+00:00
5911.T,5911,横河ブリッジホールディングス,プライム（内国株式）,3550,金属製品,0003,建設・資材,0006,TOPIX Small 1,20260630,https://www.jpx.co.jp/markets/statistics-equities/misc/tvdivq0000001vg2-att/data_j.xls,2026-07-10T23:26:35.886407+00:00
5915.T,5915,駒井ハルテック,スタンダード（内国株式）,3550,金属製品,0003,建設・資材,-,-,20260630,https://www.jpx.co.jp/markets/statistics-equities/misc/tvdivq0000001vg2-att/data_j.xls,2026-07-10T23:26:35.886407+00:00
5918.T,5918,瀧上工業,スタンダード（内国株式）,3550,金属製品,0003,建設・資材,-,-,20260630,https://www.jpx.co.jp/markets/statistics-equities/misc/tvdivq0000001vg2-att/data_j.xls,2026-07-10T23:26:35.886407+00:00
5921.T,5921,川岸工業,スタンダード（内国株式）,3550,金属製品,0003,建設・資材,-,-,20260630,https://www.jpx.co.jp/markets/statistics-equities/misc/tvdivq0000001vg2-att/data_j.xls,2026-07-10T23:26:35.886407+00:00
5922.T,5922,那須電機鉄工,スタンダード（内国株式）,3550,金属製品,0003,建設・資材,-,-,20260630,https://www.jpx.co.jp/markets/statistics-equities/misc/tvdivq0000001vg2-att/data_j.xls,2026-07-10T23:26:35.886407+00:00
5923.T,5923,高田機工,スタンダード（内国株式）,3550,金属製品,0003,建設・資材,-,-,20260630,https://www.jpx.co.jp/markets/statistics-equities/misc/tvdivq0000001vg2-att/data_j.xls,2026-07-10T23:26:35.886407+00:00
5928.T,5928,アルメタックス,スタンダード（内国株式）,3550,金属製品,0003,建設・資材,-,-,20260630,https://www.jpx.co.jp/markets/statistics-equities/misc/tvdivq0000001vg2-att/data_j.xls,2026-07-10T23:26:35.886407+00:00
5929.T,5929,三和ホールディングス,プライム（内国株式）,3550,金属製品,0003,建設・資材,0004,TOPIX Mid400,20260630,https://www.jpx.co.jp/markets/statistics-equities/misc/tvdivq0000001vg2-att/data_j.xls,2026-07-10T23:26:35.886407+00:00
5930.T,5930,文化シヤッター,プライム（内国株式）,3550,金属製品,0003,建設・資材,0006,TOPIX Small 1,20260630,https://www.jpx.co.jp/markets/statistics-equities/misc/tvdivq0000001vg2-att/data_j.xls,2026-07-10T23:26:35.886407+00:00
5932.T,5932,三協立山,プライム（内国株式）,3550,金属製品,0003,建設・資材,0007,TOPIX Small 2,20260630,https://www.jpx.co.jp/markets/statistics-equities/misc/tvdivq0000001vg2-att/data_j.xls,2026-07-10T23:26:35.886407+00:00
5933.T,5933,アルインコ,プライム（内国株式）,3550,金属製品,0003,建設・資材,0007,TOPIX Small 2,20260630,https://www.jpx.co.jp/markets/statistics-equities/misc/tvdivq0000001vg2-att/data_j.xls,2026-07-10T23:26:35.886407+00:00
5936.T,5936,東洋シヤッター,スタンダード（内国株式）,3550,金属製品,0003,建設・資材,-,-,20260630,https://www.jpx.co.jp/markets/statistics-equities/misc/tvdivq0000001vg2-att/data_j.xls,2026-07-10T23:26:35.886407+00:00
5938.T,5938,ＬＩＸＩＬ,プライム（内国株式）,3550,金属製品,0003,建設・資材,0004,TOPIX Mid400,20260630,https://www.jpx.co.jp/markets/statistics-equities/misc/tvdivq0000001vg2-att/data_j.xls,2026-07-10T23:26:35.886407+00:00
5939.T,5939,大谷工業,スタンダード（内国株式）,3550,金属製品,0003,建設・資材,-,-,20260630,https://www.jpx.co.jp/markets/statistics-equities/misc/tvdivq0000001vg2-att/data_j.xls,2026-07-10T23:26:35.886407+00:00
5940.T,5940,不二サッシ,スタンダード（内国株式）,3550,金属製品,0003,建設・資材,-,-,20260630,https://www.jpx.co.jp/markets/statistics-equities/misc/tvdivq0000001vg2-att/data_j.xls,2026-07-10T23:26:35.886407+00:00
5941.T,5941,中西製作所,スタンダード（内国株式）,3550,金属製品,0003,建設・資材,-,-,20260630,https://www.jpx.co.jp/markets/statistics-equities/misc/tvdivq0000001vg2-att/data_j.xls,2026-07-10T23:26:35.886407+00:00
5942.T,5942,日本フイルコン,スタンダード（内国株式）,3550,金属製品,0003,建設・資材,-,-,20260630,https://www.jpx.co.jp/markets/statistics-equities/misc/tvdivq0000001vg2-att/data_j.xls,2026-07-10T23:26:35.886407+00:00
5943.T,5943,ノーリツ,プライム（内国株式）,3550,金属製品,0003,建設・資材,0006,TOPIX Small 1,20260630,https://www.jpx.co.jp/markets/statistics-equities/misc/tvdivq0000001vg2-att/data_j.xls,2026-07-10T23:26:35.886407+00:00
5945.T,5945,天龍製鋸,スタンダード（内国株式）,3550,金属製品,0003,建設・資材,-,-,20260630,https://www.jpx.co.jp/markets/statistics-equities/misc/tvdivq0000001vg2-att/data_j.xls,2026-07-10T23:26:35.886407+00:00
5946.T,5946,長府製作所,プライム（内国株式）,3550,金属製品,0003,建設・資材,0007,TOPIX Small 2,20260630,https://www.jpx.co.jp/markets/statistics-equities/misc/tvdivq0000001vg2-att/data_j.xls,2026-07-10T23:26:35.886407+00:00
5947.T,5947,リンナイ,プライム（内国株式）,3550,金属製品,0003,建設・資材,0004,TOPIX Mid400,20260630,https://www.jpx.co.jp/markets/statistics-equities/misc/tvdivq0000001vg2-att/data_j.xls,2026-07-10T23:26:35.886407+00:00
5949.T,5949,ユニプレス,プライム（内国株式）,3700,輸送用機器,0006,自動車・輸送機,0006,TOPIX Small 1,20260630,https://www.jpx.co.jp/markets/statistics-equities/misc/tvdivq0000001vg2-att/data_j.xls,2026-07-10T23:26:35.886407+00:00
5950.T,5950,日本パワーファスニング,スタンダード（内国株式）,3550,金属製品,0003,建設・資材,-,-,20260630,https://www.jpx.co.jp/markets/statistics-equities/misc/tvdivq0000001vg2-att/data_j.xls,2026-07-10T23:26:35.886407+00:00
5951.T,5951,ダイニチ工業,スタンダード（内国株式）,3550,金属製品,0003,建設・資材,-,-,20260630,https://www.jpx.co.jp/markets/statistics-equities/misc/tvdivq0000001vg2-att/data_j.xls,2026-07-10T23:26:35.886407+00:00
5952.T,5952,アマテイ,スタンダード（内国株式）,3550,金属製品,0003,建設・資材,-,-,20260630,https://www.jpx.co.jp/markets/statistics-equities/misc/tvdivq0000001vg2-att/data_j.xls,2026-07-10T23:26:35.886407+00:00
5955.T,5955,ワイズホールディングス,スタンダード（内国株式）,3550,金属製品,0003,建設・資材,-,-,20260630,https://www.jpx.co.jp/markets/statistics-equities/misc/tvdivq0000001vg2-att/data_j.xls,2026-07-10T23:26:35.886407+00:00
5956.T,5956,トーソー,スタンダード（内国株式）,3550,金属製品,0003,建設・資材,-,-,20260630,https://www.jpx.co.jp/markets/statistics-equities/misc/tvdivq0000001vg2-att/data_j.xls,2026-07-10T23:26:35.886407+00:00
5957.T,5957,日東精工,プライム（内国株式）,3550,金属製品,0003,建設・資材,0007,TOPIX Small 2,20260630,https://www.jpx.co.jp/markets/statistics-equities/misc/tvdivq0000001vg2-att/data_j.xls,2026-07-10T23:26:35.886407+00:00
5958.T,5958,三洋工業,スタンダード（内国株式）,3550,金属製品,0003,建設・資材,-,-,20260630,https://www.jpx.co.jp/markets/statistics-equities/misc/tvdivq0000001vg2-att/data_j.xls,2026-07-10T23:26:35.886407+00:00
5959.T,5959,岡部,プライム（内国株式）,3550,金属製品,0003,建設・資材,0007,TOPIX Small 2,20260630,https://www.jpx.co.jp/markets/statistics-equities/misc/tvdivq0000001vg2-att/data_j.xls,2026-07-10T23:26:35.886407+00:00
5962.T,5962,浅香工業,スタンダード（内国株式）,3800,その他製品,0010,情報通信・サービスその他,-,-,20260630,https://www.jpx.co.jp/markets/statistics-equities/misc/tvdivq0000001vg2-att/data_j.xls,2026-07-10T23:26:35.886407+00:00
5965.T,5965,フジマック,スタンダード（内国株式）,3550,金属製品,0003,建設・資材,-,-,20260630,https://www.jpx.co.jp/markets/statistics-equities/misc/tvdivq0000001vg2-att/data_j.xls,2026-07-10T23:26:35.886407+00:00
5966.T,5966,京都機械工具,スタンダード（内国株式）,3550,金属製品,0003,建設・資材,-,-,20260630,https://www.jpx.co.jp/markets/statistics-equities/misc/tvdivq0000001vg2-att/data_j.xls,2026-07-10T23:26:35.886407+00:00
5967.T,5967,ＴＯＮＥ,スタンダード（内国株式）,3550,金属製品,0003,建設・資材,-,-,20260630,https://www.jpx.co.jp/markets/statistics-equities/misc/tvdivq0000001vg2-att/data_j.xls,2026-07-10T23:26:35.886407+00:00
5969.T,5969,ロブテックス,スタンダード（内国株式）,3550,金属製品,0003,建設・資材,-,-,20260630,https://www.jpx.co.jp/markets/statistics-equities/misc/tvdivq0000001vg2-att/data_j.xls,2026-07-10T23:26:35.886407+00:00
5970.T,5970,ジーテクト,プライム（内国株式）,3550,金属製品,0003,建設・資材,0006,TOPIX Small 1,20260630,https://www.jpx.co.jp/markets/statistics-equities/misc/tvdivq0000001vg2-att/data_j.xls,2026-07-10T23:26:35.886407+00:00
5971.T,5971,共和工業所,スタンダード（内国株式）,3550,金属製品,0003,建設・資材,-,-,20260630,https://www.jpx.co.jp/markets/statistics-equities/misc/tvdivq0000001vg2-att/data_j.xls,2026-07-10T23:26:35.886407+00:00
5973.T,5973,トーアミ,スタンダード（内国株式）,3550,金属製品,0003,建設・資材,-,-,20260630,https://www.jpx.co.jp/markets/statistics-equities/misc/tvdivq0000001vg2-att/data_j.xls,2026-07-10T23:26:35.886407+00:00
5974.T,5974,中国工業,スタンダード（内国株式）,3550,金属製品,0003,建設・資材,-,-,20260630,https://www.jpx.co.jp/markets/statistics-equities/misc/tvdivq0000001vg2-att/data_j.xls,2026-07-10T23:26:35.886407+00:00
5975.T,5975,東プレ,プライム（内国株式）,3550,金属製品,0003,建設・資材,0006,TOPIX Small 1,20260630,https://www.jpx.co.jp/markets/statistics-equities/misc/tvdivq0000001vg2-att/data_j.xls,2026-07-10T23:26:35.886407+00:00
5976.T,5976,高周波熱錬,プライム（内国株式）,3550,金属製品,0003,建設・資材,0007,TOPIX Small 2,20260630,https://www.jpx.co.jp/markets/statistics-equities/misc/tvdivq0000001vg2-att/data_j.xls,2026-07-10T23:26:35.886407+00:00
5981.T,5981,東京製綱,プライム（内国株式）,3550,金属製品,0003,建設・資材,0007,TOPIX Small 2,20260630,https://www.jpx.co.jp/markets/statistics-equities/misc/tvdivq0000001vg2-att/data_j.xls,2026-07-10T23:26:35.886407+00:00
5982.T,5982,マルゼン,スタンダード（内国株式）,3550,金属製品,0003,建設・資材,-,-,20260630,https://www.jpx.co.jp/markets/statistics-equities/misc/tvdivq0000001vg2-att/data_j.xls,2026-07-10T23:26:35.886407+00:00
5983.T,5983,イワブチ,スタンダード（内国株式）,3550,金属製品,0003,建設・資材,-,-,20260630,https://www.jpx.co.jp/markets/statistics-equities/misc/tvdivq0000001vg2-att/data_j.xls,2026-07-10T23:26:35.886407+00:00
5984.T,5984,兼房,スタンダード（内国株式）,3550,金属製品,0003,建設・資材,-,-,20260630,https://www.jpx.co.jp/markets/statistics-equities/misc/tvdivq0000001vg2-att/data_j.xls,2026-07-10T23:26:35.886407+00:00
5985.T,5985,サンコール,スタンダード（内国株式）,3550,金属製品,0003,建設・資材,0007,TOPIX Small 2,20260630,https://www.jpx.co.jp/markets/statistics-equities/misc/tvdivq0000001vg2-att/data_j.xls,2026-07-10T23:26:35.886407+00:00
5986.T,5986,モリテック　スチール,スタンダード（内国株式）,3550,金属製品,0003,建設・資材,-,-,20260630,https://www.jpx.co.jp/markets/statistics-equities/misc/tvdivq0000001vg2-att/data_j.xls,2026-07-10T23:26:35.886407+00:00
5987.T,5987,オーネックス,スタンダード（内国株式）,3550,金属製品,0003,建設・資材,-,-,20260630,https://www.jpx.co.jp/markets/statistics-equities/misc/tvdivq0000001vg2-att/data_j.xls,2026-07-10T23:26:35.886407+00:00
5988.T,5988,パイオラックス,プライム（内国株式）,3550,金属製品,0003,建設・資材,0006,TOPIX Small 1,20260630,https://www.jpx.co.jp/markets/statistics-equities/misc/tvdivq0000001vg2-att/data_j.xls,2026-07-10T23:26:35.886407+00:00
5989.T,5989,エイチワン,プライム（内国株式）,3550,金属製品,0003,建設・資材,0007,TOPIX Small 2,20260630,https://www.jpx.co.jp/markets/statistics-equities/misc/tvdivq0000001vg2-att/data_j.xls,2026-07-10T23:26:35.886407+00:00
5990.T,5990,スーパーツール,スタンダード（内国株式）,3550,金属製品,0003,建設・資材,-,-,20260630,https://www.jpx.co.jp/markets/statistics-equities/misc/tvdivq0000001vg2-att/data_j.xls,2026-07-10T23:26:35.886407+00:00
5991.T,5991,日本発條,プライム（内国株式）,3550,金属製品,0003,建設・資材,0004,TOPIX Mid400,20260630,https://www.jpx.co.jp/markets/statistics-equities/misc/tvdivq0000001vg2-att/data_j.xls,2026-07-10T23:26:35.886407+00:00
5992.T,5992,中央発條,スタンダード（内国株式）,3550,金属製品,0003,建設・資材,0007,TOPIX Small 2,20260630,https://www.jpx.co.jp/markets/statistics-equities/misc/tvdivq0000001vg2-att/data_j.xls,2026-07-10T23:26:35.886407+00:00
5994.T,5994,ファインシンター,スタンダード（内国株式）,3550,金属製品,0003,建設・資材,-,-,20260630,https://www.jpx.co.jp/markets/statistics-equities/misc/tvdivq0000001vg2-att/data_j.xls,2026-07-10T23:26:35.886407+00:00
5997.T,5997,協立エアテック,スタンダード（内国株式）,3550,金属製品,0003,建設・資材,-,-,20260630,https://www.jpx.co.jp/markets/statistics-equities/misc/tvdivq0000001vg2-att/data_j.xls,2026-07-10T23:26:35.886407+00:00
5998.T,5998,アドバネクス,スタンダード（内国株式）,3550,金属製品,0003,建設・資材,-,-,20260630,https://www.jpx.co.jp/markets/statistics-equities/misc/tvdivq0000001vg2-att/data_j.xls,2026-07-10T23:26:35.886407+00:00
6005.T,6005,三浦工業,プライム（内国株式）,3600,機械,0008,機械,0004,TOPIX Mid400,20260630,https://www.jpx.co.jp/markets/statistics-equities/misc/tvdivq0000001vg2-att/data_j.xls,2026-07-10T23:26:35.886407+00:00
6013.T,6013,タクマ,プライム（内国株式）,3600,機械,0008,機械,0006,TOPIX Small 1,20260630,https://www.jpx.co.jp/markets/statistics-equities/misc/tvdivq0000001vg2-att/data_j.xls,2026-07-10T23:26:35.886407+00:00
6016.T,6016,ジャパンエンジンコーポレーション,スタンダード（内国株式）,3700,輸送用機器,0006,自動車・輸送機,-,-,20260630,https://www.jpx.co.jp/markets/statistics-equities/misc/tvdivq0000001vg2-att/data_j.xls,2026-07-10T23:26:35.886407+00:00
6018.T,6018,阪神内燃機工業,スタンダード（内国株式）,3700,輸送用機器,0006,自動車・輸送機,-,-,20260630,https://www.jpx.co.jp/markets/statistics-equities/misc/tvdivq0000001vg2-att/data_j.xls,2026-07-10T23:26:35.886407+00:00
6022.T,6022,赤阪鐵工所,スタンダード（内国株式）,3600,機械,0008,機械,-,-,20260630,https://www.jpx.co.jp/markets/statistics-equities/misc/tvdivq0000001vg2-att/data_j.xls,2026-07-10T23:26:35.886407+00:00
6023.T,6023,ダイハツインフィニアース,スタンダード（内国株式）,3700,輸送用機器,0006,自動車・輸送機,-,-,20260630,https://www.jpx.co.jp/markets/statistics-equities/misc/tvdivq0000001vg2-att/data_j.xls,2026-07-10T23:26:35.886407+00:00
6027.T,6027,弁護士ドットコム,プライム（内国株式）,9050,サービス業,0010,情報通信・サービスその他,0007,TOPIX Small 2,20260630,https://www.jpx.co.jp/markets/statistics-equities/misc/tvdivq0000001vg2-att/data_j.xls,2026-07-10T23:26:35.886407+00:00
6029.T,6029,アトラグループ,スタンダード（内国株式）,9050,サービス業,0010,情報通信・サービスその他,-,-,20260630,https://www.jpx.co.jp/markets/statistics-equities/misc/tvdivq0000001vg2-att/data_j.xls,2026-07-10T23:26:35.886407+00:00
6030.T,6030,アドベンチャー,グロース（内国株式）,9050,サービス業,0010,情報通信・サービスその他,-,-,20260630,https://www.jpx.co.jp/markets/statistics-equities/misc/tvdivq0000001vg2-att/data_j.xls,2026-07-10T23:26:35.886407+00:00
6031.T,6031,ＺＥＴＡ,グロース（内国株式）,9050,サービス業,0010,情報通信・サービスその他,-,-,20260630,https://www.jpx.co.jp/markets/statistics-equities/misc/tvdivq0000001vg2-att/data_j.xls,2026-07-10T23:26:35.886407+00:00
6033.T,6033,エクストリーム,グロース（内国株式）,9050,サービス業,0010,情報通信・サービスその他,-,-,20260630,https://www.jpx.co.jp/markets/statistics-equities/misc/tvdivq0000001vg2-att/data_j.xls,2026-07-10T23:26:35.886407+00:00
6034.T,6034,ＭＲＴ,グロース（内国株式）,9050,サービス業,0010,情報通信・サービスその他,-,-,20260630,https://www.jpx.co.jp/markets/statistics-equities/misc/tvdivq0000001vg2-att/data_j.xls,2026-07-10T23:26:35.886407+00:00
6035.T,6035,アイ・アールジャパンホールディングス,スタンダード（内国株式）,9050,サービス業,0010,情報通信・サービスその他,0007,TOPIX Small 2,20260630,https://www.jpx.co.jp/markets/statistics-equities/misc/tvdivq0000001vg2-att/data_j.xls,2026-07-10T23:26:35.886407+00:00
6036.T,6036,ＫｅｅＰｅｒ技研,プライム（内国株式）,9050,サービス業,0010,情報通信・サービスその他,0006,TOPIX Small 1,20260630,https://www.jpx.co.jp/markets/statistics-equities/misc/tvdivq0000001vg2-att/data_j.xls,2026-07-10T23:26:35.886407+00:00
6037.T,6037,楽待,スタンダード（内国株式）,9050,サービス業,0010,情報通信・サービスその他,-,-,20260630,https://www.jpx.co.jp/markets/statistics-equities/misc/tvdivq0000001vg2-att/data_j.xls,2026-07-10T23:26:35.886407+00:00
6038.T,6038,イード,グロース（内国株式）,9050,サービス業,0010,情報通信・サービスその他,-,-,20260630,https://www.jpx.co.jp/markets/statistics-equities/misc/tvdivq0000001vg2-att/data_j.xls,2026-07-10T23:26:35.886407+00:00
6039.T,6039,日本動物高度医療センター,グロース（内国株式）,9050,サービス業,0010,情報通信・サービスその他,-,-,20260630,https://www.jpx.co.jp/markets/statistics-equities/misc/tvdivq0000001vg2-att/data_j.xls,2026-07-10T23:26:35.886407+00:00
6040.T,6040,日本スキー場開発,グロース（内国株式）,9050,サービス業,0010,情報通信・サービスその他,-,-,20260630,https://www.jpx.co.jp/markets/statistics-equities/misc/tvdivq0000001vg2-att/data_j.xls,2026-07-10T23:26:35.886407+00:00
6042.T,6042,ニッキ,スタンダード（内国株式）,3700,輸送用機器,0006,自動車・輸送機,-,-,20260630,https://www.jpx.co.jp/markets/statistics-equities/misc/tvdivq0000001vg2-att/data_j.xls,2026-07-10T23:26:35.886407+00:00
6044.T,6044,三機サービス,スタンダード（内国株式）,9050,サービス業,0010,情報通信・サービスその他,-,-,20260630,https://www.jpx.co.jp/markets/statistics-equities/misc/tvdivq0000001vg2-att/data_j.xls,2026-07-10T23:26:35.886407+00:00
6045.T,6045,レントラックス,グロース（内国株式）,9050,サービス業,0010,情報通信・サービスその他,-,-,20260630,https://www.jpx.co.jp/markets/statistics-equities/misc/tvdivq0000001vg2-att/data_j.xls,2026-07-10T23:26:35.886407+00:00
6046.T,6046,リンクバル,スタンダード（内国株式）,9050,サービス業,0010,情報通信・サービスその他,-,-,20260630,https://www.jpx.co.jp/markets/statistics-equities/misc/tvdivq0000001vg2-att/data_j.xls,2026-07-10T23:26:35.886407+00:00
6047.T,6047,Ｇｕｎｏｓｙ,スタンダード（内国株式）,9050,サービス業,0010,情報通信・サービスその他,0007,TOPIX Small 2,20260630,https://www.jpx.co.jp/markets/statistics-equities/misc/tvdivq0000001vg2-att/data_j.xls,2026-07-10T23:26:35.886407+00:00
6049.T,6049,イトクロ,グロース（内国株式）,9050,サービス業,0010,情報通信・サービスその他,-,-,20260630,https://www.jpx.co.jp/markets/statistics-equities/misc/tvdivq0000001vg2-att/data_j.xls,2026-07-10T23:26:35.886407+00:00
6050.T,6050,イー・ガーディアン,プライム（内国株式）,9050,サービス業,0010,情報通信・サービスその他,0007,TOPIX Small 2,20260630,https://www.jpx.co.jp/markets/statistics-equities/misc/tvdivq0000001vg2-att/data_j.xls,2026-07-10T23:26:35.886407+00:00
6054.T,6054,リブセンス,スタンダード（内国株式）,9050,サービス業,0010,情報通信・サービスその他,-,-,20260630,https://www.jpx.co.jp/markets/statistics-equities/misc/tvdivq0000001vg2-att/data_j.xls,2026-07-10T23:26:35.886407+00:00
6055.T,6055,ジャパンマテリアル,プライム（内国株式）,9050,サービス業,0010,情報通信・サービスその他,0006,TOPIX Small 1,20260630,https://www.jpx.co.jp/markets/statistics-equities/misc/tvdivq0000001vg2-att/data_j.xls,2026-07-10T23:26:35.886407+00:00
6058.T,6058,ベクトル,プライム（内国株式）,9050,サービス業,0010,情報通信・サービスその他,0007,TOPIX Small 2,20260630,https://www.jpx.co.jp/markets/statistics-equities/misc/tvdivq0000001vg2-att/data_j.xls,2026-07-10T23:26:35.886407+00:00
6059.T,6059,ウチヤマホールディングス,スタンダード（内国株式）,9050,サービス業,0010,情報通信・サービスその他,-,-,20260630,https://www.jpx.co.jp/markets/statistics-equities/misc/tvdivq0000001vg2-att/data_j.xls,2026-07-10T23:26:35.886407+00:00
6061.T,6061,ユニバーサル園芸社,スタンダード（内国株式）,9050,サービス業,0010,情報通信・サービスその他,-,-,20260630,https://www.jpx.co.jp/markets/statistics-equities/misc/tvdivq0000001vg2-att/data_j.xls,2026-07-10T23:26:35.886407+00:00
6062.T,6062,チャーム・ケア・コーポレーション,プライム（内国株式）,9050,サービス業,0010,情報通信・サービスその他,0007,TOPIX Small 2,20260630,https://www.jpx.co.jp/markets/statistics-equities/misc/tvdivq0000001vg2-att/data_j.xls,2026-07-10T23:26:35.886407+00:00
6063.T,6063,日本エマージェンシーアシスタンス,スタンダード（内国株式）,9050,サービス業,0010,情報通信・サービスその他,-,-,20260630,https://www.jpx.co.jp/markets/statistics-equities/misc/tvdivq0000001vg2-att/data_j.xls,2026-07-10T23:26:35.886407+00:00
6069.T,6069,トレンダーズ,グロース（内国株式）,9050,サービス業,0010,情報通信・サービスその他,-,-,20260630,https://www.jpx.co.jp/markets/statistics-equities/misc/tvdivq0000001vg2-att/data_j.xls,2026-07-10T23:26:35.886407+00:00
6070.T,6070,キャリアリンク,プライム（内国株式）,9050,サービス業,0010,情報通信・サービスその他,0007,TOPIX Small 2,20260630,https://www.jpx.co.jp/markets/statistics-equities/misc/tvdivq0000001vg2-att/data_j.xls,2026-07-10T23:26:35.886407+00:00
6071.T,6071,ＩＢＪ,プライム（内国株式）,9050,サービス業,0010,情報通信・サービスその他,0007,TOPIX Small 2,20260630,https://www.jpx.co.jp/markets/statistics-equities/misc/tvdivq0000001vg2-att/data_j.xls,2026-07-10T23:26:35.886407+00:00
6072.T,6072,地盤ネットホールディングス,スタンダード（内国株式）,9050,サービス業,0010,情報通信・サービスその他,-,-,20260630,https://www.jpx.co.jp/markets/statistics-equities/misc/tvdivq0000001vg2-att/data_j.xls,2026-07-10T23:26:35.886407+00:00
6073.T,6073,アサンテ,プライム（内国株式）,9050,サービス業,0010,情報通信・サービスその他,0007,TOPIX Small 2,20260630,https://www.jpx.co.jp/markets/statistics-equities/misc/tvdivq0000001vg2-att/data_j.xls,2026-07-10T23:26:35.886407+00:00
6074.T,6074,ジェイエスエス,スタンダード（内国株式）,9050,サービス業,0010,情報通信・サービスその他,-,-,20260630,https://www.jpx.co.jp/markets/statistics-equities/misc/tvdivq0000001vg2-att/data_j.xls,2026-07-10T23:26:35.886407+00:00
6078.T,6078,バリューＨＲ,プライム（内国株式）,9050,サービス業,0010,情報通信・サービスその他,0007,TOPIX Small 2,20260630,https://www.jpx.co.jp/markets/statistics-equities/misc/tvdivq0000001vg2-att/data_j.xls,2026-07-10T23:26:35.886407+00:00
6080.T,6080,Ｍ＆Ａキャピタルパートナーズ,プライム（内国株式）,9050,サービス業,0010,情報通信・サービスその他,0006,TOPIX Small 1,20260630,https://www.jpx.co.jp/markets/statistics-equities/misc/tvdivq0000001vg2-att/data_j.xls,2026-07-10T23:26:35.886407+00:00
6081.T,6081,アライドアーキテクツ,グロース（内国株式）,9050,サービス業,0010,情報通信・サービスその他,-,-,20260630,https://www.jpx.co.jp/markets/statistics-equities/misc/tvdivq0000001vg2-att/data_j.xls,2026-07-10T23:26:35.886407+00:00
6082.T,6082,ライドオンエクスプレスホールディングス,スタンダード（内国株式）,9050,サービス業,0010,情報通信・サービスその他,0007,TOPIX Small 2,20260630,https://www.jpx.co.jp/markets/statistics-equities/misc/tvdivq0000001vg2-att/data_j.xls,2026-07-10T23:26:35.886407+00:00
6083.T,6083,ＥＲＩホールディングス,スタンダード（内国株式）,9050,サービス業,0010,情報通信・サービスその他,-,-,20260630,https://www.jpx.co.jp/markets/statistics-equities/misc/tvdivq0000001vg2-att/data_j.xls,2026-07-10T23:26:35.886407+00:00
6085.T,6085,アーキテクツ・スタジオ・ジャパン,グロース（内国株式）,9050,サービス業,0010,情報通信・サービスその他,-,-,20260630,https://www.jpx.co.jp/markets/statistics-equities/misc/tvdivq0000001vg2-att/data_j.xls,2026-07-10T23:26:35.886407+00:00
6086.T,6086,シンメンテホールディングス,グロース（内国株式）,9050,サービス業,0010,情報通信・サービスその他,-,-,20260630,https://www.jpx.co.jp/markets/statistics-equities/misc/tvdivq0000001vg2-att/data_j.xls,2026-07-10T23:26:35.886407+00:00
6087.T,6087,アビスト,スタンダード（内国株式）,9050,サービス業,0010,情報通信・サービスその他,-,-,20260630,https://www.jpx.co.jp/markets/statistics-equities/misc/tvdivq0000001vg2-att/data_j.xls,2026-07-10T23:26:35.886407+00:00
6088.T,6088,シグマクシス・ホールディングス,プライム（内国株式）,9050,サービス業,0010,情報通信・サービスその他,0006,TOPIX Small 1,20260630,https://www.jpx.co.jp/markets/statistics-equities/misc/tvdivq0000001vg2-att/data_j.xls,2026-07-10T23:26:35.886407+00:00
6089.T,6089,ウィルグループ,プライム（内国株式）,9050,サービス業,0010,情報通信・サービスその他,0007,TOPIX Small 2,20260630,https://www.jpx.co.jp/markets/statistics-equities/misc/tvdivq0000001vg2-att/data_j.xls,2026-07-10T23:26:35.886407+00:00
6090.T,6090,ヒューマン・メタボローム・テクノロジーズ,スタンダード（内国株式）,9050,サービス業,0010,情報通信・サービスその他,-,-,20260630,https://www.jpx.co.jp/markets/statistics-equities/misc/tvdivq0000001vg2-att/data_j.xls,2026-07-10T23:26:35.886407+00:00
6091.T,6091,ウエスコホールディングス,スタンダード（内国株式）,9050,サービス業,0010,情報通信・サービスその他,-,-,20260630,https://www.jpx.co.jp/markets/statistics-equities/misc/tvdivq0000001vg2-att/data_j.xls,2026-07-10T23:26:35.886407+00:00
6092.T,6092,エンバイオ・ホールディングス,スタンダード（内国株式）,9050,サービス業,0010,情報通信・サービスその他,-,-,20260630,https://www.jpx.co.jp/markets/statistics-equities/misc/tvdivq0000001vg2-att/data_j.xls,2026-07-10T23:26:35.886407+00:00
6093.T,6093,ミトラグループ,スタンダード（内国株式）,9050,サービス業,0010,情報通信・サービスその他,-,-,20260630,https://www.jpx.co.jp/markets/statistics-equities/misc/tvdivq0000001vg2-att/data_j.xls,2026-07-10T23:26:35.886407+00:00
6094.T,6094,フリークアウト・ホールディングス,グロース（内国株式）,9050,サービス業,0010,情報通信・サービスその他,-,-,20260630,https://www.jpx.co.jp/markets/statistics-equities/misc/tvdivq0000001vg2-att/data_j.xls,2026-07-10T23:26:35.886407+00:00
6096.T,6096,レアジョブ,スタンダード（内国株式）,9050,サービス業,0010,情報通信・サービスその他,-,-,20260630,https://www.jpx.co.jp/markets/statistics-equities/misc/tvdivq0000001vg2-att/data_j.xls,2026-07-10T23:26:35.886407+00:00
6098.T,6098,リクルートホールディングス,プライム（内国株式）,9050,サービス業,0010,情報通信・サービスその他,0001,TOPIX Core30,20260630,https://www.jpx.co.jp/markets/statistics-equities/misc/tvdivq0000001vg2-att/data_j.xls,2026-07-10T23:26:35.886407+00:00
6099.T,6099,エラン,プライム（内国株式）,9050,サービス業,0010,情報通信・サービスその他,0007,TOPIX Small 2,20260630,https://www.jpx.co.jp/markets/statistics-equities/misc/tvdivq0000001vg2-att/data_j.xls,2026-07-10T23:26:35.886407+00:00
6101.T,6101,ツガミ,プライム（内国株式）,3600,機械,0008,機械,0006,TOPIX Small 1,20260630,https://www.jpx.co.jp/markets/statistics-equities/misc/tvdivq0000001vg2-att/data_j.xls,2026-07-10T23:26:35.886407+00:00
6103.T,6103,オークマ,プライム（内国株式）,3600,機械,0008,機械,0006,TOPIX Small 1,20260630,https://www.jpx.co.jp/markets/statistics-equities/misc/tvdivq0000001vg2-att/data_j.xls,2026-07-10T23:26:35.886407+00:00
6104.T,6104,芝浦機械,プライム（内国株式）,3600,機械,0008,機械,0006,TOPIX Small 1,20260630,https://www.jpx.co.jp/markets/statistics-equities/misc/tvdivq0000001vg2-att/data_j.xls,2026-07-10T23:26:35.886407+00:00
6113.T,6113,アマダ,プライム（内国株式）,3600,機械,0008,機械,0004,TOPIX Mid400,20260630,https://www.jpx.co.jp/markets/statistics-equities/misc/tvdivq0000001vg2-att/data_j.xls,2026-07-10T23:26:35.886407+00:00
6118.T,6118,アイダエンジニアリング,プライム（内国株式）,3600,機械,0008,機械,0006,TOPIX Small 1,20260630,https://www.jpx.co.jp/markets/statistics-equities/misc/tvdivq0000001vg2-att/data_j.xls,2026-07-10T23:26:35.886407+00:00
6125.T,6125,岡本工作機械製作所,スタンダード（内国株式）,3600,機械,0008,機械,-,-,20260630,https://www.jpx.co.jp/markets/statistics-equities/misc/tvdivq0000001vg2-att/data_j.xls,2026-07-10T23:26:35.886407+00:00
6134.T,6134,ＦＵＪＩ,プライム（内国株式）,3600,機械,0008,機械,0004,TOPIX Mid400,20260630,https://www.jpx.co.jp/markets/statistics-equities/misc/tvdivq0000001vg2-att/data_j.xls,2026-07-10T23:26:35.886407+00:00
6135.T,6135,牧野フライス製作所,プライム（内国株式）,3600,機械,0008,機械,0006,TOPIX Small 1,20260630,https://www.jpx.co.jp/markets/statistics-equities/misc/tvdivq0000001vg2-att/data_j.xls,2026-07-10T23:26:35.886407+00:00
6136.T,6136,オーエスジー,プライム（内国株式）,3600,機械,0008,機械,0004,TOPIX Mid400,20260630,https://www.jpx.co.jp/markets/statistics-equities/misc/tvdivq0000001vg2-att/data_j.xls,2026-07-10T23:26:35.886407+00:00
6137.T,6137,小池酸素工業,スタンダード（内国株式）,3600,機械,0008,機械,-,-,20260630,https://www.jpx.co.jp/markets/statistics-equities/misc/tvdivq0000001vg2-att/data_j.xls,2026-07-10T23:26:35.886407+00:00
6138.T,6138,ダイジェット工業,スタンダード（内国株式）,3600,機械,0008,機械,-,-,20260630,https://www.jpx.co.jp/markets/statistics-equities/misc/tvdivq0000001vg2-att/data_j.xls,2026-07-10T23:26:35.886407+00:00
6140.T,6140,旭ダイヤモンド工業,プライム（内国株式）,3600,機械,0008,機械,0006,TOPIX Small 1,20260630,https://www.jpx.co.jp/markets/statistics-equities/misc/tvdivq0000001vg2-att/data_j.xls,2026-07-10T23:26:35.886407+00:00
6141.T,6141,ＤＭＧ森精機,プライム（内国株式）,3600,機械,0008,機械,0004,TOPIX Mid400,20260630,https://www.jpx.co.jp/markets/statistics-equities/misc/tvdivq0000001vg2-att/data_j.xls,2026-07-10T23:26:35.886407+00:00
6143.T,6143,ソディック,プライム（内国株式）,3600,機械,0008,機械,0006,TOPIX Small 1,20260630,https://www.jpx.co.jp/markets/statistics-equities/misc/tvdivq0000001vg2-att/data_j.xls,2026-07-10T23:26:35.886407+00:00
6144.T,6144,西部電機,スタンダード（内国株式）,3600,機械,0008,機械,-,-,20260630,https://www.jpx.co.jp/markets/statistics-equities/misc/tvdivq0000001vg2-att/data_j.xls,2026-07-10T23:26:35.886407+00:00
6145.T,6145,ＮＩＴＴＯＫＵ,スタンダード（内国株式）,3600,機械,0008,機械,-,-,20260630,https://www.jpx.co.jp/markets/statistics-equities/misc/tvdivq0000001vg2-att/data_j.xls,2026-07-10T23:26:35.886407+00:00
6146.T,6146,ディスコ,プライム（内国株式）,3600,機械,0008,機械,0002,TOPIX Large70,20260630,https://www.jpx.co.jp/markets/statistics-equities/misc/tvdivq0000001vg2-att/data_j.xls,2026-07-10T23:26:35.886407+00:00
6147.T,6147,ヤマザキ,スタンダード（内国株式）,3600,機械,0008,機械,-,-,20260630,https://www.jpx.co.jp/markets/statistics-equities/misc/tvdivq0000001vg2-att/data_j.xls,2026-07-10T23:26:35.886407+00:00
6149.T,6149,小田原エンジニアリング,スタンダード（内国株式）,3600,機械,0008,機械,-,-,20260630,https://www.jpx.co.jp/markets/statistics-equities/misc/tvdivq0000001vg2-att/data_j.xls,2026-07-10T23:26:35.886407+00:00
6150.T,6150,タケダ機械,スタンダード（内国株式）,3600,機械,0008,機械,-,-,20260630,https://www.jpx.co.jp/markets/statistics-equities/misc/tvdivq0000001vg2-att/data_j.xls,2026-07-10T23:26:35.886407+00:00
6151.T,6151,日東工器,プライム（内国株式）,3600,機械,0008,機械,0007,TOPIX Small 2,20260630,https://www.jpx.co.jp/markets/statistics-equities/misc/tvdivq0000001vg2-att/data_j.xls,2026-07-10T23:26:35.886407+00:00
6155.T,6155,高松機械工業,スタンダード（内国株式）,3600,機械,0008,機械,-,-,20260630,https://www.jpx.co.jp/markets/statistics-equities/misc/tvdivq0000001vg2-att/data_j.xls,2026-07-10T23:26:35.886407+00:00
6156.T,6156,エーワン精密,スタンダード（内国株式）,3600,機械,0008,機械,-,-,20260630,https://www.jpx.co.jp/markets/statistics-equities/misc/tvdivq0000001vg2-att/data_j.xls,2026-07-10T23:26:35.886407+00:00
6157.T,6157,日進工具,スタンダード（内国株式）,3600,機械,0008,機械,0007,TOPIX Small 2,20260630,https://www.jpx.co.jp/markets/statistics-equities/misc/tvdivq0000001vg2-att/data_j.xls,2026-07-10T23:26:35.886407+00:00
6158.T,6158,和井田製作所,スタンダード（内国株式）,3600,機械,0008,機械,-,-,20260630,https://www.jpx.co.jp/markets/statistics-equities/misc/tvdivq0000001vg2-att/data_j.xls,2026-07-10T23:26:35.886407+00:00
6159.T,6159,ミクロン精密,スタンダード（内国株式）,3600,機械,0008,機械,-,-,20260630,https://www.jpx.co.jp/markets/statistics-equities/misc/tvdivq0000001vg2-att/data_j.xls,2026-07-10T23:26:35.886407+00:00
6161.T,6161,エスティック,スタンダード（内国株式）,3600,機械,0008,機械,-,-,20260630,https://www.jpx.co.jp/markets/statistics-equities/misc/tvdivq0000001vg2-att/data_j.xls,2026-07-10T23:26:35.886407+00:00
6165.T,6165,パンチ工業,スタンダード（内国株式）,3600,機械,0008,機械,-,-,20260630,https://www.jpx.co.jp/markets/statistics-equities/misc/tvdivq0000001vg2-att/data_j.xls,2026-07-10T23:26:35.886407+00:00
6166.T,6166,中村超硬,グロース（内国株式）,3600,機械,0008,機械,-,-,20260630,https://www.jpx.co.jp/markets/statistics-equities/misc/tvdivq0000001vg2-att/data_j.xls,2026-07-10T23:26:35.886407+00:00
6167.T,6167,冨士ダイス,プライム（内国株式）,3600,機械,0008,機械,0007,TOPIX Small 2,20260630,https://www.jpx.co.jp/markets/statistics-equities/misc/tvdivq0000001vg2-att/data_j.xls,2026-07-10T23:26:35.886407+00:00
6168.T,6168,ＯＮＥ　ＧＲＯＵＰ,PRO Market,3600,機械,0008,機械,-,-,20260630,https://www.jpx.co.jp/markets/statistics-equities/misc/tvdivq0000001vg2-att/data_j.xls,2026-07-10T23:26:35.886407+00:00
6171.T,6171,土木管理総合試験所,スタンダード（内国株式）,9050,サービス業,0010,情報通信・サービスその他,-,-,20260630,https://www.jpx.co.jp/markets/statistics-equities/misc/tvdivq0000001vg2-att/data_j.xls,2026-07-10T23:26:35.886407+00:00
6174.T,6174,デンタス,PRO Market,9050,サービス業,0010,情報通信・サービスその他,-,-,20260630,https://www.jpx.co.jp/markets/statistics-equities/misc/tvdivq0000001vg2-att/data_j.xls,2026-07-10T23:26:35.886407+00:00
6176.T,6176,ブランジスタ,スタンダード（内国株式）,9050,サービス業,0010,情報通信・サービスその他,-,-,20260630,https://www.jpx.co.jp/markets/statistics-equities/misc/tvdivq0000001vg2-att/data_j.xls,2026-07-10T23:26:35.886407+00:00
6177.T,6177,ＡｐｐＢａｎｋ,グロース（内国株式）,9050,サービス業,0010,情報通信・サービスその他,-,-,20260630,https://www.jpx.co.jp/markets/statistics-equities/misc/tvdivq0000001vg2-att/data_j.xls,2026-07-10T23:26:35.886407+00:00
6178.T,6178,日本郵政,プライム（内国株式）,9050,サービス業,0010,情報通信・サービスその他,0002,TOPIX Large70,20260630,https://www.jpx.co.jp/markets/statistics-equities/misc/tvdivq0000001vg2-att/data_j.xls,2026-07-10T23:26:35.886407+00:00
6180.T,6180,ＧＭＯメディア,グロース（内国株式）,9050,サービス業,0010,情報通信・サービスその他,-,-,20260630,https://www.jpx.co.jp/markets/statistics-equities/misc/tvdivq0000001vg2-att/data_j.xls,2026-07-10T23:26:35.886407+00:00
6181.T,6181,タメニー,グロース（内国株式）,9050,サービス業,0010,情報通信・サービスその他,-,-,20260630,https://www.jpx.co.jp/markets/statistics-equities/misc/tvdivq0000001vg2-att/data_j.xls,2026-07-10T23:26:35.886407+00:00
6182.T,6182,メタリアル,グロース（内国株式）,9050,サービス業,0010,情報通信・サービスその他,-,-,20260630,https://www.jpx.co.jp/markets/statistics-equities/misc/tvdivq0000001vg2-att/data_j.xls,2026-07-10T23:26:35.886407+00:00
6183.T,6183,ベルシステム２４ホールディングス,プライム（内国株式）,9050,サービス業,0010,情報通信・サービスその他,0007,TOPIX Small 2,20260630,https://www.jpx.co.jp/markets/statistics-equities/misc/tvdivq0000001vg2-att/data_j.xls,2026-07-10T23:26:35.886407+00:00
6184.T,6184,鎌倉新書,プライム（内国株式）,9050,サービス業,0010,情報通信・サービスその他,0007,TOPIX Small 2,20260630,https://www.jpx.co.jp/markets/statistics-equities/misc/tvdivq0000001vg2-att/data_j.xls,2026-07-10T23:26:35.886407+00:00
6185.T,6185,ＳＭＮ,スタンダード（内国株式）,9050,サービス業,0010,情報通信・サービスその他,-,-,20260630,https://www.jpx.co.jp/markets/statistics-equities/misc/tvdivq0000001vg2-att/data_j.xls,2026-07-10T23:26:35.886407+00:00
6186.T,6186,一蔵,スタンダード（内国株式）,9050,サービス業,0010,情報通信・サービスその他,-,-,20260630,https://www.jpx.co.jp/markets/statistics-equities/misc/tvdivq0000001vg2-att/data_j.xls,2026-07-10T23:26:35.886407+00:00
6189.T,6189,グローバルキッズＣＯＭＰＡＮＹ,スタンダード（内国株式）,9050,サービス業,0010,情報通信・サービスその他,-,-,20260630,https://www.jpx.co.jp/markets/statistics-equities/misc/tvdivq0000001vg2-att/data_j.xls,2026-07-10T23:26:35.886407+00:00
6190.T,6190,フェニックスバイオ,グロース（内国株式）,9050,サービス業,0010,情報通信・サービスその他,-,-,20260630,https://www.jpx.co.jp/markets/statistics-equities/misc/tvdivq0000001vg2-att/data_j.xls,2026-07-10T23:26:35.886407+00:00
6191.T,6191,エアトリ,プライム（内国株式）,9050,サービス業,0010,情報通信・サービスその他,0007,TOPIX Small 2,20260630,https://www.jpx.co.jp/markets/statistics-equities/misc/tvdivq0000001vg2-att/data_j.xls,2026-07-10T23:26:35.886407+00:00
6193.T,6193,バーチャレクス・ホールディングス,グロース（内国株式）,9050,サービス業,0010,情報通信・サービスその他,-,-,20260630,https://www.jpx.co.jp/markets/statistics-equities/misc/tvdivq0000001vg2-att/data_j.xls,2026-07-10T23:26:35.886407+00:00
6194.T,6194,アトラエ,プライム（内国株式）,9050,サービス業,0010,情報通信・サービスその他,0007,TOPIX Small 2,20260630,https://www.jpx.co.jp/markets/statistics-equities/misc/tvdivq0000001vg2-att/data_j.xls,2026-07-10T23:26:35.886407+00:00
6195.T,6195,ホープ,グロース（内国株式）,9050,サービス業,0010,情報通信・サービスその他,-,-,20260630,https://www.jpx.co.jp/markets/statistics-equities/misc/tvdivq0000001vg2-att/data_j.xls,2026-07-10T23:26:35.886407+00:00
6196.T,6196,ストライクグループ,プライム（内国株式）,9050,サービス業,0010,情報通信・サービスその他,0006,TOPIX Small 1,20260630,https://www.jpx.co.jp/markets/statistics-equities/misc/tvdivq0000001vg2-att/data_j.xls,2026-07-10T23:26:35.886407+00:00
6197.T,6197,ソラスト,プライム（内国株式）,9050,サービス業,0010,情報通信・サービスその他,0007,TOPIX Small 2,20260630,https://www.jpx.co.jp/markets/statistics-equities/misc/tvdivq0000001vg2-att/data_j.xls,2026-07-10T23:26:35.886407+00:00
6198.T,6198,キャリア,グロース（内国株式）,9050,サービス業,0010,情報通信・サービスその他,-,-,20260630,https://www.jpx.co.jp/markets/statistics-equities/misc/tvdivq0000001vg2-att/data_j.xls,2026-07-10T23:26:35.886407+00:00
6199.T,6199,セラク,スタンダード（内国株式）,5250,情報・通信業,0010,情報通信・サービスその他,0007,TOPIX Small 2,20260630,https://www.jpx.co.jp/markets/statistics-equities/misc/tvdivq0000001vg2-att/data_j.xls,2026-07-10T23:26:35.886407+00:00
6200.T,6200,インソース,プライム（内国株式）,9050,サービス業,0010,情報通信・サービスその他,0006,TOPIX Small 1,20260630,https://www.jpx.co.jp/markets/statistics-equities/misc/tvdivq0000001vg2-att/data_j.xls,2026-07-10T23:26:35.886407+00:00
6203.T,6203,豊和工業,スタンダード（内国株式）,3600,機械,0008,機械,-,-,20260630,https://www.jpx.co.jp/markets/statistics-equities/misc/tvdivq0000001vg2-att/data_j.xls,2026-07-10T23:26:35.886407+00:00
6208.T,6208,石川製作所,スタンダード（内国株式）,3600,機械,0008,機械,-,-,20260630,https://www.jpx.co.jp/markets/statistics-equities/misc/tvdivq0000001vg2-att/data_j.xls,2026-07-10T23:26:35.886407+00:00
6209.T,6209,リケンＮＰＲ,プライム（内国株式）,3600,機械,0008,機械,0006,TOPIX Small 1,20260630,https://www.jpx.co.jp/markets/statistics-equities/misc/tvdivq0000001vg2-att/data_j.xls,2026-07-10T23:26:35.886407+00:00
6217.T,6217,津田駒工業,スタンダード（内国株式）,3600,機械,0008,機械,-,-,20260630,https://www.jpx.co.jp/markets/statistics-equities/misc/tvdivq0000001vg2-att/data_j.xls,2026-07-10T23:26:35.886407+00:00
6218.T,6218,エンシュウ,スタンダード（内国株式）,3600,機械,0008,機械,-,-,20260630,https://www.jpx.co.jp/markets/statistics-equities/misc/tvdivq0000001vg2-att/data_j.xls,2026-07-10T23:26:35.886407+00:00
6222.T,6222,島精機製作所,プライム（内国株式）,3600,機械,0008,機械,0006,TOPIX Small 1,20260630,https://www.jpx.co.jp/markets/statistics-equities/misc/tvdivq0000001vg2-att/data_j.xls,2026-07-10T23:26:35.886407+00:00
6223.T,6223,西部技研,スタンダード（内国株式）,3600,機械,0008,機械,-,-,20260630,https://www.jpx.co.jp/markets/statistics-equities/misc/tvdivq0000001vg2-att/data_j.xls,2026-07-10T23:26:35.886407+00:00
6224.T,6224,ＪＲＣ,グロース（内国株式）,3600,機械,0008,機械,-,-,20260630,https://www.jpx.co.jp/markets/statistics-equities/misc/tvdivq0000001vg2-att/data_j.xls,2026-07-10T23:26:35.886407+00:00
6226.T,6226,守谷輸送機工業,スタンダード（内国株式）,3600,機械,0008,機械,-,-,20260630,https://www.jpx.co.jp/markets/statistics-equities/misc/tvdivq0000001vg2-att/data_j.xls,2026-07-10T23:26:35.886407+00:00
6227.T,6227,ＡＩメカテック,スタンダード（内国株式）,3600,機械,0008,機械,-,-,20260630,https://www.jpx.co.jp/markets/statistics-equities/misc/tvdivq0000001vg2-att/data_j.xls,2026-07-10T23:26:35.886407+00:00
6228.T,6228,ジェイ・イー・ティ,スタンダード（内国株式）,3600,機械,0008,機械,-,-,20260630,https://www.jpx.co.jp/markets/statistics-equities/misc/tvdivq0000001vg2-att/data_j.xls,2026-07-10T23:26:35.886407+00:00
6229.T,6229,オーケーエム,スタンダード（内国株式）,3600,機械,0008,機械,-,-,20260630,https://www.jpx.co.jp/markets/statistics-equities/misc/tvdivq0000001vg2-att/data_j.xls,2026-07-10T23:26:35.886407+00:00
6230.T,6230,ＳＡＮＥＩ,スタンダード（内国株式）,3600,機械,0008,機械,-,-,20260630,https://www.jpx.co.jp/markets/statistics-equities/misc/tvdivq0000001vg2-att/data_j.xls,2026-07-10T23:26:35.886407+00:00
6231.T,6231,木村工機,スタンダード（内国株式）,3600,機械,0008,機械,-,-,20260630,https://www.jpx.co.jp/markets/statistics-equities/misc/tvdivq0000001vg2-att/data_j.xls,2026-07-10T23:26:35.886407+00:00
6232.T,6232,ＡＣＳＬ,グロース（内国株式）,3600,機械,0008,機械,-,-,20260630,https://www.jpx.co.jp/markets/statistics-equities/misc/tvdivq0000001vg2-att/data_j.xls,2026-07-10T23:26:35.886407+00:00
6233.T,6233,ＫＬＡＳＳ,スタンダード（内国株式）,3600,機械,0008,機械,-,-,20260630,https://www.jpx.co.jp/markets/statistics-equities/misc/tvdivq0000001vg2-att/data_j.xls,2026-07-10T23:26:35.886407+00:00
6235.T,6235,オプトラン,プライム（内国株式）,3600,機械,0008,機械,0006,TOPIX Small 1,20260630,https://www.jpx.co.jp/markets/statistics-equities/misc/tvdivq0000001vg2-att/data_j.xls,2026-07-10T23:26:35.886407+00:00
6237.T,6237,イワキポンプ,プライム（内国株式）,3600,機械,0008,機械,0007,TOPIX Small 2,20260630,https://www.jpx.co.jp/markets/statistics-equities/misc/tvdivq0000001vg2-att/data_j.xls,2026-07-10T23:26:35.886407+00:00
6238.T,6238,フリュー,プライム（内国株式）,3600,機械,0008,機械,0007,TOPIX Small 2,20260630,https://www.jpx.co.jp/markets/statistics-equities/misc/tvdivq0000001vg2-att/data_j.xls,2026-07-10T23:26:35.886407+00:00
6239.T,6239,ナガオカ,スタンダード（内国株式）,3600,機械,0008,機械,-,-,20260630,https://www.jpx.co.jp/markets/statistics-equities/misc/tvdivq0000001vg2-att/data_j.xls,2026-07-10T23:26:35.886407+00:00
6240.T,6240,ヤマシンフィルタ,プライム（内国株式）,3600,機械,0008,機械,0007,TOPIX Small 2,20260630,https://www.jpx.co.jp/markets/statistics-equities/misc/tvdivq0000001vg2-att/data_j.xls,2026-07-10T23:26:35.886407+00:00
6245.T,6245,ヒラノテクシード,スタンダード（内国株式）,3600,機械,0008,機械,-,-,20260630,https://www.jpx.co.jp/markets/statistics-equities/misc/tvdivq0000001vg2-att/data_j.xls,2026-07-10T23:26:35.886407+00:00
6246.T,6246,テクノスマート,スタンダード（内国株式）,3600,機械,0008,機械,-,-,20260630,https://www.jpx.co.jp/markets/statistics-equities/misc/tvdivq0000001vg2-att/data_j.xls,2026-07-10T23:26:35.886407+00:00
6247.T,6247,日阪製作所,プライム（内国株式）,3600,機械,0008,機械,0007,TOPIX Small 2,20260630,https://www.jpx.co.jp/markets/statistics-equities/misc/tvdivq0000001vg2-att/data_j.xls,2026-07-10T23:26:35.886407+00:00
6248.T,6248,横田製作所,スタンダード（内国株式）,3600,機械,0008,機械,-,-,20260630,https://www.jpx.co.jp/markets/statistics-equities/misc/tvdivq0000001vg2-att/data_j.xls,2026-07-10T23:26:35.886407+00:00
6249.T,6249,ゲームカードホールディングス,スタンダード（内国株式）,3600,機械,0008,機械,-,-,20260630,https://www.jpx.co.jp/markets/statistics-equities/misc/tvdivq0000001vg2-att/data_j.xls,2026-07-10T23:26:35.886407+00:00
6250.T,6250,やまびこ,プライム（内国株式）,3600,機械,0008,機械,0006,TOPIX Small 1,20260630,https://www.jpx.co.jp/markets/statistics-equities/misc/tvdivq0000001vg2-att/data_j.xls,2026-07-10T23:26:35.886407+00:00
6254.T,6254,野村マイクロ・サイエンス,プライム（内国株式）,3600,機械,0008,機械,0006,TOPIX Small 1,20260630,https://www.jpx.co.jp/markets/statistics-equities/misc/tvdivq0000001vg2-att/data_j.xls,2026-07-10T23:26:35.886407+00:00
6255.T,6255,エヌ・ピー・シー,グロース（内国株式）,3600,機械,0008,機械,-,-,20260630,https://www.jpx.co.jp/markets/statistics-equities/misc/tvdivq0000001vg2-att/data_j.xls,2026-07-10T23:26:35.886407+00:00
6257.T,6257,藤商事,スタンダード（内国株式）,3600,機械,0008,機械,-,-,20260630,https://www.jpx.co.jp/markets/statistics-equities/misc/tvdivq0000001vg2-att/data_j.xls,2026-07-10T23:26:35.886407+00:00
6258.T,6258,平田機工,プライム（内国株式）,3600,機械,0008,機械,0006,TOPIX Small 1,20260630,https://www.jpx.co.jp/markets/statistics-equities/misc/tvdivq0000001vg2-att/data_j.xls,2026-07-10T23:26:35.886407+00:00
6262.T,6262,ＰＥＧＡＳＵＳ,スタンダード（内国株式）,3600,機械,0008,機械,0007,TOPIX Small 2,20260630,https://www.jpx.co.jp/markets/statistics-equities/misc/tvdivq0000001vg2-att/data_j.xls,2026-07-10T23:26:35.886407+00:00
6264.T,6264,マルマエ,プライム（内国株式）,3600,機械,0008,機械,0007,TOPIX Small 2,20260630,https://www.jpx.co.jp/markets/statistics-equities/misc/tvdivq0000001vg2-att/data_j.xls,2026-07-10T23:26:35.886407+00:00
6265.T,6265,コンバム,スタンダード（内国株式）,3600,機械,0008,機械,-,-,20260630,https://www.jpx.co.jp/markets/statistics-equities/misc/tvdivq0000001vg2-att/data_j.xls,2026-07-10T23:26:35.886407+00:00
6266.T,6266,タツモ,プライム（内国株式）,3600,機械,0008,機械,0007,TOPIX Small 2,20260630,https://www.jpx.co.jp/markets/statistics-equities/misc/tvdivq0000001vg2-att/data_j.xls,2026-07-10T23:26:35.886407+00:00
6267.T,6267,ゼネラルパッカー,スタンダード（内国株式）,3600,機械,0008,機械,-,-,20260630,https://www.jpx.co.jp/markets/statistics-equities/misc/tvdivq0000001vg2-att/data_j.xls,2026-07-10T23:26:35.886407+00:00
6268.T,6268,ナブテスコ,プライム（内国株式）,3600,機械,0008,機械,0004,TOPIX Mid400,20260630,https://www.jpx.co.jp/markets/statistics-equities/misc/tvdivq0000001vg2-att/data_j.xls,2026-07-10T23:26:35.886407+00:00
6269.T,6269,三井海洋開発,プライム（内国株式）,3600,機械,0008,機械,0004,TOPIX Mid400,20260630,https://www.jpx.co.jp/markets/statistics-equities/misc/tvdivq0000001vg2-att/data_j.xls,2026-07-10T23:26:35.886407+00:00
6272.T,6272,レオン自動機,プライム（内国株式）,3600,機械,0008,機械,0007,TOPIX Small 2,20260630,https://www.jpx.co.jp/markets/statistics-equities/misc/tvdivq0000001vg2-att/data_j.xls,2026-07-10T23:26:35.886407+00:00
6273.T,6273,ＳＭＣ,プライム（内国株式）,3600,機械,0008,機械,0002,TOPIX Large70,20260630,https://www.jpx.co.jp/markets/statistics-equities/misc/tvdivq0000001vg2-att/data_j.xls,2026-07-10T23:26:35.886407+00:00
6276.T,6276,シリウスビジョン,スタンダード（内国株式）,3650,電気機器,0009,電機・精密,-,-,20260630,https://www.jpx.co.jp/markets/statistics-equities/misc/tvdivq0000001vg2-att/data_j.xls,2026-07-10T23:26:35.886407+00:00
6277.T,6277,ホソカワミクロン,プライム（内国株式）,3600,機械,0008,機械,0006,TOPIX Small 1,20260630,https://www.jpx.co.jp/markets/statistics-equities/misc/tvdivq0000001vg2-att/data_j.xls,2026-07-10T23:26:35.886407+00:00
6278.T,6278,ユニオンツール,プライム（内国株式）,3600,機械,0008,機械,0006,TOPIX Small 1,20260630,https://www.jpx.co.jp/markets/statistics-equities/misc/tvdivq0000001vg2-att/data_j.xls,2026-07-10T23:26:35.886407+00:00
6279.T,6279,瑞光,プライム（内国株式）,3600,機械,0008,機械,0007,TOPIX Small 2,20260630,https://www.jpx.co.jp/markets/statistics-equities/misc/tvdivq0000001vg2-att/data_j.xls,2026-07-10T23:26:35.886407+00:00
6282.T,6282,オイレス工業,プライム（内国株式）,3600,機械,0008,機械,0006,TOPIX Small 1,20260630,https://www.jpx.co.jp/markets/statistics-equities/misc/tvdivq0000001vg2-att/data_j.xls,2026-07-10T23:26:35.886407+00:00
6284.T,6284,日精エー・エス・ビー機械,プライム（内国株式）,3600,機械,0008,機械,0006,TOPIX Small 1,20260630,https://www.jpx.co.jp/markets/statistics-equities/misc/tvdivq0000001vg2-att/data_j.xls,2026-07-10T23:26:35.886407+00:00
6286.T,6286,靜甲,スタンダード（内国株式）,3600,機械,0008,機械,-,-,20260630,https://www.jpx.co.jp/markets/statistics-equities/misc/tvdivq0000001vg2-att/data_j.xls,2026-07-10T23:26:35.886407+00:00
6287.T,6287,サトー,プライム（内国株式）,3600,機械,0008,機械,0006,TOPIX Small 1,20260630,https://www.jpx.co.jp/markets/statistics-equities/misc/tvdivq0000001vg2-att/data_j.xls,2026-07-10T23:26:35.886407+00:00
6289.T,6289,技研製作所,プライム（内国株式）,3600,機械,0008,機械,0007,TOPIX Small 2,20260630,https://www.jpx.co.jp/markets/statistics-equities/misc/tvdivq0000001vg2-att/data_j.xls,2026-07-10T23:26:35.886407+00:00
6291.T,6291,日本エアーテック,スタンダード（内国株式）,3600,機械,0008,機械,0007,TOPIX Small 2,20260630,https://www.jpx.co.jp/markets/statistics-equities/misc/tvdivq0000001vg2-att/data_j.xls,2026-07-10T23:26:35.886407+00:00
6292.T,6292,カワタ,スタンダード（内国株式）,3600,機械,0008,機械,-,-,20260630,https://www.jpx.co.jp/markets/statistics-equities/misc/tvdivq0000001vg2-att/data_j.xls,2026-07-10T23:26:35.886407+00:00
6294.T,6294,オカダアイヨン,プライム（内国株式）,3600,機械,0008,機械,-,-,20260630,https://www.jpx.co.jp/markets/statistics-equities/misc/tvdivq0000001vg2-att/data_j.xls,2026-07-10T23:26:35.886407+00:00
6298.T,6298,ワイエイシイホールディングス,プライム（内国株式）,3600,機械,0008,機械,0007,TOPIX Small 2,20260630,https://www.jpx.co.jp/markets/statistics-equities/misc/tvdivq0000001vg2-att/data_j.xls,2026-07-10T23:26:35.886407+00:00
6301.T,6301,小松製作所,プライム（内国株式）,3600,機械,0008,機械,0002,TOPIX Large70,20260630,https://www.jpx.co.jp/markets/statistics-equities/misc/tvdivq0000001vg2-att/data_j.xls,2026-07-10T23:26:35.886407+00:00
6302.T,6302,住友重機械工業,プライム（内国株式）,3600,機械,0008,機械,0004,TOPIX Mid400,20260630,https://www.jpx.co.jp/markets/statistics-equities/misc/tvdivq0000001vg2-att/data_j.xls,2026-07-10T23:26:35.886407+00:00
6305.T,6305,日立建機,プライム（内国株式）,3600,機械,0008,機械,0004,TOPIX Mid400,20260630,https://www.jpx.co.jp/markets/statistics-equities/misc/tvdivq0000001vg2-att/data_j.xls,2026-07-10T23:26:35.886407+00:00
6306.T,6306,日工,プライム（内国株式）,3600,機械,0008,機械,0007,TOPIX Small 2,20260630,https://www.jpx.co.jp/markets/statistics-equities/misc/tvdivq0000001vg2-att/data_j.xls,2026-07-10T23:26:35.886407+00:00
6307.T,6307,サンセイ,スタンダード（内国株式）,3600,機械,0008,機械,-,-,20260630,https://www.jpx.co.jp/markets/statistics-equities/misc/tvdivq0000001vg2-att/data_j.xls,2026-07-10T23:26:35.886407+00:00
6309.T,6309,巴工業,プライム（内国株式）,3600,機械,0008,機械,0007,TOPIX Small 2,20260630,https://www.jpx.co.jp/markets/statistics-equities/misc/tvdivq0000001vg2-att/data_j.xls,2026-07-10T23:26:35.886407+00:00
6310.T,6310,井関農機,プライム（内国株式）,3600,機械,0008,機械,0007,TOPIX Small 2,20260630,https://www.jpx.co.jp/markets/statistics-equities/misc/tvdivq0000001vg2-att/data_j.xls,2026-07-10T23:26:35.886407+00:00
6315.T,6315,ＴＯＷＡ,プライム（内国株式）,3600,機械,0008,機械,0006,TOPIX Small 1,20260630,https://www.jpx.co.jp/markets/statistics-equities/misc/tvdivq0000001vg2-att/data_j.xls,2026-07-10T23:26:35.886407+00:00
6316.T,6316,丸山製作所,スタンダード（内国株式）,3600,機械,0008,機械,-,-,20260630,https://www.jpx.co.jp/markets/statistics-equities/misc/tvdivq0000001vg2-att/data_j.xls,2026-07-10T23:26:35.886407+00:00
6317.T,6317,北川鉄工所,スタンダード（内国株式）,3600,機械,0008,機械,0007,TOPIX Small 2,20260630,https://www.jpx.co.jp/markets/statistics-equities/misc/tvdivq0000001vg2-att/data_j.xls,2026-07-10T23:26:35.886407+00:00
6322.T,6322,タクミナ,スタンダード（内国株式）,3600,機械,0008,機械,-,-,20260630,https://www.jpx.co.jp/markets/statistics-equities/misc/tvdivq0000001vg2-att/data_j.xls,2026-07-10T23:26:35.886407+00:00
6323.T,6323,ローツェ,プライム（内国株式）,3600,機械,0008,機械,0004,TOPIX Mid400,20260630,https://www.jpx.co.jp/markets/statistics-equities/misc/tvdivq0000001vg2-att/data_j.xls,2026-07-10T23:26:35.886407+00:00
6324.T,6324,ハーモニック・ドライブ・システムズ,プライム（内国株式）,3600,機械,0008,機械,0007,TOPIX Small 2,20260630,https://www.jpx.co.jp/markets/statistics-equities/misc/tvdivq0000001vg2-att/data_j.xls,2026-07-10T23:26:35.886407+00:00
6325.T,6325,タカキタ,スタンダード（内国株式）,3600,機械,0008,機械,-,-,20260630,https://www.jpx.co.jp/markets/statistics-equities/misc/tvdivq0000001vg2-att/data_j.xls,2026-07-10T23:26:35.886407+00:00
6326.T,6326,クボタ,プライム（内国株式）,3600,機械,0008,機械,0002,TOPIX Large70,20260630,https://www.jpx.co.jp/markets/statistics-equities/misc/tvdivq0000001vg2-att/data_j.xls,2026-07-10T23:26:35.886407+00:00
6327.T,6327,北川精機,スタンダード（内国株式）,3600,機械,0008,機械,-,-,20260630,https://www.jpx.co.jp/markets/statistics-equities/misc/tvdivq0000001vg2-att/data_j.xls,2026-07-10T23:26:35.886407+00:00
6328.T,6328,荏原実業,プライム（内国株式）,3600,機械,0008,機械,0007,TOPIX Small 2,20260630,https://www.jpx.co.jp/markets/statistics-equities/misc/tvdivq0000001vg2-att/data_j.xls,2026-07-10T23:26:35.886407+00:00
6330.T,6330,東洋エンジニアリング,プライム（内国株式）,2050,建設業,0003,建設・資材,0007,TOPIX Small 2,20260630,https://www.jpx.co.jp/markets/statistics-equities/misc/tvdivq0000001vg2-att/data_j.xls,2026-07-10T23:26:35.886407+00:00
6331.T,6331,三菱化工機,プライム（内国株式）,3600,機械,0008,機械,0006,TOPIX Small 1,20260630,https://www.jpx.co.jp/markets/statistics-equities/misc/tvdivq0000001vg2-att/data_j.xls,2026-07-10T23:26:35.886407+00:00
6332.T,6332,月島ホールディングス,プライム（内国株式）,3600,機械,0008,機械,0006,TOPIX Small 1,20260630,https://www.jpx.co.jp/markets/statistics-equities/misc/tvdivq0000001vg2-att/data_j.xls,2026-07-10T23:26:35.886407+00:00
6333.T,6333,ＴＥＩＫＯＫＵ,プライム（内国株式）,3600,機械,0008,機械,0007,TOPIX Small 2,20260630,https://www.jpx.co.jp/markets/statistics-equities/misc/tvdivq0000001vg2-att/data_j.xls,2026-07-10T23:26:35.886407+00:00
6334.T,6334,明治機械,スタンダード（内国株式）,3600,機械,0008,機械,-,-,20260630,https://www.jpx.co.jp/markets/statistics-equities/misc/tvdivq0000001vg2-att/data_j.xls,2026-07-10T23:26:35.886407+00:00
6335.T,6335,東京機械製作所,スタンダード（内国株式）,3600,機械,0008,機械,-,-,20260630,https://www.jpx.co.jp/markets/statistics-equities/misc/tvdivq0000001vg2-att/data_j.xls,2026-07-10T23:26:35.886407+00:00
6336.T,6336,石井表記,スタンダード（内国株式）,3600,機械,0008,機械,-,-,20260630,https://www.jpx.co.jp/markets/statistics-equities/misc/tvdivq0000001vg2-att/data_j.xls,2026-07-10T23:26:35.886407+00:00
6337.T,6337,テセック,スタンダード（内国株式）,3600,機械,0008,機械,-,-,20260630,https://www.jpx.co.jp/markets/statistics-equities/misc/tvdivq0000001vg2-att/data_j.xls,2026-07-10T23:26:35.886407+00:00
6338.T,6338,タカトリ,スタンダード（内国株式）,3600,機械,0008,機械,-,-,20260630,https://www.jpx.co.jp/markets/statistics-equities/misc/tvdivq0000001vg2-att/data_j.xls,2026-07-10T23:26:35.886407+00:00
6339.T,6339,新東工業,プライム（内国株式）,3600,機械,0008,機械,0007,TOPIX Small 2,20260630,https://www.jpx.co.jp/markets/statistics-equities/misc/tvdivq0000001vg2-att/data_j.xls,2026-07-10T23:26:35.886407+00:00
6340.T,6340,澁谷工業,プライム（内国株式）,3600,機械,0008,機械,0007,TOPIX Small 2,20260630,https://www.jpx.co.jp/markets/statistics-equities/misc/tvdivq0000001vg2-att/data_j.xls,2026-07-10T23:26:35.886407+00:00
6342.T,6342,太平製作所,スタンダード（内国株式）,3600,機械,0008,機械,-,-,20260630,https://www.jpx.co.jp/markets/statistics-equities/misc/tvdivq0000001vg2-att/data_j.xls,2026-07-10T23:26:35.886407+00:00
6343.T,6343,フリージア・マクロス,スタンダード（内国株式）,3600,機械,0008,機械,-,-,20260630,https://www.jpx.co.jp/markets/statistics-equities/misc/tvdivq0000001vg2-att/data_j.xls,2026-07-10T23:26:35.886407+00:00
6345.T,6345,アイチ　コーポレーション,プライム（内国株式）,3600,機械,0008,機械,0007,TOPIX Small 2,20260630,https://www.jpx.co.jp/markets/statistics-equities/misc/tvdivq0000001vg2-att/data_j.xls,2026-07-10T23:26:35.886407+00:00
6346.T,6346,キクカワエンタープライズ,スタンダード（内国株式）,3600,機械,0008,機械,-,-,20260630,https://www.jpx.co.jp/markets/statistics-equities/misc/tvdivq0000001vg2-att/data_j.xls,2026-07-10T23:26:35.886407+00:00
6347.T,6347,プラコー,スタンダード（内国株式）,3600,機械,0008,機械,-,-,20260630,https://www.jpx.co.jp/markets/statistics-equities/misc/tvdivq0000001vg2-att/data_j.xls,2026-07-10T23:26:35.886407+00:00
6349.T,6349,小森コーポレーション,プライム（内国株式）,3600,機械,0008,機械,0006,TOPIX Small 1,20260630,https://www.jpx.co.jp/markets/statistics-equities/misc/tvdivq0000001vg2-att/data_j.xls,2026-07-10T23:26:35.886407+00:00
6351.T,6351,鶴見製作所,プライム（内国株式）,3600,機械,0008,機械,0007,TOPIX Small 2,20260630,https://www.jpx.co.jp/markets/statistics-equities/misc/tvdivq0000001vg2-att/data_j.xls,2026-07-10T23:26:35.886407+00:00
6356.T,6356,日本ギア工業,スタンダード（内国株式）,3600,機械,0008,機械,-,-,20260630,https://www.jpx.co.jp/markets/statistics-equities/misc/tvdivq0000001vg2-att/data_j.xls,2026-07-10T23:26:35.886407+00:00
6357.T,6357,三精テクノロジーズ,スタンダード（内国株式）,3600,機械,0008,機械,-,-,20260630,https://www.jpx.co.jp/markets/statistics-equities/misc/tvdivq0000001vg2-att/data_j.xls,2026-07-10T23:26:35.886407+00:00
6358.T,6358,酒井重工業,プライム（内国株式）,3600,機械,0008,機械,0007,TOPIX Small 2,20260630,https://www.jpx.co.jp/markets/statistics-equities/misc/tvdivq0000001vg2-att/data_j.xls,2026-07-10T23:26:35.886407+00:00
6360.T,6360,東京自働機械製作所,スタンダード（内国株式）,3600,機械,0008,機械,-,-,20260630,https://www.jpx.co.jp/markets/statistics-equities/misc/tvdivq0000001vg2-att/data_j.xls,2026-07-10T23:26:35.886407+00:00
6361.T,6361,荏原製作所,プライム（内国株式）,3600,機械,0008,機械,0004,TOPIX Mid400,20260630,https://www.jpx.co.jp/markets/statistics-equities/misc/tvdivq0000001vg2-att/data_j.xls,2026-07-10T23:26:35.886407+00:00
6363.T,6363,酉島製作所,プライム（内国株式）,3600,機械,0008,機械,0006,TOPIX Small 1,20260630,https://www.jpx.co.jp/markets/statistics-equities/misc/tvdivq0000001vg2-att/data_j.xls,2026-07-10T23:26:35.886407+00:00
6364.T,6364,ＡＩＲＭＡＮ,プライム（内国株式）,3600,機械,0008,機械,0007,TOPIX Small 2,20260630,https://www.jpx.co.jp/markets/statistics-equities/misc/tvdivq0000001vg2-att/data_j.xls,2026-07-10T23:26:35.886407+00:00
6365.T,6365,電業社機械製作所,スタンダード（内国株式）,3600,機械,0008,機械,-,-,20260630,https://www.jpx.co.jp/markets/statistics-equities/misc/tvdivq0000001vg2-att/data_j.xls,2026-07-10T23:26:35.886407+00:00
6366.T,6366,千代田化工建設,スタンダード（内国株式）,2050,建設業,0003,建設・資材,-,-,20260630,https://www.jpx.co.jp/markets/statistics-equities/misc/tvdivq0000001vg2-att/data_j.xls,2026-07-10T23:26:35.886407+00:00
6367.T,6367,ダイキン工業,プライム（内国株式）,3600,機械,0008,機械,0001,TOPIX Core30,20260630,https://www.jpx.co.jp/markets/statistics-equities/misc/tvdivq0000001vg2-att/data_j.xls,2026-07-10T23:26:35.886407+00:00
6368.T,6368,オルガノ,プライム（内国株式）,3600,機械,0008,機械,0004,TOPIX Mid400,20260630,https://www.jpx.co.jp/markets/statistics-equities/misc/tvdivq0000001vg2-att/data_j.xls,2026-07-10T23:26:35.886407+00:00
6369.T,6369,トーヨーカネツ,プライム（内国株式）,3600,機械,0008,機械,0007,TOPIX Small 2,20260630,https://www.jpx.co.jp/markets/statistics-equities/misc/tvdivq0000001vg2-att/data_j.xls,2026-07-10T23:26:35.886407+00:00
6370.T,6370,栗田工業,プライム（内国株式）,3600,機械,0008,機械,0004,TOPIX Mid400,20260630,https://www.jpx.co.jp/markets/statistics-equities/misc/tvdivq0000001vg2-att/data_j.xls,2026-07-10T23:26:35.886407+00:00
6371.T,6371,椿本チエイン,プライム（内国株式）,3600,機械,0008,機械,0006,TOPIX Small 1,20260630,https://www.jpx.co.jp/markets/statistics-equities/misc/tvdivq0000001vg2-att/data_j.xls,2026-07-10T23:26:35.886407+00:00
6376.T,6376,日機装,プライム（内国株式）,3750,精密機器,0009,電機・精密,0006,TOPIX Small 1,20260630,https://www.jpx.co.jp/markets/statistics-equities/misc/tvdivq0000001vg2-att/data_j.xls,2026-07-10T23:26:35.886407+00:00
6378.T,6378,木村化工機,スタンダード（内国株式）,3600,機械,0008,機械,0007,TOPIX Small 2,20260630,https://www.jpx.co.jp/markets/statistics-equities/misc/tvdivq0000001vg2-att/data_j.xls,2026-07-10T23:26:35.886407+00:00
6379.T,6379,レイズネクスト,プライム（内国株式）,2050,建設業,0003,建設・資材,0007,TOPIX Small 2,20260630,https://www.jpx.co.jp/markets/statistics-equities/misc/tvdivq0000001vg2-att/data_j.xls,2026-07-10T23:26:35.886407+00:00
6380.T,6380,オリエンタルチエン工業,スタンダード（内国株式）,3600,機械,0008,機械,-,-,20260630,https://www.jpx.co.jp/markets/statistics-equities/misc/tvdivq0000001vg2-att/data_j.xls,2026-07-10T23:26:35.886407+00:00
6381.T,6381,アネスト岩田,プライム（内国株式）,3600,機械,0008,機械,0007,TOPIX Small 2,20260630,https://www.jpx.co.jp/markets/statistics-equities/misc/tvdivq0000001vg2-att/data_j.xls,2026-07-10T23:26:35.886407+00:00
6382.T,6382,トリニティ工業,スタンダード（内国株式）,3600,機械,0008,機械,-,-,20260630,https://www.jpx.co.jp/markets/statistics-equities/misc/tvdivq0000001vg2-att/data_j.xls,2026-07-10T23:26:35.886407+00:00
6383.T,6383,ダイフク,プライム（内国株式）,3600,機械,0008,機械,0004,TOPIX Mid400,20260630,https://www.jpx.co.jp/markets/statistics-equities/misc/tvdivq0000001vg2-att/data_j.xls,2026-07-10T23:26:35.886407+00:00
6384.T,6384,昭和真空,スタンダード（内国株式）,3600,機械,0008,機械,-,-,20260630,https://www.jpx.co.jp/markets/statistics-equities/misc/tvdivq0000001vg2-att/data_j.xls,2026-07-10T23:26:35.886407+00:00
6387.T,6387,サムコ,プライム（内国株式）,3600,機械,0008,機械,0007,TOPIX Small 2,20260630,https://www.jpx.co.jp/markets/statistics-equities/misc/tvdivq0000001vg2-att/data_j.xls,2026-07-10T23:26:35.886407+00:00
6390.T,6390,加藤製作所,プライム（内国株式）,3600,機械,0008,機械,-,-,20260630,https://www.jpx.co.jp/markets/statistics-equities/misc/tvdivq0000001vg2-att/data_j.xls,2026-07-10T23:26:35.886407+00:00
6391.T,6391,加地テック,スタンダード（内国株式）,3600,機械,0008,機械,-,-,20260630,https://www.jpx.co.jp/markets/statistics-equities/misc/tvdivq0000001vg2-att/data_j.xls,2026-07-10T23:26:35.886407+00:00
6392.T,6392,ヤマダコーポレーション,スタンダード（内国株式）,3600,機械,0008,機械,-,-,20260630,https://www.jpx.co.jp/markets/statistics-equities/misc/tvdivq0000001vg2-att/data_j.xls,2026-07-10T23:26:35.886407+00:00
6393.T,6393,油研工業,スタンダード（内国株式）,3600,機械,0008,機械,-,-,20260630,https://www.jpx.co.jp/markets/statistics-equities/misc/tvdivq0000001vg2-att/data_j.xls,2026-07-10T23:26:35.886407+00:00
6395.T,6395,タダノ,プライム（内国株式）,3600,機械,0008,機械,0006,TOPIX Small 1,20260630,https://www.jpx.co.jp/markets/statistics-equities/misc/tvdivq0000001vg2-att/data_j.xls,2026-07-10T23:26:35.886407+00:00
6396.T,6396,宇野澤組鐵工所,スタンダード（内国株式）,3600,機械,0008,機械,-,-,20260630,https://www.jpx.co.jp/markets/statistics-equities/misc/tvdivq0000001vg2-att/data_j.xls,2026-07-10T23:26:35.886407+00:00
6400.T,6400,不二精機,スタンダード（内国株式）,3600,機械,0008,機械,-,-,20260630,https://www.jpx.co.jp/markets/statistics-equities/misc/tvdivq0000001vg2-att/data_j.xls,2026-07-10T23:26:35.886407+00:00
6402.T,6402,兼松エンジニアリング,スタンダード（内国株式）,3600,機械,0008,機械,-,-,20260630,https://www.jpx.co.jp/markets/statistics-equities/misc/tvdivq0000001vg2-att/data_j.xls,2026-07-10T23:26:35.886407+00:00
6405.T,6405,鈴茂器工,スタンダード（内国株式）,3600,機械,0008,機械,-,-,20260630,https://www.jpx.co.jp/markets/statistics-equities/misc/tvdivq0000001vg2-att/data_j.xls,2026-07-10T23:26:35.886407+00:00
6407.T,6407,ＣＫＤ,プライム（内国株式）,3600,機械,0008,機械,0006,TOPIX Small 1,20260630,https://www.jpx.co.jp/markets/statistics-equities/misc/tvdivq0000001vg2-att/data_j.xls,2026-07-10T23:26:35.886407+00:00
6408.T,6408,小倉クラッチ,スタンダード（内国株式）,3600,機械,0008,機械,-,-,20260630,https://www.jpx.co.jp/markets/statistics-equities/misc/tvdivq0000001vg2-att/data_j.xls,2026-07-10T23:26:35.886407+00:00
6412.T,6412,平和,プライム（内国株式）,3600,機械,0008,機械,0006,TOPIX Small 1,20260630,https://www.jpx.co.jp/markets/statistics-equities/misc/tvdivq0000001vg2-att/data_j.xls,2026-07-10T23:26:35.886407+00:00
6413.T,6413,理想科学工業,プライム（内国株式）,3600,機械,0008,機械,0007,TOPIX Small 2,20260630,https://www.jpx.co.jp/markets/statistics-equities/misc/tvdivq0000001vg2-att/data_j.xls,2026-07-10T23:26:35.886407+00:00
6417.T,6417,ＳＡＮＫＹＯ,プライム（内国株式）,3600,機械,0008,機械,0004,TOPIX Mid400,20260630,https://www.jpx.co.jp/markets/statistics-equities/misc/tvdivq0000001vg2-att/data_j.xls,2026-07-10T23:26:35.886407+00:00
6418.T,6418,日本金銭機械,プライム（内国株式）,3600,機械,0008,機械,0007,TOPIX Small 2,20260630,https://www.jpx.co.jp/markets/statistics-equities/misc/tvdivq0000001vg2-att/data_j.xls,2026-07-10T23:26:35.886407+00:00
6419.T,6419,マースグループホールディングス,プライム（内国株式）,3600,機械,0008,機械,0006,TOPIX Small 1,20260630,https://www.jpx.co.jp/markets/statistics-equities/misc/tvdivq0000001vg2-att/data_j.xls,2026-07-10T23:26:35.886407+00:00
6420.T,6420,ガリレイ,プライム（内国株式）,3600,機械,0008,機械,0006,TOPIX Small 1,20260630,https://www.jpx.co.jp/markets/statistics-equities/misc/tvdivq0000001vg2-att/data_j.xls,2026-07-10T23:26:35.886407+00:00
6424.T,6424,高見沢サイバネティックス,スタンダード（内国株式）,3600,機械,0008,機械,-,-,20260630,https://www.jpx.co.jp/markets/statistics-equities/misc/tvdivq0000001vg2-att/data_j.xls,2026-07-10T23:26:35.886407+00:00
6425.T,6425,ユニバーサルエンターテインメント,スタンダード（内国株式）,3600,機械,0008,機械,-,-,20260630,https://www.jpx.co.jp/markets/statistics-equities/misc/tvdivq0000001vg2-att/data_j.xls,2026-07-10T23:26:35.886407+00:00
6428.T,6428,オーイズミ,スタンダード（内国株式）,3600,機械,0008,機械,-,-,20260630,https://www.jpx.co.jp/markets/statistics-equities/misc/tvdivq0000001vg2-att/data_j.xls,2026-07-10T23:26:35.886407+00:00
6430.T,6430,ダイコク電機,プライム（内国株式）,3600,機械,0008,機械,0007,TOPIX Small 2,20260630,https://www.jpx.co.jp/markets/statistics-equities/misc/tvdivq0000001vg2-att/data_j.xls,2026-07-10T23:26:35.886407+00:00
6432.T,6432,竹内製作所,プライム（内国株式）,3600,機械,0008,機械,0006,TOPIX Small 1,20260630,https://www.jpx.co.jp/markets/statistics-equities/misc/tvdivq0000001vg2-att/data_j.xls,2026-07-10T23:26:35.886407+00:00
6433.T,6433,ヒーハイスト,スタンダード（内国株式）,3600,機械,0008,機械,-,-,20260630,https://www.jpx.co.jp/markets/statistics-equities/misc/tvdivq0000001vg2-att/data_j.xls,2026-07-10T23:26:35.886407+00:00
6436.T,6436,アマノ,プライム（内国株式）,3600,機械,0008,機械,0004,TOPIX Mid400,20260630,https://www.jpx.co.jp/markets/statistics-equities/misc/tvdivq0000001vg2-att/data_j.xls,2026-07-10T23:26:35.886407+00:00
6440.T,6440,ＪＵＫＩ,プライム（内国株式）,3600,機械,0008,機械,0007,TOPIX Small 2,20260630,https://www.jpx.co.jp/markets/statistics-equities/misc/tvdivq0000001vg2-att/data_j.xls,2026-07-10T23:26:35.886407+00:00
6444.T,6444,サンデン,スタンダード（内国株式）,3600,機械,0008,機械,-,-,20260630,https://www.jpx.co.jp/markets/statistics-equities/misc/tvdivq0000001vg2-att/data_j.xls,2026-07-10T23:26:35.886407+00:00
6445.T,6445,ジャノメ,プライム（内国株式）,3600,機械,0008,機械,0007,TOPIX Small 2,20260630,https://www.jpx.co.jp/markets/statistics-equities/misc/tvdivq0000001vg2-att/data_j.xls,2026-07-10T23:26:35.886407+00:00
6448.T,6448,ブラザー工業,プライム（内国株式）,3650,電気機器,0009,電機・精密,0004,TOPIX Mid400,20260630,https://www.jpx.co.jp/markets/statistics-equities/misc/tvdivq0000001vg2-att/data_j.xls,2026-07-10T23:26:35.886407+00:00
6454.T,6454,マックス,プライム（内国株式）,3600,機械,0008,機械,0006,TOPIX Small 1,20260630,https://www.jpx.co.jp/markets/statistics-equities/misc/tvdivq0000001vg2-att/data_j.xls,2026-07-10T23:26:35.886407+00:00
6455.T,6455,モリタホールディングス,プライム（内国株式）,3700,輸送用機器,0006,自動車・輸送機,0007,TOPIX Small 2,20260630,https://www.jpx.co.jp/markets/statistics-equities/misc/tvdivq0000001vg2-att/data_j.xls,2026-07-10T23:26:35.886407+00:00
6457.T,6457,グローリー,プライム（内国株式）,3600,機械,0008,機械,0004,TOPIX Mid400,20260630,https://www.jpx.co.jp/markets/statistics-equities/misc/tvdivq0000001vg2-att/data_j.xls,2026-07-10T23:26:35.886407+00:00
6458.T,6458,新晃工業,プライム（内国株式）,3600,機械,0008,機械,0006,TOPIX Small 1,20260630,https://www.jpx.co.jp/markets/statistics-equities/misc/tvdivq0000001vg2-att/data_j.xls,2026-07-10T23:26:35.886407+00:00
6459.T,6459,大和冷機工業,プライム（内国株式）,3600,機械,0008,機械,0007,TOPIX Small 2,20260630,https://www.jpx.co.jp/markets/statistics-equities/misc/tvdivq0000001vg2-att/data_j.xls,2026-07-10T23:26:35.886407+00:00
6460.T,6460,セガサミーホールディングス,プライム（内国株式）,3600,機械,0008,機械,0004,TOPIX Mid400,20260630,https://www.jpx.co.jp/markets/statistics-equities/misc/tvdivq0000001vg2-att/data_j.xls,2026-07-10T23:26:35.886407+00:00
6463.T,6463,ＴＰＲ,プライム（内国株式）,3600,機械,0008,機械,0006,TOPIX Small 1,20260630,https://www.jpx.co.jp/markets/statistics-equities/misc/tvdivq0000001vg2-att/data_j.xls,2026-07-10T23:26:35.886407+00:00
6464.T,6464,ツバキ・ナカシマ,プライム（内国株式）,3600,機械,0008,機械,0007,TOPIX Small 2,20260630,https://www.jpx.co.jp/markets/statistics-equities/misc/tvdivq0000001vg2-att/data_j.xls,2026-07-10T23:26:35.886407+00:00
6465.T,6465,ホシザキ,プライム（内国株式）,3600,機械,0008,機械,0004,TOPIX Mid400,20260630,https://www.jpx.co.jp/markets/statistics-equities/misc/tvdivq0000001vg2-att/data_j.xls,2026-07-10T23:26:35.886407+00:00
6466.T,6466,ＴＶＥ,スタンダード（内国株式）,3600,機械,0008,機械,-,-,20260630,https://www.jpx.co.jp/markets/statistics-equities/misc/tvdivq0000001vg2-att/data_j.xls,2026-07-10T23:26:35.886407+00:00
6467.T,6467,ニチダイ,スタンダード（内国株式）,3600,機械,0008,機械,-,-,20260630,https://www.jpx.co.jp/markets/statistics-equities/misc/tvdivq0000001vg2-att/data_j.xls,2026-07-10T23:26:35.886407+00:00
6469.T,6469,放電精密加工研究所,スタンダード（内国株式）,3600,機械,0008,機械,-,-,20260630,https://www.jpx.co.jp/markets/statistics-equities/misc/tvdivq0000001vg2-att/data_j.xls,2026-07-10T23:26:35.886407+00:00
6470.T,6470,大豊工業,スタンダード（内国株式）,3600,機械,0008,機械,0007,TOPIX Small 2,20260630,https://www.jpx.co.jp/markets/statistics-equities/misc/tvdivq0000001vg2-att/data_j.xls,2026-07-10T23:26:35.886407+00:00
6471.T,6471,日本精工,プライム（内国株式）,3600,機械,0008,機械,0004,TOPIX Mid400,20260630,https://www.jpx.co.jp/markets/statistics-equities/misc/tvdivq0000001vg2-att/data_j.xls,2026-07-10T23:26:35.886407+00:00
6472.T,6472,ＮＴＮ,プライム（内国株式）,3600,機械,0008,機械,0004,TOPIX Mid400,20260630,https://www.jpx.co.jp/markets/statistics-equities/misc/tvdivq0000001vg2-att/data_j.xls,2026-07-10T23:26:35.886407+00:00
6473.T,6473,ジェイテクト,プライム（内国株式）,3600,機械,0008,機械,0004,TOPIX Mid400,20260630,https://www.jpx.co.jp/markets/statistics-equities/misc/tvdivq0000001vg2-att/data_j.xls,2026-07-10T23:26:35.886407+00:00
6474.T,6474,不二越,プライム（内国株式）,3600,機械,0008,機械,0006,TOPIX Small 1,20260630,https://www.jpx.co.jp/markets/statistics-equities/misc/tvdivq0000001vg2-att/data_j.xls,2026-07-10T23:26:35.886407+00:00
6479.T,6479,ミネベアミツミ,プライム（内国株式）,3650,電気機器,0009,電機・精密,0004,TOPIX Mid400,20260630,https://www.jpx.co.jp/markets/statistics-equities/misc/tvdivq0000001vg2-att/data_j.xls,2026-07-10T23:26:35.886407+00:00
6480.T,6480,日本トムソン,プライム（内国株式）,3600,機械,0008,機械,0007,TOPIX Small 2,20260630,https://www.jpx.co.jp/markets/statistics-equities/misc/tvdivq0000001vg2-att/data_j.xls,2026-07-10T23:26:35.886407+00:00
6481.T,6481,ＴＨＫ,プライム（内国株式）,3600,機械,0008,機械,0004,TOPIX Mid400,20260630,https://www.jpx.co.jp/markets/statistics-equities/misc/tvdivq0000001vg2-att/data_j.xls,2026-07-10T23:26:35.886407+00:00
6482.T,6482,ＹＵＳＨＩＮ,スタンダード（内国株式）,3600,機械,0008,機械,0007,TOPIX Small 2,20260630,https://www.jpx.co.jp/markets/statistics-equities/misc/tvdivq0000001vg2-att/data_j.xls,2026-07-10T23:26:35.886407+00:00
6484.T,6484,ＫＶＫ,スタンダード（内国株式）,3600,機械,0008,機械,-,-,20260630,https://www.jpx.co.jp/markets/statistics-equities/misc/tvdivq0000001vg2-att/data_j.xls,2026-07-10T23:26:35.886407+00:00
6485.T,6485,前澤給装工業,スタンダード（内国株式）,3600,機械,0008,機械,0007,TOPIX Small 2,20260630,https://www.jpx.co.jp/markets/statistics-equities/misc/tvdivq0000001vg2-att/data_j.xls,2026-07-10T23:26:35.886407+00:00
6486.T,6486,イーグル工業,プライム（内国株式）,3600,機械,0008,機械,0006,TOPIX Small 1,20260630,https://www.jpx.co.jp/markets/statistics-equities/misc/tvdivq0000001vg2-att/data_j.xls,2026-07-10T23:26:35.886407+00:00
6488.T,6488,ヨシタケ,スタンダード（内国株式）,3600,機械,0008,機械,-,-,20260630,https://www.jpx.co.jp/markets/statistics-equities/misc/tvdivq0000001vg2-att/data_j.xls,2026-07-10T23:26:35.886407+00:00
6490.T,6490,ＰＩＬＬＡＲ,プライム（内国株式）,3600,機械,0008,機械,0006,TOPIX Small 1,20260630,https://www.jpx.co.jp/markets/statistics-equities/misc/tvdivq0000001vg2-att/data_j.xls,2026-07-10T23:26:35.886407+00:00
6492.T,6492,岡野バルブ製造,スタンダード（内国株式）,3600,機械,0008,機械,-,-,20260630,https://www.jpx.co.jp/markets/statistics-equities/misc/tvdivq0000001vg2-att/data_j.xls,2026-07-10T23:26:35.886407+00:00
6493.T,6493,ＮＩＴＴＡＮ,スタンダード（内国株式）,3700,輸送用機器,0006,自動車・輸送機,-,-,20260630,https://www.jpx.co.jp/markets/statistics-equities/misc/tvdivq0000001vg2-att/data_j.xls,2026-07-10T23:26:35.886407+00:00
6494.T,6494,ＮＦＫホールディングス,スタンダード（内国株式）,3600,機械,0008,機械,-,-,20260630,https://www.jpx.co.jp/markets/statistics-equities/misc/tvdivq0000001vg2-att/data_j.xls,2026-07-10T23:26:35.886407+00:00
6495.T,6495,宮入バルブ製作所,スタンダード（内国株式）,3600,機械,0008,機械,-,-,20260630,https://www.jpx.co.jp/markets/statistics-equities/misc/tvdivq0000001vg2-att/data_j.xls,2026-07-10T23:26:35.886407+00:00
6496.T,6496,中北製作所,スタンダード（内国株式）,3600,機械,0008,機械,-,-,20260630,https://www.jpx.co.jp/markets/statistics-equities/misc/tvdivq0000001vg2-att/data_j.xls,2026-07-10T23:26:35.886407+00:00
6497.T,6497,ハマイ,スタンダード（内国株式）,3600,機械,0008,機械,-,-,20260630,https://www.jpx.co.jp/markets/statistics-equities/misc/tvdivq0000001vg2-att/data_j.xls,2026-07-10T23:26:35.886407+00:00
6498.T,6498,キッツ,プライム（内国株式）,3600,機械,0008,機械,0006,TOPIX Small 1,20260630,https://www.jpx.co.jp/markets/statistics-equities/misc/tvdivq0000001vg2-att/data_j.xls,2026-07-10T23:26:35.886407+00:00
6501.T,6501,日立製作所,プライム（内国株式）,3650,電気機器,0009,電機・精密,0001,TOPIX Core30,20260630,https://www.jpx.co.jp/markets/statistics-equities/misc/tvdivq0000001vg2-att/data_j.xls,2026-07-10T23:26:35.886407+00:00
6503.T,6503,三菱電機,プライム（内国株式）,3650,電気機器,0009,電機・精密,0001,TOPIX Core30,20260630,https://www.jpx.co.jp/markets/statistics-equities/misc/tvdivq0000001vg2-att/data_j.xls,2026-07-10T23:26:35.886407+00:00
6504.T,6504,富士電機,プライム（内国株式）,3650,電気機器,0009,電機・精密,0004,TOPIX Mid400,20260630,https://www.jpx.co.jp/markets/statistics-equities/misc/tvdivq0000001vg2-att/data_j.xls,2026-07-10T23:26:35.886407+00:00
6505.T,6505,東洋電機製造,スタンダード（内国株式）,3650,電気機器,0009,電機・精密,-,-,20260630,https://www.jpx.co.jp/markets/statistics-equities/misc/tvdivq0000001vg2-att/data_j.xls,2026-07-10T23:26:35.886407+00:00
6506.T,6506,安川電機,プライム（内国株式）,3650,電気機器,0009,電機・精密,0004,TOPIX Mid400,20260630,https://www.jpx.co.jp/markets/statistics-equities/misc/tvdivq0000001vg2-att/data_j.xls,2026-07-10T23:26:35.886407+00:00
6507.T,6507,シンフォニアテクノロジー,プライム（内国株式）,3650,電気機器,0009,電機・精密,0006,TOPIX Small 1,20260630,https://www.jpx.co.jp/markets/statistics-equities/misc/tvdivq0000001vg2-att/data_j.xls,2026-07-10T23:26:35.886407+00:00
6508.T,6508,明電舎,プライム（内国株式）,3650,電気機器,0009,電機・精密,0006,TOPIX Small 1,20260630,https://www.jpx.co.jp/markets/statistics-equities/misc/tvdivq0000001vg2-att/data_j.xls,2026-07-10T23:26:35.886407+00:00
6513.T,6513,オリジン,スタンダード（内国株式）,3650,電気機器,0009,電機・精密,-,-,20260630,https://www.jpx.co.jp/markets/statistics-equities/misc/tvdivq0000001vg2-att/data_j.xls,2026-07-10T23:26:35.886407+00:00
6516.T,6516,山洋電気,プライム（内国株式）,3650,電気機器,0009,電機・精密,0006,TOPIX Small 1,20260630,https://www.jpx.co.jp/markets/statistics-equities/misc/tvdivq0000001vg2-att/data_j.xls,2026-07-10T23:26:35.886407+00:00
6517.T,6517,デンヨー,プライム（内国株式）,3650,電気機器,0009,電機・精密,0007,TOPIX Small 2,20260630,https://www.jpx.co.jp/markets/statistics-equities/misc/tvdivq0000001vg2-att/data_j.xls,2026-07-10T23:26:35.886407+00:00
6518.T,6518,三相電機,スタンダード（内国株式）,3650,電気機器,0009,電機・精密,-,-,20260630,https://www.jpx.co.jp/markets/statistics-equities/misc/tvdivq0000001vg2-att/data_j.xls,2026-07-10T23:26:35.886407+00:00
6521.T,6521,オキサイド,グロース（内国株式）,3650,電気機器,0009,電機・精密,-,-,20260630,https://www.jpx.co.jp/markets/statistics-equities/misc/tvdivq0000001vg2-att/data_j.xls,2026-07-10T23:26:35.886407+00:00
6522.T,6522,アスタリスク,グロース（内国株式）,3650,電気機器,0009,電機・精密,-,-,20260630,https://www.jpx.co.jp/markets/statistics-equities/misc/tvdivq0000001vg2-att/data_j.xls,2026-07-10T23:26:35.886407+00:00
6523.T,6523,ＰＨＣホールディングス,プライム（内国株式）,3650,電気機器,0009,電機・精密,0006,TOPIX Small 1,20260630,https://www.jpx.co.jp/markets/statistics-equities/misc/tvdivq0000001vg2-att/data_j.xls,2026-07-10T23:26:35.886407+00:00
6524.T,6524,湖北工業,スタンダード（内国株式）,3650,電気機器,0009,電機・精密,-,-,20260630,https://www.jpx.co.jp/markets/statistics-equities/misc/tvdivq0000001vg2-att/data_j.xls,2026-07-10T23:26:35.886407+00:00
6525.T,6525,ＫＯＫＵＳＡＩ　ＥＬＥＣＴＲＩＣ,プライム（内国株式）,3650,電気機器,0009,電機・精密,0004,TOPIX Mid400,20260630,https://www.jpx.co.jp/markets/statistics-equities/misc/tvdivq0000001vg2-att/data_j.xls,2026-07-10T23:26:35.886407+00:00
6526.T,6526,ソシオネクスト,プライム（内国株式）,3650,電気機器,0009,電機・精密,0004,TOPIX Mid400,20260630,https://www.jpx.co.jp/markets/statistics-equities/misc/tvdivq0000001vg2-att/data_j.xls,2026-07-10T23:26:35.886407+00:00
6527.T,6527,ワカ製作所,PRO Market,3650,電気機器,0009,電機・精密,-,-,20260630,https://www.jpx.co.jp/markets/statistics-equities/misc/tvdivq0000001vg2-att/data_j.xls,2026-07-10T23:26:35.886407+00:00
6532.T,6532,ベイカレント,プライム（内国株式）,9050,サービス業,0010,情報通信・サービスその他,0004,TOPIX Mid400,20260630,https://www.jpx.co.jp/markets/statistics-equities/misc/tvdivq0000001vg2-att/data_j.xls,2026-07-10T23:26:35.886407+00:00
6533.T,6533,Ｏｒｃｈｅｓｔｒａ　Ｈｏｌｄｉｎｇｓ,プライム（内国株式）,9050,サービス業,0010,情報通信・サービスその他,0007,TOPIX Small 2,20260630,https://www.jpx.co.jp/markets/statistics-equities/misc/tvdivq0000001vg2-att/data_j.xls,2026-07-10T23:26:35.886407+00:00
6535.T,6535,アイモバイル,プライム（内国株式）,9050,サービス業,0010,情報通信・サービスその他,0007,TOPIX Small 2,20260630,https://www.jpx.co.jp/markets/statistics-equities/misc/tvdivq0000001vg2-att/data_j.xls,2026-07-10T23:26:35.886407+00:00
6537.T,6537,ＷＡＳＨハウス,グロース（内国株式）,9050,サービス業,0010,情報通信・サービスその他,-,-,20260630,https://www.jpx.co.jp/markets/statistics-equities/misc/tvdivq0000001vg2-att/data_j.xls,2026-07-10T23:26:35.886407+00:00
6538.T,6538,ディスラプターズ,スタンダード（内国株式）,9050,サービス業,0010,情報通信・サービスその他,-,-,20260630,https://www.jpx.co.jp/markets/statistics-equities/misc/tvdivq0000001vg2-att/data_j.xls,2026-07-10T23:26:35.886407+00:00
6539.T,6539,ＭＳ－Ｊａｐａｎ,プライム（内国株式）,9050,サービス業,0010,情報通信・サービスその他,0007,TOPIX Small 2,20260630,https://www.jpx.co.jp/markets/statistics-equities/misc/tvdivq0000001vg2-att/data_j.xls,2026-07-10T23:26:35.886407+00:00
6540.T,6540,船場,スタンダード（内国株式）,9050,サービス業,0010,情報通信・サービスその他,-,-,20260630,https://www.jpx.co.jp/markets/statistics-equities/misc/tvdivq0000001vg2-att/data_j.xls,2026-07-10T23:26:35.886407+00:00
6543.T,6543,日宣,スタンダード（内国株式）,9050,サービス業,0010,情報通信・サービスその他,-,-,20260630,https://www.jpx.co.jp/markets/statistics-equities/misc/tvdivq0000001vg2-att/data_j.xls,2026-07-10T23:26:35.886407+00:00
6544.T,6544,ジャパンエレベーターサービスホールディングス,プライム（内国株式）,9050,サービス業,0010,情報通信・サービスその他,0004,TOPIX Mid400,20260630,https://www.jpx.co.jp/markets/statistics-equities/misc/tvdivq0000001vg2-att/data_j.xls,2026-07-10T23:26:35.886407+00:00
6545.T,6545,インターネットインフィニティー,グロース（内国株式）,9050,サービス業,0010,情報通信・サービスその他,-,-,20260630,https://www.jpx.co.jp/markets/statistics-equities/misc/tvdivq0000001vg2-att/data_j.xls,2026-07-10T23:26:35.886407+00:00
6546.T,6546,フルテック,スタンダード（内国株式）,9050,サービス業,0010,情報通信・サービスその他,-,-,20260630,https://www.jpx.co.jp/markets/statistics-equities/misc/tvdivq0000001vg2-att/data_j.xls,2026-07-10T23:26:35.886407+00:00
6547.T,6547,グリーンズ,スタンダード（内国株式）,9050,サービス業,0010,情報通信・サービスその他,-,-,20260630,https://www.jpx.co.jp/markets/statistics-equities/misc/tvdivq0000001vg2-att/data_j.xls,2026-07-10T23:26:35.886407+00:00
6548.T,6548,旅工房,グロース（内国株式）,9050,サービス業,0010,情報通信・サービスその他,-,-,20260630,https://www.jpx.co.jp/markets/statistics-equities/misc/tvdivq0000001vg2-att/data_j.xls,2026-07-10T23:26:35.886407+00:00
6549.T,6549,ディーエムソリューションズ,スタンダード（内国株式）,9050,サービス業,0010,情報通信・サービスその他,-,-,20260630,https://www.jpx.co.jp/markets/statistics-equities/misc/tvdivq0000001vg2-att/data_j.xls,2026-07-10T23:26:35.886407+00:00
6551.T,6551,ツナググループ・ホールディングス,スタンダード（内国株式）,9050,サービス業,0010,情報通信・サービスその他,-,-,20260630,https://www.jpx.co.jp/markets/statistics-equities/misc/tvdivq0000001vg2-att/data_j.xls,2026-07-10T23:26:35.886407+00:00
6552.T,6552,ＧａｍｅＷｉｔｈ,スタンダード（内国株式）,9050,サービス業,0010,情報通信・サービスその他,-,-,20260630,https://www.jpx.co.jp/markets/statistics-equities/misc/tvdivq0000001vg2-att/data_j.xls,2026-07-10T23:26:35.886407+00:00
6554.T,6554,エスユーエス,グロース（内国株式）,9050,サービス業,0010,情報通信・サービスその他,-,-,20260630,https://www.jpx.co.jp/markets/statistics-equities/misc/tvdivq0000001vg2-att/data_j.xls,2026-07-10T23:26:35.886407+00:00
6555.T,6555,ＭＳ＆Ｃｏｎｓｕｌｔｉｎｇ,スタンダード（内国株式）,9050,サービス業,0010,情報通信・サービスその他,-,-,20260630,https://www.jpx.co.jp/markets/statistics-equities/misc/tvdivq0000001vg2-att/data_j.xls,2026-07-10T23:26:35.886407+00:00
6557.T,6557,ＡＩＡＩグループ,グロース（内国株式）,9050,サービス業,0010,情報通信・サービスその他,-,-,20260630,https://www.jpx.co.jp/markets/statistics-equities/misc/tvdivq0000001vg2-att/data_j.xls,2026-07-10T23:26:35.886407+00:00
6558.T,6558,クックビズ,グロース（内国株式）,9050,サービス業,0010,情報通信・サービスその他,-,-,20260630,https://www.jpx.co.jp/markets/statistics-equities/misc/tvdivq0000001vg2-att/data_j.xls,2026-07-10T23:26:35.886407+00:00
6560.T,6560,エル・ティー・エス,プライム（内国株式）,9050,サービス業,0010,情報通信・サービスその他,0007,TOPIX Small 2,20260630,https://www.jpx.co.jp/markets/statistics-equities/misc/tvdivq0000001vg2-att/data_j.xls,2026-07-10T23:26:35.886407+00:00
6561.T,6561,ＨＡＮＡＴＯＵＲ　ＪＡＰＡＮ,グロース（内国株式）,9050,サービス業,0010,情報通信・サービスその他,-,-,20260630,https://www.jpx.co.jp/markets/statistics-equities/misc/tvdivq0000001vg2-att/data_j.xls,2026-07-10T23:26:35.886407+00:00
6562.T,6562,ジーニー,グロース（内国株式）,9050,サービス業,0010,情報通信・サービスその他,-,-,20260630,https://www.jpx.co.jp/markets/statistics-equities/misc/tvdivq0000001vg2-att/data_j.xls,2026-07-10T23:26:35.886407+00:00
6563.T,6563,みらいワークス,グロース（内国株式）,9050,サービス業,0010,情報通信・サービスその他,-,-,20260630,https://www.jpx.co.jp/markets/statistics-equities/misc/tvdivq0000001vg2-att/data_j.xls,2026-07-10T23:26:35.886407+00:00
6564.T,6564,ミダックホールディングス,プライム（内国株式）,9050,サービス業,0010,情報通信・サービスその他,0007,TOPIX Small 2,20260630,https://www.jpx.co.jp/markets/statistics-equities/misc/tvdivq0000001vg2-att/data_j.xls,2026-07-10T23:26:35.886407+00:00
6566.T,6566,要興業,スタンダード（内国株式）,9050,サービス業,0010,情報通信・サービスその他,-,-,20260630,https://www.jpx.co.jp/markets/statistics-equities/misc/tvdivq0000001vg2-att/data_j.xls,2026-07-10T23:26:35.886407+00:00
6568.T,6568,神戸天然物化学,グロース（内国株式）,9050,サービス業,0010,情報通信・サービスその他,-,-,20260630,https://www.jpx.co.jp/markets/statistics-equities/misc/tvdivq0000001vg2-att/data_j.xls,2026-07-10T23:26:35.886407+00:00
6570.T,6570,共和コーポレーション,スタンダード（内国株式）,9050,サービス業,0010,情報通信・サービスその他,-,-,20260630,https://www.jpx.co.jp/markets/statistics-equities/misc/tvdivq0000001vg2-att/data_j.xls,2026-07-10T23:26:35.886407+00:00
6571.T,6571,キュービーネットホールディングス,プライム（内国株式）,9050,サービス業,0010,情報通信・サービスその他,0007,TOPIX Small 2,20260630,https://www.jpx.co.jp/markets/statistics-equities/misc/tvdivq0000001vg2-att/data_j.xls,2026-07-10T23:26:35.886407+00:00
6572.T,6572,オープングループ,プライム（内国株式）,9050,サービス業,0010,情報通信・サービスその他,0007,TOPIX Small 2,20260630,https://www.jpx.co.jp/markets/statistics-equities/misc/tvdivq0000001vg2-att/data_j.xls,2026-07-10T23:26:35.886407+00:00
6573.T,6573,ＣＲＡＶＩＡ,グロース（内国株式）,9050,サービス業,0010,情報通信・サービスその他,-,-,20260630,https://www.jpx.co.jp/markets/statistics-equities/misc/tvdivq0000001vg2-att/data_j.xls,2026-07-10T23:26:35.886407+00:00
6574.T,6574,コンヴァノ,グロース（内国株式）,9050,サービス業,0010,情報通信・サービスその他,-,-,20260630,https://www.jpx.co.jp/markets/statistics-equities/misc/tvdivq0000001vg2-att/data_j.xls,2026-07-10T23:26:35.886407+00:00
6576.T,6576,揚工舎,PRO Market,9050,サービス業,0010,情報通信・サービスその他,-,-,20260630,https://www.jpx.co.jp/markets/statistics-equities/misc/tvdivq0000001vg2-att/data_j.xls,2026-07-10T23:26:35.886407+00:00
6577.T,6577,ベストワンドットコム,グロース（内国株式）,9050,サービス業,0010,情報通信・サービスその他,-,-,20260630,https://www.jpx.co.jp/markets/statistics-equities/misc/tvdivq0000001vg2-att/data_j.xls,2026-07-10T23:26:35.886407+00:00
6578.T,6578,コレックホールディングス,スタンダード（内国株式）,9050,サービス業,0010,情報通信・サービスその他,-,-,20260630,https://www.jpx.co.jp/markets/statistics-equities/misc/tvdivq0000001vg2-att/data_j.xls,2026-07-10T23:26:35.886407+00:00
6579.T,6579,ログリー,グロース（内国株式）,9050,サービス業,0010,情報通信・サービスその他,-,-,20260630,https://www.jpx.co.jp/markets/statistics-equities/misc/tvdivq0000001vg2-att/data_j.xls,2026-07-10T23:26:35.886407+00:00
6580.T,6580,ライトアップ,グロース（内国株式）,9050,サービス業,0010,情報通信・サービスその他,-,-,20260630,https://www.jpx.co.jp/markets/statistics-equities/misc/tvdivq0000001vg2-att/data_j.xls,2026-07-10T23:26:35.886407+00:00
6584.T,6584,三櫻工業,プライム（内国株式）,3700,輸送用機器,0006,自動車・輸送機,0007,TOPIX Small 2,20260630,https://www.jpx.co.jp/markets/statistics-equities/misc/tvdivq0000001vg2-att/data_j.xls,2026-07-10T23:26:35.886407+00:00
6586.T,6586,マキタ,プライム（内国株式）,3600,機械,0008,機械,0004,TOPIX Mid400,20260630,https://www.jpx.co.jp/markets/statistics-equities/misc/tvdivq0000001vg2-att/data_j.xls,2026-07-10T23:26:35.886407+00:00
6588.T,6588,東芝テック,プライム（内国株式）,3650,電気機器,0009,電機・精密,0006,TOPIX Small 1,20260630,https://www.jpx.co.jp/markets/statistics-equities/misc/tvdivq0000001vg2-att/data_j.xls,2026-07-10T23:26:35.886407+00:00
6590.T,6590,芝浦メカトロニクス,プライム（内国株式）,3650,電気機器,0009,電機・精密,0006,TOPIX Small 1,20260630,https://www.jpx.co.jp/markets/statistics-equities/misc/tvdivq0000001vg2-att/data_j.xls,2026-07-10T23:26:35.886407+00:00
6592.T,6592,マブチモーター,プライム（内国株式）,3650,電気機器,0009,電機・精密,0004,TOPIX Mid400,20260630,https://www.jpx.co.jp/markets/statistics-equities/misc/tvdivq0000001vg2-att/data_j.xls,2026-07-10T23:26:35.886407+00:00
6594.T,6594,ニデック,プライム（内国株式）,3650,電気機器,0009,電機・精密,-,-,20260630,https://www.jpx.co.jp/markets/statistics-equities/misc/tvdivq0000001vg2-att/data_j.xls,2026-07-10T23:26:35.886407+00:00
6596.T,6596,筑波精工,PRO Market,3650,電気機器,0009,電機・精密,-,-,20260630,https://www.jpx.co.jp/markets/statistics-equities/misc/tvdivq0000001vg2-att/data_j.xls,2026-07-10T23:26:35.886407+00:00
6597.T,6597,ＨＰＣシステムズ,グロース（内国株式）,3650,電気機器,0009,電機・精密,-,-,20260630,https://www.jpx.co.jp/markets/statistics-equities/misc/tvdivq0000001vg2-att/data_j.xls,2026-07-10T23:26:35.886407+00:00
6599.T,6599,エブレン,スタンダード（内国株式）,3650,電気機器,0009,電機・精密,-,-,20260630,https://www.jpx.co.jp/markets/statistics-equities/misc/tvdivq0000001vg2-att/data_j.xls,2026-07-10T23:26:35.886407+00:00
6612.T,6612,バルミューダ,グロース（内国株式）,3650,電気機器,0009,電機・精密,-,-,20260630,https://www.jpx.co.jp/markets/statistics-equities/misc/tvdivq0000001vg2-att/data_j.xls,2026-07-10T23:26:35.886407+00:00
6613.T,6613,ＱＤレーザ,グロース（内国株式）,3650,電気機器,0009,電機・精密,-,-,20260630,https://www.jpx.co.jp/markets/statistics-equities/misc/tvdivq0000001vg2-att/data_j.xls,2026-07-10T23:26:35.886407+00:00
6614.T,6614,シキノハイテック,スタンダード（内国株式）,3650,電気機器,0009,電機・精密,-,-,20260630,https://www.jpx.co.jp/markets/statistics-equities/misc/tvdivq0000001vg2-att/data_j.xls,2026-07-10T23:26:35.886407+00:00
6615.T,6615,ユー・エム・シー・エレクトロニクス,プライム（内国株式）,3650,電気機器,0009,電機・精密,0007,TOPIX Small 2,20260630,https://www.jpx.co.jp/markets/statistics-equities/misc/tvdivq0000001vg2-att/data_j.xls,2026-07-10T23:26:35.886407+00:00
6616.T,6616,トレックス・セミコンダクター,プライム（内国株式）,3650,電気機器,0009,電機・精密,0007,TOPIX Small 2,20260630,https://www.jpx.co.jp/markets/statistics-equities/misc/tvdivq0000001vg2-att/data_j.xls,2026-07-10T23:26:35.886407+00:00
6617.T,6617,東光高岳,プライム（内国株式）,3650,電気機器,0009,電機・精密,0007,TOPIX Small 2,20260630,https://www.jpx.co.jp/markets/statistics-equities/misc/tvdivq0000001vg2-att/data_j.xls,2026-07-10T23:26:35.886407+00:00
6619.T,6619,ダブル・スコープ,プライム（内国株式）,3650,電気機器,0009,電機・精密,0007,TOPIX Small 2,20260630,https://www.jpx.co.jp/markets/statistics-equities/misc/tvdivq0000001vg2-att/data_j.xls,2026-07-10T23:26:35.886407+00:00
6620.T,6620,宮越ホールディングス,プライム（内国株式）,8050,不動産業,0017,不動産,0007,TOPIX Small 2,20260630,https://www.jpx.co.jp/markets/statistics-equities/misc/tvdivq0000001vg2-att/data_j.xls,2026-07-10T23:26:35.886407+00:00
6622.T,6622,ダイヘン,プライム（内国株式）,3650,電気機器,0009,電機・精密,0006,TOPIX Small 1,20260630,https://www.jpx.co.jp/markets/statistics-equities/misc/tvdivq0000001vg2-att/data_j.xls,2026-07-10T23:26:35.886407+00:00
6625.T,6625,ＪＡＬＣＯホールディングス,スタンダード（内国株式）,8050,不動産業,0017,不動産,-,-,20260630,https://www.jpx.co.jp/markets/statistics-equities/misc/tvdivq0000001vg2-att/data_j.xls,2026-07-10T23:26:35.886407+00:00
6626.T,6626,ＳＥＭＩＴＥＣ,スタンダード（内国株式）,3650,電気機器,0009,電機・精密,-,-,20260630,https://www.jpx.co.jp/markets/statistics-equities/misc/tvdivq0000001vg2-att/data_j.xls,2026-07-10T23:26:35.886407+00:00
6627.T,6627,テラプローブ,スタンダード（内国株式）,3650,電気機器,0009,電機・精密,-,-,20260630,https://www.jpx.co.jp/markets/statistics-equities/misc/tvdivq0000001vg2-att/data_j.xls,2026-07-10T23:26:35.886407+00:00
6629.T,6629,テクノホライゾン,スタンダード（内国株式）,3650,電気機器,0009,電機・精密,-,-,20260630,https://www.jpx.co.jp/markets/statistics-equities/misc/tvdivq0000001vg2-att/data_j.xls,2026-07-10T23:26:35.886407+00:00
6630.T,6630,ヤーマン,プライム（内国株式）,3650,電気機器,0009,電機・精密,0006,TOPIX Small 1,20260630,https://www.jpx.co.jp/markets/statistics-equities/misc/tvdivq0000001vg2-att/data_j.xls,2026-07-10T23:26:35.886407+00:00
6632.T,6632,ＪＶＣケンウッド,プライム（内国株式）,3650,電気機器,0009,電機・精密,0004,TOPIX Mid400,20260630,https://www.jpx.co.jp/markets/statistics-equities/misc/tvdivq0000001vg2-att/data_j.xls,2026-07-10T23:26:35.886407+00:00
6633.T,6633,ＣＧＳホールディングス,スタンダード（内国株式）,3650,電気機器,0009,電機・精密,-,-,20260630,https://www.jpx.co.jp/markets/statistics-equities/misc/tvdivq0000001vg2-att/data_j.xls,2026-07-10T23:26:35.886407+00:00
6634.T,6634,ＪＮグループ,スタンダード（内国株式）,3650,電気機器,0009,電機・精密,-,-,20260630,https://www.jpx.co.jp/markets/statistics-equities/misc/tvdivq0000001vg2-att/data_j.xls,2026-07-10T23:26:35.886407+00:00
6635.T,6635,大日光・エンジニアリング,スタンダード（内国株式）,3650,電気機器,0009,電機・精密,-,-,20260630,https://www.jpx.co.jp/markets/statistics-equities/misc/tvdivq0000001vg2-att/data_j.xls,2026-07-10T23:26:35.886407+00:00
6637.T,6637,寺崎電気産業,スタンダード（内国株式）,3650,電気機器,0009,電機・精密,-,-,20260630,https://www.jpx.co.jp/markets/statistics-equities/misc/tvdivq0000001vg2-att/data_j.xls,2026-07-10T23:26:35.886407+00:00
6638.T,6638,ミマキエンジニアリング,プライム（内国株式）,3650,電気機器,0009,電機・精密,0007,TOPIX Small 2,20260630,https://www.jpx.co.jp/markets/statistics-equities/misc/tvdivq0000001vg2-att/data_j.xls,2026-07-10T23:26:35.886407+00:00
6643.T,6643,戸上電機製作所,スタンダード（内国株式）,3650,電気機器,0009,電機・精密,-,-,20260630,https://www.jpx.co.jp/markets/statistics-equities/misc/tvdivq0000001vg2-att/data_j.xls,2026-07-10T23:26:35.886407+00:00
6644.T,6644,大崎電気工業,プライム（内国株式）,3650,電気機器,0009,電機・精密,0007,TOPIX Small 2,20260630,https://www.jpx.co.jp/markets/statistics-equities/misc/tvdivq0000001vg2-att/data_j.xls,2026-07-10T23:26:35.886407+00:00
6645.T,6645,オムロン,プライム（内国株式）,3650,電気機器,0009,電機・精密,0004,TOPIX Mid400,20260630,https://www.jpx.co.jp/markets/statistics-equities/misc/tvdivq0000001vg2-att/data_j.xls,2026-07-10T23:26:35.886407+00:00
6647.T,6647,森尾電機,スタンダード（内国株式）,3650,電気機器,0009,電機・精密,-,-,20260630,https://www.jpx.co.jp/markets/statistics-equities/misc/tvdivq0000001vg2-att/data_j.xls,2026-07-10T23:26:35.886407+00:00
6648.T,6648,かわでん,スタンダード（内国株式）,3650,電気機器,0009,電機・精密,-,-,20260630,https://www.jpx.co.jp/markets/statistics-equities/misc/tvdivq0000001vg2-att/data_j.xls,2026-07-10T23:26:35.886407+00:00
6651.T,6651,日東工業,プライム（内国株式）,3650,電気機器,0009,電機・精密,0006,TOPIX Small 1,20260630,https://www.jpx.co.jp/markets/statistics-equities/misc/tvdivq0000001vg2-att/data_j.xls,2026-07-10T23:26:35.886407+00:00
6652.T,6652,ＩＤＥＣ,プライム（内国株式）,3650,電気機器,0009,電機・精密,0006,TOPIX Small 1,20260630,https://www.jpx.co.jp/markets/statistics-equities/misc/tvdivq0000001vg2-att/data_j.xls,2026-07-10T23:26:35.886407+00:00
6653.T,6653,正興電機製作所,プライム（内国株式）,3650,電気機器,0009,電機・精密,-,-,20260630,https://www.jpx.co.jp/markets/statistics-equities/misc/tvdivq0000001vg2-att/data_j.xls,2026-07-10T23:26:35.886407+00:00
6654.T,6654,不二電機工業,スタンダード（内国株式）,3650,電気機器,0009,電機・精密,-,-,20260630,https://www.jpx.co.jp/markets/statistics-equities/misc/tvdivq0000001vg2-att/data_j.xls,2026-07-10T23:26:35.886407+00:00
6656.T,6656,インスペック,スタンダード（内国株式）,3650,電気機器,0009,電機・精密,-,-,20260630,https://www.jpx.co.jp/markets/statistics-equities/misc/tvdivq0000001vg2-att/data_j.xls,2026-07-10T23:26:35.886407+00:00
6658.T,6658,シライ電子工業,スタンダード（内国株式）,3650,電気機器,0009,電機・精密,-,-,20260630,https://www.jpx.co.jp/markets/statistics-equities/misc/tvdivq0000001vg2-att/data_j.xls,2026-07-10T23:26:35.886407+00:00
6659.T,6659,メディアリンクス,スタンダード（内国株式）,3650,電気機器,0009,電機・精密,-,-,20260630,https://www.jpx.co.jp/markets/statistics-equities/misc/tvdivq0000001vg2-att/data_j.xls,2026-07-10T23:26:35.886407+00:00
6662.T,6662,ユビテック,スタンダード（内国株式）,3650,電気機器,0009,電機・精密,-,-,20260630,https://www.jpx.co.jp/markets/statistics-equities/misc/tvdivq0000001vg2-att/data_j.xls,2026-07-10T23:26:35.886407+00:00
6663.T,6663,太洋テクノレックス,スタンダード（内国株式）,3650,電気機器,0009,電機・精密,-,-,20260630,https://www.jpx.co.jp/markets/statistics-equities/misc/tvdivq0000001vg2-att/data_j.xls,2026-07-10T23:26:35.886407+00:00
6664.T,6664,オプトエレクトロニクス,スタンダード（内国株式）,3650,電気機器,0009,電機・精密,-,-,20260630,https://www.jpx.co.jp/markets/statistics-equities/misc/tvdivq0000001vg2-att/data_j.xls,2026-07-10T23:26:35.886407+00:00
6666.T,6666,リバーエレテック,スタンダード（内国株式）,3650,電気機器,0009,電機・精密,-,-,20260630,https://www.jpx.co.jp/markets/statistics-equities/misc/tvdivq0000001vg2-att/data_j.xls,2026-07-10T23:26:35.886407+00:00
6668.T,6668,アドテック　プラズマ　テクノロジー,スタンダード（内国株式）,3650,電気機器,0009,電機・精密,-,-,20260630,https://www.jpx.co.jp/markets/statistics-equities/misc/tvdivq0000001vg2-att/data_j.xls,2026-07-10T23:26:35.886407+00:00
6674.T,6674,ジーエス・ユアサ　コーポレーション,プライム（内国株式）,3650,電気機器,0009,電機・精密,0004,TOPIX Mid400,20260630,https://www.jpx.co.jp/markets/statistics-equities/misc/tvdivq0000001vg2-att/data_j.xls,2026-07-10T23:26:35.886407+00:00
6675.T,6675,サクサ,スタンダード（内国株式）,3650,電気機器,0009,電機・精密,-,-,20260630,https://www.jpx.co.jp/markets/statistics-equities/misc/tvdivq0000001vg2-att/data_j.xls,2026-07-10T23:26:35.886407+00:00
6676.T,6676,ＢＵＦＦＡＬＯ,スタンダード（内国株式）,3650,電気機器,0009,電機・精密,0007,TOPIX Small 2,20260630,https://www.jpx.co.jp/markets/statistics-equities/misc/tvdivq0000001vg2-att/data_j.xls,2026-07-10T23:26:35.886407+00:00
6677.T,6677,エスケーエレクトロニクス,スタンダード（内国株式）,3650,電気機器,0009,電機・精密,-,-,20260630,https://www.jpx.co.jp/markets/statistics-equities/misc/tvdivq0000001vg2-att/data_j.xls,2026-07-10T23:26:35.886407+00:00
6678.T,6678,テクノメディカ,スタンダード（内国株式）,3650,電気機器,0009,電機・精密,0007,TOPIX Small 2,20260630,https://www.jpx.co.jp/markets/statistics-equities/misc/tvdivq0000001vg2-att/data_j.xls,2026-07-10T23:26:35.886407+00:00
6694.T,6694,ズーム,スタンダード（内国株式）,3650,電気機器,0009,電機・精密,-,-,20260630,https://www.jpx.co.jp/markets/statistics-equities/misc/tvdivq0000001vg2-att/data_j.xls,2026-07-10T23:26:35.886407+00:00
6695.T,6695,キャストリコ,PRO Market,3650,電気機器,0009,電機・精密,-,-,20260630,https://www.jpx.co.jp/markets/statistics-equities/misc/tvdivq0000001vg2-att/data_j.xls,2026-07-10T23:26:35.886407+00:00
6696.T,6696,トラース・オン・プロダクト,グロース（内国株式）,3650,電気機器,0009,電機・精密,-,-,20260630,https://www.jpx.co.jp/markets/statistics-equities/misc/tvdivq0000001vg2-att/data_j.xls,2026-07-10T23:26:35.886407+00:00
6699.T,6699,ダイヤモンドエレクトリックホールディングス,スタンダード（内国株式）,3650,電気機器,0009,電機・精密,0007,TOPIX Small 2,20260630,https://www.jpx.co.jp/markets/statistics-equities/misc/tvdivq0000001vg2-att/data_j.xls,2026-07-10T23:26:35.886407+00:00
6701.T,6701,日本電気,プライム（内国株式）,3650,電気機器,0009,電機・精密,0002,TOPIX Large70,20260630,https://www.jpx.co.jp/markets/statistics-equities/misc/tvdivq0000001vg2-att/data_j.xls,2026-07-10T23:26:35.886407+00:00
6702.T,6702,富士通,プライム（内国株式）,3650,電気機器,0009,電機・精密,0002,TOPIX Large70,20260630,https://www.jpx.co.jp/markets/statistics-equities/misc/tvdivq0000001vg2-att/data_j.xls,2026-07-10T23:26:35.886407+00:00
6703.T,6703,沖電気工業,プライム（内国株式）,3650,電気機器,0009,電機・精密,0006,TOPIX Small 1,20260630,https://www.jpx.co.jp/markets/statistics-equities/misc/tvdivq0000001vg2-att/data_j.xls,2026-07-10T23:26:35.886407+00:00
6706.T,6706,電気興業,プライム（内国株式）,3650,電気機器,0009,電機・精密,0007,TOPIX Small 2,20260630,https://www.jpx.co.jp/markets/statistics-equities/misc/tvdivq0000001vg2-att/data_j.xls,2026-07-10T23:26:35.886407+00:00
6707.T,6707,サンケン電気,プライム（内国株式）,3650,電気機器,0009,電機・精密,0004,TOPIX Mid400,20260630,https://www.jpx.co.jp/markets/statistics-equities/misc/tvdivq0000001vg2-att/data_j.xls,2026-07-10T23:26:35.886407+00:00
6718.T,6718,アイホン,プライム（内国株式）,3650,電気機器,0009,電機・精密,0007,TOPIX Small 2,20260630,https://www.jpx.co.jp/markets/statistics-equities/misc/tvdivq0000001vg2-att/data_j.xls,2026-07-10T23:26:35.886407+00:00
6721.T,6721,ウインテスト,スタンダード（内国株式）,3650,電気機器,0009,電機・精密,-,-,20260630,https://www.jpx.co.jp/markets/statistics-equities/misc/tvdivq0000001vg2-att/data_j.xls,2026-07-10T23:26:35.886407+00:00
6723.T,6723,ルネサスエレクトロニクス,プライム（内国株式）,3650,電気機器,0009,電機・精密,0002,TOPIX Large70,20260630,https://www.jpx.co.jp/markets/statistics-equities/misc/tvdivq0000001vg2-att/data_j.xls,2026-07-10T23:26:35.886407+00:00
6724.T,6724,セイコーエプソン,プライム（内国株式）,3650,電気機器,0009,電機・精密,0004,TOPIX Mid400,20260630,https://www.jpx.co.jp/markets/statistics-equities/misc/tvdivq0000001vg2-att/data_j.xls,2026-07-10T23:26:35.886407+00:00
6727.T,6727,ワコム,プライム（内国株式）,3650,電気機器,0009,電機・精密,0006,TOPIX Small 1,20260630,https://www.jpx.co.jp/markets/statistics-equities/misc/tvdivq0000001vg2-att/data_j.xls,2026-07-10T23:26:35.886407+00:00
6728.T,6728,アルバック,プライム（内国株式）,3650,電気機器,0009,電機・精密,0004,TOPIX Mid400,20260630,https://www.jpx.co.jp/markets/statistics-equities/misc/tvdivq0000001vg2-att/data_j.xls,2026-07-10T23:26:35.886407+00:00
6730.T,6730,アクセル,スタンダード（内国株式）,3650,電気機器,0009,電機・精密,0007,TOPIX Small 2,20260630,https://www.jpx.co.jp/markets/statistics-equities/misc/tvdivq0000001vg2-att/data_j.xls,2026-07-10T23:26:35.886407+00:00
6731.T,6731,ピクセラ,スタンダード（内国株式）,3650,電気機器,0009,電機・精密,-,-,20260630,https://www.jpx.co.jp/markets/statistics-equities/misc/tvdivq0000001vg2-att/data_j.xls,2026-07-10T23:26:35.886407+00:00
6736.T,6736,サン電子,スタンダード（内国株式）,3650,電気機器,0009,電機・精密,-,-,20260630,https://www.jpx.co.jp/markets/statistics-equities/misc/tvdivq0000001vg2-att/data_j.xls,2026-07-10T23:26:35.886407+00:00
6737.T,6737,ＥＩＺＯ,プライム（内国株式）,3650,電気機器,0009,電機・精密,0006,TOPIX Small 1,20260630,https://www.jpx.co.jp/markets/statistics-equities/misc/tvdivq0000001vg2-att/data_j.xls,2026-07-10T23:26:35.886407+00:00
6740.T,6740,ジャパンディスプレイ,プライム（内国株式）,3650,電気機器,0009,電機・精密,0007,TOPIX Small 2,20260630,https://www.jpx.co.jp/markets/statistics-equities/misc/tvdivq0000001vg2-att/data_j.xls,2026-07-10T23:26:35.886407+00:00
6741.T,6741,日本信号,プライム（内国株式）,3650,電気機器,0009,電機・精密,0007,TOPIX Small 2,20260630,https://www.jpx.co.jp/markets/statistics-equities/misc/tvdivq0000001vg2-att/data_j.xls,2026-07-10T23:26:35.886407+00:00
6742.T,6742,京三製作所,プライム（内国株式）,3650,電気機器,0009,電機・精密,0007,TOPIX Small 2,20260630,https://www.jpx.co.jp/markets/statistics-equities/misc/tvdivq0000001vg2-att/data_j.xls,2026-07-10T23:26:35.886407+00:00
6743.T,6743,大同信号,スタンダード（内国株式）,3650,電気機器,0009,電機・精密,-,-,20260630,https://www.jpx.co.jp/markets/statistics-equities/misc/tvdivq0000001vg2-att/data_j.xls,2026-07-10T23:26:35.886407+00:00
6744.T,6744,能美防災,プライム（内国株式）,3650,電気機器,0009,電機・精密,0006,TOPIX Small 1,20260630,https://www.jpx.co.jp/markets/statistics-equities/misc/tvdivq0000001vg2-att/data_j.xls,2026-07-10T23:26:35.886407+00:00
6745.T,6745,ホーチキ,プライム（内国株式）,3650,電気機器,0009,電機・精密,0007,TOPIX Small 2,20260630,https://www.jpx.co.jp/markets/statistics-equities/misc/tvdivq0000001vg2-att/data_j.xls,2026-07-10T23:26:35.886407+00:00
6748.T,6748,星和電機,スタンダード（内国株式）,3650,電気機器,0009,電機・精密,-,-,20260630,https://www.jpx.co.jp/markets/statistics-equities/misc/tvdivq0000001vg2-att/data_j.xls,2026-07-10T23:26:35.886407+00:00
6750.T,6750,エレコム,プライム（内国株式）,3650,電気機器,0009,電機・精密,0006,TOPIX Small 1,20260630,https://www.jpx.co.jp/markets/statistics-equities/misc/tvdivq0000001vg2-att/data_j.xls,2026-07-10T23:26:35.886407+00:00
6752.T,6752,パナソニック　ホールディングス,プライム（内国株式）,3650,電気機器,0009,電機・精密,0002,TOPIX Large70,20260630,https://www.jpx.co.jp/markets/statistics-equities/misc/tvdivq0000001vg2-att/data_j.xls,2026-07-10T23:26:35.886407+00:00
6753.T,6753,シャープ,プライム（内国株式）,3650,電気機器,0009,電機・精密,0004,TOPIX Mid400,20260630,https://www.jpx.co.jp/markets/statistics-equities/misc/tvdivq0000001vg2-att/data_j.xls,2026-07-10T23:26:35.886407+00:00
6754.T,6754,アンリツ,プライム（内国株式）,3650,電気機器,0009,電機・精密,0004,TOPIX Mid400,20260630,https://www.jpx.co.jp/markets/statistics-equities/misc/tvdivq0000001vg2-att/data_j.xls,2026-07-10T23:26:35.886407+00:00
6757.T,6757,ＯＳＧコーポレーション,スタンダード（内国株式）,3650,電気機器,0009,電機・精密,-,-,20260630,https://www.jpx.co.jp/markets/statistics-equities/misc/tvdivq0000001vg2-att/data_j.xls,2026-07-10T23:26:35.886407+00:00
6758.T,6758,ソニーグループ,プライム（内国株式）,3650,電気機器,0009,電機・精密,0001,TOPIX Core30,20260630,https://www.jpx.co.jp/markets/statistics-equities/misc/tvdivq0000001vg2-att/data_j.xls,2026-07-10T23:26:35.886407+00:00
6762.T,6762,ＴＤＫ,プライム（内国株式）,3650,電気機器,0009,電機・精密,0002,TOPIX Large70,20260630,https://www.jpx.co.jp/markets/statistics-equities/misc/tvdivq0000001vg2-att/data_j.xls,2026-07-10T23:26:35.886407+00:00
6763.T,6763,帝国通信工業,プライム（内国株式）,3650,電気機器,0009,電機・精密,0007,TOPIX Small 2,20260630,https://www.jpx.co.jp/markets/statistics-equities/misc/tvdivq0000001vg2-att/data_j.xls,2026-07-10T23:26:35.886407+00:00
6768.T,6768,タムラ製作所,プライム（内国株式）,3650,電気機器,0009,電機・精密,0006,TOPIX Small 1,20260630,https://www.jpx.co.jp/markets/statistics-equities/misc/tvdivq0000001vg2-att/data_j.xls,2026-07-10T23:26:35.886407+00:00
6769.T,6769,ザインエレクトロニクス,スタンダード（内国株式）,3650,電気機器,0009,電機・精密,-,-,20260630,https://www.jpx.co.jp/markets/statistics-equities/misc/tvdivq0000001vg2-att/data_j.xls,2026-07-10T23:26:35.886407+00:00
6770.T,6770,アルプスアルパイン,プライム（内国株式）,3650,電気機器,0009,電機・精密,0004,TOPIX Mid400,20260630,https://www.jpx.co.jp/markets/statistics-equities/misc/tvdivq0000001vg2-att/data_j.xls,2026-07-10T23:26:35.886407+00:00
6771.T,6771,池上通信機,スタンダード（内国株式）,3650,電気機器,0009,電機・精密,-,-,20260630,https://www.jpx.co.jp/markets/statistics-equities/misc/tvdivq0000001vg2-att/data_j.xls,2026-07-10T23:26:35.886407+00:00
6772.T,6772,東京コスモス電機,スタンダード（内国株式）,3650,電気機器,0009,電機・精密,-,-,20260630,https://www.jpx.co.jp/markets/statistics-equities/misc/tvdivq0000001vg2-att/data_j.xls,2026-07-10T23:26:35.886407+00:00
6775.T,6775,ＴＢグループ,スタンダード（内国株式）,3650,電気機器,0009,電機・精密,-,-,20260630,https://www.jpx.co.jp/markets/statistics-equities/misc/tvdivq0000001vg2-att/data_j.xls,2026-07-10T23:26:35.886407+00:00
6776.T,6776,天昇電気工業,スタンダード（内国株式）,3200,化学,0004,素材・化学,-,-,20260630,https://www.jpx.co.jp/markets/statistics-equities/misc/tvdivq0000001vg2-att/data_j.xls,2026-07-10T23:26:35.886407+00:00
6777.T,6777,ｓａｎｔｅｃ　Ｈｏｌｄｉｎｇｓ,スタンダード（内国株式）,3650,電気機器,0009,電機・精密,-,-,20260630,https://www.jpx.co.jp/markets/statistics-equities/misc/tvdivq0000001vg2-att/data_j.xls,2026-07-10T23:26:35.886407+00:00
6778.T,6778,アルチザネットワークス,スタンダード（内国株式）,3650,電気機器,0009,電機・精密,-,-,20260630,https://www.jpx.co.jp/markets/statistics-equities/misc/tvdivq0000001vg2-att/data_j.xls,2026-07-10T23:26:35.886407+00:00
6779.T,6779,日本電波工業,プライム（内国株式）,3650,電気機器,0009,電機・精密,0007,TOPIX Small 2,20260630,https://www.jpx.co.jp/markets/statistics-equities/misc/tvdivq0000001vg2-att/data_j.xls,2026-07-10T23:26:35.886407+00:00
6785.T,6785,鈴木,プライム（内国株式）,3650,電気機器,0009,電機・精密,0007,TOPIX Small 2,20260630,https://www.jpx.co.jp/markets/statistics-equities/misc/tvdivq0000001vg2-att/data_j.xls,2026-07-10T23:26:35.886407+00:00
6786.T,6786,ＲＶＨ,スタンダード（内国株式）,9050,サービス業,0010,情報通信・サービスその他,-,-,20260630,https://www.jpx.co.jp/markets/statistics-equities/misc/tvdivq0000001vg2-att/data_j.xls,2026-07-10T23:26:35.886407+00:00
6787.T,6787,メイコー,プライム（内国株式）,3650,電気機器,0009,電機・精密,0006,TOPIX Small 1,20260630,https://www.jpx.co.jp/markets/statistics-equities/misc/tvdivq0000001vg2-att/data_j.xls,2026-07-10T23:26:35.886407+00:00
6788.T,6788,日本トリム,プライム（内国株式）,3650,電気機器,0009,電機・精密,0007,TOPIX Small 2,20260630,https://www.jpx.co.jp/markets/statistics-equities/misc/tvdivq0000001vg2-att/data_j.xls,2026-07-10T23:26:35.886407+00:00
6794.T,6794,フォスター電機,プライム（内国株式）,3650,電気機器,0009,電機・精密,0007,TOPIX Small 2,20260630,https://www.jpx.co.jp/markets/statistics-equities/misc/tvdivq0000001vg2-att/data_j.xls,2026-07-10T23:26:35.886407+00:00
6797.T,6797,名古屋電機工業,スタンダード（内国株式）,3650,電気機器,0009,電機・精密,-,-,20260630,https://www.jpx.co.jp/markets/statistics-equities/misc/tvdivq0000001vg2-att/data_j.xls,2026-07-10T23:26:35.886407+00:00
6798.T,6798,ＳＭＫ,プライム（内国株式）,3650,電気機器,0009,電機・精密,0007,TOPIX Small 2,20260630,https://www.jpx.co.jp/markets/statistics-equities/misc/tvdivq0000001vg2-att/data_j.xls,2026-07-10T23:26:35.886407+00:00
6800.T,6800,ヨコオ,プライム（内国株式）,3650,電気機器,0009,電機・精密,0007,TOPIX Small 2,20260630,https://www.jpx.co.jp/markets/statistics-equities/misc/tvdivq0000001vg2-att/data_j.xls,2026-07-10T23:26:35.886407+00:00
6803.T,6803,ティアック,スタンダード（内国株式）,3650,電気機器,0009,電機・精密,-,-,20260630,https://www.jpx.co.jp/markets/statistics-equities/misc/tvdivq0000001vg2-att/data_j.xls,2026-07-10T23:26:35.886407+00:00
6804.T,6804,ホシデン,プライム（内国株式）,3650,電気機器,0009,電機・精密,0006,TOPIX Small 1,20260630,https://www.jpx.co.jp/markets/statistics-equities/misc/tvdivq0000001vg2-att/data_j.xls,2026-07-10T23:26:35.886407+00:00
6806.T,6806,ヒロセ電機,プライム（内国株式）,3650,電気機器,0009,電機・精密,0004,TOPIX Mid400,20260630,https://www.jpx.co.jp/markets/statistics-equities/misc/tvdivq0000001vg2-att/data_j.xls,2026-07-10T23:26:35.886407+00:00
6807.T,6807,日本航空電子工業,プライム（内国株式）,3650,電気機器,0009,電機・精密,0006,TOPIX Small 1,20260630,https://www.jpx.co.jp/markets/statistics-equities/misc/tvdivq0000001vg2-att/data_j.xls,2026-07-10T23:26:35.886407+00:00
6809.T,6809,ＴＯＡ,プライム（内国株式）,3650,電気機器,0009,電機・精密,0007,TOPIX Small 2,20260630,https://www.jpx.co.jp/markets/statistics-equities/misc/tvdivq0000001vg2-att/data_j.xls,2026-07-10T23:26:35.886407+00:00
6810.T,6810,マクセル,プライム（内国株式）,3650,電気機器,0009,電機・精密,0006,TOPIX Small 1,20260630,https://www.jpx.co.jp/markets/statistics-equities/misc/tvdivq0000001vg2-att/data_j.xls,2026-07-10T23:26:35.886407+00:00
6814.T,6814,古野電気,プライム（内国株式）,3650,電気機器,0009,電機・精密,0006,TOPIX Small 1,20260630,https://www.jpx.co.jp/markets/statistics-equities/misc/tvdivq0000001vg2-att/data_j.xls,2026-07-10T23:26:35.886407+00:00
6817.T,6817,スミダコーポレーション,プライム（内国株式）,3650,電気機器,0009,電機・精密,0007,TOPIX Small 2,20260630,https://www.jpx.co.jp/markets/statistics-equities/misc/tvdivq0000001vg2-att/data_j.xls,2026-07-10T23:26:35.886407+00:00
6819.T,6819,伊豆シャボテンリゾート,スタンダード（内国株式）,9050,サービス業,0010,情報通信・サービスその他,-,-,20260630,https://www.jpx.co.jp/markets/statistics-equities/misc/tvdivq0000001vg2-att/data_j.xls,2026-07-10T23:26:35.886407+00:00
6820.T,6820,アイコム,プライム（内国株式）,3650,電気機器,0009,電機・精密,0007,TOPIX Small 2,20260630,https://www.jpx.co.jp/markets/statistics-equities/misc/tvdivq0000001vg2-att/data_j.xls,2026-07-10T23:26:35.886407+00:00
6822.T,6822,大井電気,スタンダード（内国株式）,3650,電気機器,0009,電機・精密,-,-,20260630,https://www.jpx.co.jp/markets/statistics-equities/misc/tvdivq0000001vg2-att/data_j.xls,2026-07-10T23:26:35.886407+00:00
6823.T,6823,リオン,プライム（内国株式）,3650,電気機器,0009,電機・精密,0007,TOPIX Small 2,20260630,https://www.jpx.co.jp/markets/statistics-equities/misc/tvdivq0000001vg2-att/data_j.xls,2026-07-10T23:26:35.886407+00:00
6824.T,6824,新コスモス電機,スタンダード（内国株式）,3650,電気機器,0009,電機・精密,-,-,20260630,https://www.jpx.co.jp/markets/statistics-equities/misc/tvdivq0000001vg2-att/data_j.xls,2026-07-10T23:26:35.886407+00:00
6832.T,6832,アオイ電子,スタンダード（内国株式）,3650,電気機器,0009,電機・精密,-,-,20260630,https://www.jpx.co.jp/markets/statistics-equities/misc/tvdivq0000001vg2-att/data_j.xls,2026-07-10T23:26:35.886407+00:00
6834.T,6834,精工技研,スタンダード（内国株式）,3650,電気機器,0009,電機・精密,-,-,20260630,https://www.jpx.co.jp/markets/statistics-equities/misc/tvdivq0000001vg2-att/data_j.xls,2026-07-10T23:26:35.886407+00:00
6835.T,6835,アライドテレシスホールディングス,スタンダード（内国株式）,3650,電気機器,0009,電機・精密,-,-,20260630,https://www.jpx.co.jp/markets/statistics-equities/misc/tvdivq0000001vg2-att/data_j.xls,2026-07-10T23:26:35.886407+00:00
6836.T,6836,ぷらっとホーム,スタンダード（内国株式）,3650,電気機器,0009,電機・精密,-,-,20260630,https://www.jpx.co.jp/markets/statistics-equities/misc/tvdivq0000001vg2-att/data_j.xls,2026-07-10T23:26:35.886407+00:00
6837.T,6837,京写,スタンダード（内国株式）,3650,電気機器,0009,電機・精密,-,-,20260630,https://www.jpx.co.jp/markets/statistics-equities/misc/tvdivq0000001vg2-att/data_j.xls,2026-07-10T23:26:35.886407+00:00
6838.T,6838,多摩川ホールディングス,スタンダード（内国株式）,3650,電気機器,0009,電機・精密,-,-,20260630,https://www.jpx.co.jp/markets/statistics-equities/misc/tvdivq0000001vg2-att/data_j.xls,2026-07-10T23:26:35.886407+00:00
6840.T,6840,ＡＫＩＢＡホールディングス,スタンダード（内国株式）,3650,電気機器,0009,電機・精密,-,-,20260630,https://www.jpx.co.jp/markets/statistics-equities/misc/tvdivq0000001vg2-att/data_j.xls,2026-07-10T23:26:35.886407+00:00
6841.T,6841,横河電機,プライム（内国株式）,3650,電気機器,0009,電機・精密,0004,TOPIX Mid400,20260630,https://www.jpx.co.jp/markets/statistics-equities/misc/tvdivq0000001vg2-att/data_j.xls,2026-07-10T23:26:35.886407+00:00
6844.T,6844,新電元工業,プライム（内国株式）,3650,電気機器,0009,電機・精密,0007,TOPIX Small 2,20260630,https://www.jpx.co.jp/markets/statistics-equities/misc/tvdivq0000001vg2-att/data_j.xls,2026-07-10T23:26:35.886407+00:00
6845.T,6845,アズビル,プライム（内国株式）,3650,電気機器,0009,電機・精密,0004,TOPIX Mid400,20260630,https://www.jpx.co.jp/markets/statistics-equities/misc/tvdivq0000001vg2-att/data_j.xls,2026-07-10T23:26:35.886407+00:00
6848.T,6848,東亜ディーケーケー,スタンダード（内国株式）,3650,電気機器,0009,電機・精密,-,-,20260630,https://www.jpx.co.jp/markets/statistics-equities/misc/tvdivq0000001vg2-att/data_j.xls,2026-07-10T23:26:35.886407+00:00
6849.T,6849,日本光電工業,プライム（内国株式）,3650,電気機器,0009,電機・精密,0004,TOPIX Mid400,20260630,https://www.jpx.co.jp/markets/statistics-equities/misc/tvdivq0000001vg2-att/data_j.xls,2026-07-10T23:26:35.886407+00:00
6850.T,6850,チノー,プライム（内国株式）,3650,電気機器,0009,電機・精密,0007,TOPIX Small 2,20260630,https://www.jpx.co.jp/markets/statistics-equities/misc/tvdivq0000001vg2-att/data_j.xls,2026-07-10T23:26:35.886407+00:00
6853.T,6853,共和電業,スタンダード（内国株式）,3650,電気機器,0009,電機・精密,-,-,20260630,https://www.jpx.co.jp/markets/statistics-equities/misc/tvdivq0000001vg2-att/data_j.xls,2026-07-10T23:26:35.886407+00:00
6855.T,6855,日本電子材料,スタンダード（内国株式）,3650,電気機器,0009,電機・精密,0007,TOPIX Small 2,20260630,https://www.jpx.co.jp/markets/statistics-equities/misc/tvdivq0000001vg2-att/data_j.xls,2026-07-10T23:26:35.886407+00:00
6856.T,6856,堀場製作所,プライム（内国株式）,3650,電気機器,0009,電機・精密,0004,TOPIX Mid400,20260630,https://www.jpx.co.jp/markets/statistics-equities/misc/tvdivq0000001vg2-att/data_j.xls,2026-07-10T23:26:35.886407+00:00
6857.T,6857,アドバンテスト,プライム（内国株式）,3650,電気機器,0009,電機・精密,0001,TOPIX Core30,20260630,https://www.jpx.co.jp/markets/statistics-equities/misc/tvdivq0000001vg2-att/data_j.xls,2026-07-10T23:26:35.886407+00:00
6858.T,6858,小野測器,スタンダード（内国株式）,3650,電気機器,0009,電機・精密,-,-,20260630,https://www.jpx.co.jp/markets/statistics-equities/misc/tvdivq0000001vg2-att/data_j.xls,2026-07-10T23:26:35.886407+00:00
6859.T,6859,エスペック,プライム（内国株式）,3650,電気機器,0009,電機・精密,0006,TOPIX Small 1,20260630,https://www.jpx.co.jp/markets/statistics-equities/misc/tvdivq0000001vg2-att/data_j.xls,2026-07-10T23:26:35.886407+00:00
6861.T,6861,キーエンス,プライム（内国株式）,3650,電気機器,0009,電機・精密,0001,TOPIX Core30,20260630,https://www.jpx.co.jp/markets/statistics-equities/misc/tvdivq0000001vg2-att/data_j.xls,2026-07-10T23:26:35.886407+00:00
6862.T,6862,ミナトホールディングス,スタンダード（内国株式）,3650,電気機器,0009,電機・精密,-,-,20260630,https://www.jpx.co.jp/markets/statistics-equities/misc/tvdivq0000001vg2-att/data_j.xls,2026-07-10T23:26:35.886407+00:00
6863.T,6863,ニレコ,スタンダード（内国株式）,3650,電気機器,0009,電機・精密,-,-,20260630,https://www.jpx.co.jp/markets/statistics-equities/misc/tvdivq0000001vg2-att/data_j.xls,2026-07-10T23:26:35.886407+00:00
6864.T,6864,エヌエフホールディングス,スタンダード（内国株式）,3650,電気機器,0009,電機・精密,-,-,20260630,https://www.jpx.co.jp/markets/statistics-equities/misc/tvdivq0000001vg2-att/data_j.xls,2026-07-10T23:26:35.886407+00:00
6866.T,6866,日置電機,プライム（内国株式）,3650,電気機器,0009,電機・精密,0006,TOPIX Small 1,20260630,https://www.jpx.co.jp/markets/statistics-equities/misc/tvdivq0000001vg2-att/data_j.xls,2026-07-10T23:26:35.886407+00:00
6867.T,6867,リーダー電子,スタンダード（内国株式）,3650,電気機器,0009,電機・精密,-,-,20260630,https://www.jpx.co.jp/markets/statistics-equities/misc/tvdivq0000001vg2-att/data_j.xls,2026-07-10T23:26:35.886407+00:00
6869.T,6869,シスメックス,プライム（内国株式）,3650,電気機器,0009,電機・精密,0004,TOPIX Mid400,20260630,https://www.jpx.co.jp/markets/statistics-equities/misc/tvdivq0000001vg2-att/data_j.xls,2026-07-10T23:26:35.886407+00:00
6870.T,6870,日本フェンオール,スタンダード（内国株式）,3650,電気機器,0009,電機・精密,-,-,20260630,https://www.jpx.co.jp/markets/statistics-equities/misc/tvdivq0000001vg2-att/data_j.xls,2026-07-10T23:26:35.886407+00:00
6871.T,6871,日本マイクロニクス,プライム（内国株式）,3650,電気機器,0009,電機・精密,0006,TOPIX Small 1,20260630,https://www.jpx.co.jp/markets/statistics-equities/misc/tvdivq0000001vg2-att/data_j.xls,2026-07-10T23:26:35.886407+00:00
6874.T,6874,協立電機,スタンダード（内国株式）,3650,電気機器,0009,電機・精密,-,-,20260630,https://www.jpx.co.jp/markets/statistics-equities/misc/tvdivq0000001vg2-att/data_j.xls,2026-07-10T23:26:35.886407+00:00
6875.T,6875,メガチップス,プライム（内国株式）,3650,電気機器,0009,電機・精密,0006,TOPIX Small 1,20260630,https://www.jpx.co.jp/markets/statistics-equities/misc/tvdivq0000001vg2-att/data_j.xls,2026-07-10T23:26:35.886407+00:00
6877.T,6877,ＯＢＡＲＡ　ＧＲＯＵＰ,スタンダード（内国株式）,3650,電気機器,0009,電機・精密,0007,TOPIX Small 2,20260630,https://www.jpx.co.jp/markets/statistics-equities/misc/tvdivq0000001vg2-att/data_j.xls,2026-07-10T23:26:35.886407+00:00
6882.T,6882,三社電機製作所,スタンダード（内国株式）,3650,電気機器,0009,電機・精密,-,-,20260630,https://www.jpx.co.jp/markets/statistics-equities/misc/tvdivq0000001vg2-att/data_j.xls,2026-07-10T23:26:35.886407+00:00
6888.T,6888,アクモス,スタンダード（内国株式）,5250,情報・通信業,0010,情報通信・サービスその他,-,-,20260630,https://www.jpx.co.jp/markets/statistics-equities/misc/tvdivq0000001vg2-att/data_j.xls,2026-07-10T23:26:35.886407+00:00
6890.T,6890,フェローテック,スタンダード（内国株式）,3650,電気機器,0009,電機・精密,-,-,20260630,https://www.jpx.co.jp/markets/statistics-equities/misc/tvdivq0000001vg2-att/data_j.xls,2026-07-10T23:26:35.886407+00:00
6894.T,6894,パルステック工業,スタンダード（内国株式）,3650,電気機器,0009,電機・精密,-,-,20260630,https://www.jpx.co.jp/markets/statistics-equities/misc/tvdivq0000001vg2-att/data_j.xls,2026-07-10T23:26:35.886407+00:00
6897.T,6897,ツインバード,スタンダード（内国株式）,3650,電気機器,0009,電機・精密,-,-,20260630,https://www.jpx.co.jp/markets/statistics-equities/misc/tvdivq0000001vg2-att/data_j.xls,2026-07-10T23:26:35.886407+00:00
6898.T,6898,トミタ電機,スタンダード（内国株式）,3650,電気機器,0009,電機・精密,-,-,20260630,https://www.jpx.co.jp/markets/statistics-equities/misc/tvdivq0000001vg2-att/data_j.xls,2026-07-10T23:26:35.886407+00:00
6899.T,6899,ＡＳＴＩ,スタンダード（内国株式）,3650,電気機器,0009,電機・精密,-,-,20260630,https://www.jpx.co.jp/markets/statistics-equities/misc/tvdivq0000001vg2-att/data_j.xls,2026-07-10T23:26:35.886407+00:00
6902.T,6902,デンソー,プライム（内国株式）,3700,輸送用機器,0006,自動車・輸送機,0002,TOPIX Large70,20260630,https://www.jpx.co.jp/markets/statistics-equities/misc/tvdivq0000001vg2-att/data_j.xls,2026-07-10T23:26:35.886407+00:00
6904.T,6904,原田工業,スタンダード（内国株式）,3650,電気機器,0009,電機・精密,-,-,20260630,https://www.jpx.co.jp/markets/statistics-equities/misc/tvdivq0000001vg2-att/data_j.xls,2026-07-10T23:26:35.886407+00:00
6905.T,6905,コーセル,プライム（内国株式）,3650,電気機器,0009,電機・精密,0007,TOPIX Small 2,20260630,https://www.jpx.co.jp/markets/statistics-equities/misc/tvdivq0000001vg2-att/data_j.xls,2026-07-10T23:26:35.886407+00:00
6907.T,6907,ジオマテック,スタンダード（内国株式）,3650,電気機器,0009,電機・精密,-,-,20260630,https://www.jpx.co.jp/markets/statistics-equities/misc/tvdivq0000001vg2-att/data_j.xls,2026-07-10T23:26:35.886407+00:00
6908.T,6908,イリソ電子工業,プライム（内国株式）,3650,電気機器,0009,電機・精密,0006,TOPIX Small 1,20260630,https://www.jpx.co.jp/markets/statistics-equities/misc/tvdivq0000001vg2-att/data_j.xls,2026-07-10T23:26:35.886407+00:00
6912.T,6912,菊水ホールディングス,スタンダード（内国株式）,3650,電気機器,0009,電機・精密,-,-,20260630,https://www.jpx.co.jp/markets/statistics-equities/misc/tvdivq0000001vg2-att/data_j.xls,2026-07-10T23:26:35.886407+00:00
6914.T,6914,オプテックスグループ,プライム（内国株式）,3650,電気機器,0009,電機・精密,0006,TOPIX Small 1,20260630,https://www.jpx.co.jp/markets/statistics-equities/misc/tvdivq0000001vg2-att/data_j.xls,2026-07-10T23:26:35.886407+00:00
6915.T,6915,千代田インテグレ,スタンダード（内国株式）,3650,電気機器,0009,電機・精密,0007,TOPIX Small 2,20260630,https://www.jpx.co.jp/markets/statistics-equities/misc/tvdivq0000001vg2-att/data_j.xls,2026-07-10T23:26:35.886407+00:00
6918.T,6918,アバールデータ,スタンダード（内国株式）,3650,電気機器,0009,電機・精密,-,-,20260630,https://www.jpx.co.jp/markets/statistics-equities/misc/tvdivq0000001vg2-att/data_j.xls,2026-07-10T23:26:35.886407+00:00
6919.T,6919,ケル,スタンダード（内国株式）,3650,電気機器,0009,電機・精密,-,-,20260630,https://www.jpx.co.jp/markets/statistics-equities/misc/tvdivq0000001vg2-att/data_j.xls,2026-07-10T23:26:35.886407+00:00
6920.T,6920,レーザーテック,プライム（内国株式）,3650,電気機器,0009,電機・精密,0002,TOPIX Large70,20260630,https://www.jpx.co.jp/markets/statistics-equities/misc/tvdivq0000001vg2-att/data_j.xls,2026-07-10T23:26:35.886407+00:00
6923.T,6923,スタンレー電気,プライム（内国株式）,3650,電気機器,0009,電機・精密,0004,TOPIX Mid400,20260630,https://www.jpx.co.jp/markets/statistics-equities/misc/tvdivq0000001vg2-att/data_j.xls,2026-07-10T23:26:35.886407+00:00
6925.T,6925,ウシオ電機,プライム（内国株式）,3650,電気機器,0009,電機・精密,0004,TOPIX Mid400,20260630,https://www.jpx.co.jp/markets/statistics-equities/misc/tvdivq0000001vg2-att/data_j.xls,2026-07-10T23:26:35.886407+00:00
6926.T,6926,岡谷電機産業,スタンダード（内国株式）,3650,電気機器,0009,電機・精密,-,-,20260630,https://www.jpx.co.jp/markets/statistics-equities/misc/tvdivq0000001vg2-att/data_j.xls,2026-07-10T23:26:35.886407+00:00
6927.T,6927,ヘリオス　テクノ　ホールディング,スタンダード（内国株式）,3650,電気機器,0009,電機・精密,-,-,20260630,https://www.jpx.co.jp/markets/statistics-equities/misc/tvdivq0000001vg2-att/data_j.xls,2026-07-10T23:26:35.886407+00:00
6928.T,6928,エノモト,スタンダード（内国株式）,3650,電気機器,0009,電機・精密,-,-,20260630,https://www.jpx.co.jp/markets/statistics-equities/misc/tvdivq0000001vg2-att/data_j.xls,2026-07-10T23:26:35.886407+00:00
6929.T,6929,日本セラミック,プライム（内国株式）,3650,電気機器,0009,電機・精密,0006,TOPIX Small 1,20260630,https://www.jpx.co.jp/markets/statistics-equities/misc/tvdivq0000001vg2-att/data_j.xls,2026-07-10T23:26:35.886407+00:00
6932.T,6932,遠藤照明,スタンダード（内国株式）,3650,電気機器,0009,電機・精密,-,-,20260630,https://www.jpx.co.jp/markets/statistics-equities/misc/tvdivq0000001vg2-att/data_j.xls,2026-07-10T23:26:35.886407+00:00
6941.T,6941,山一電機,プライム（内国株式）,3650,電気機器,0009,電機・精密,0006,TOPIX Small 1,20260630,https://www.jpx.co.jp/markets/statistics-equities/misc/tvdivq0000001vg2-att/data_j.xls,2026-07-10T23:26:35.886407+00:00
6942.T,6942,ソフィアホールディングス,スタンダード（内国株式）,5250,情報・通信業,0010,情報通信・サービスその他,-,-,20260630,https://www.jpx.co.jp/markets/statistics-equities/misc/tvdivq0000001vg2-att/data_j.xls,2026-07-10T23:26:35.886407+00:00
6943.T,6943,ＮＫＫスイッチズ,スタンダード（内国株式）,3650,電気機器,0009,電機・精密,-,-,20260630,https://www.jpx.co.jp/markets/statistics-equities/misc/tvdivq0000001vg2-att/data_j.xls,2026-07-10T23:26:35.886407+00:00
6946.T,6946,日本アビオニクス,スタンダード（内国株式）,3650,電気機器,0009,電機・精密,-,-,20260630,https://www.jpx.co.jp/markets/statistics-equities/misc/tvdivq0000001vg2-att/data_j.xls,2026-07-10T23:26:35.886407+00:00
6947.T,6947,図研,プライム（内国株式）,3650,電気機器,0009,電機・精密,0006,TOPIX Small 1,20260630,https://www.jpx.co.jp/markets/statistics-equities/misc/tvdivq0000001vg2-att/data_j.xls,2026-07-10T23:26:35.886407+00:00
6951.T,6951,日本電子,プライム（内国株式）,3650,電気機器,0009,電機・精密,0004,TOPIX Mid400,20260630,https://www.jpx.co.jp/markets/statistics-equities/misc/tvdivq0000001vg2-att/data_j.xls,2026-07-10T23:26:35.886407+00:00
6952.T,6952,カシオ計算機,プライム（内国株式）,3650,電気機器,0009,電機・精密,0004,TOPIX Mid400,20260630,https://www.jpx.co.jp/markets/statistics-equities/misc/tvdivq0000001vg2-att/data_j.xls,2026-07-10T23:26:35.886407+00:00
6954.T,6954,ファナック,プライム（内国株式）,3650,電気機器,0009,電機・精密,0002,TOPIX Large70,20260630,https://www.jpx.co.jp/markets/statistics-equities/misc/tvdivq0000001vg2-att/data_j.xls,2026-07-10T23:26:35.886407+00:00
6955.T,6955,ＦＤＫ,スタンダード（内国株式）,3650,電気機器,0009,電機・精密,-,-,20260630,https://www.jpx.co.jp/markets/statistics-equities/misc/tvdivq0000001vg2-att/data_j.xls,2026-07-10T23:26:35.886407+00:00
6958.T,6958,日本シイエムケイ,プライム（内国株式）,3650,電気機器,0009,電機・精密,0007,TOPIX Small 2,20260630,https://www.jpx.co.jp/markets/statistics-equities/misc/tvdivq0000001vg2-att/data_j.xls,2026-07-10T23:26:35.886407+00:00
6960.T,6960,フクダ電子,スタンダード（内国株式）,3650,電気機器,0009,電機・精密,-,-,20260630,https://www.jpx.co.jp/markets/statistics-equities/misc/tvdivq0000001vg2-att/data_j.xls,2026-07-10T23:26:35.886407+00:00
6961.T,6961,エンプラス,プライム（内国株式）,3650,電気機器,0009,電機・精密,0007,TOPIX Small 2,20260630,https://www.jpx.co.jp/markets/statistics-equities/misc/tvdivq0000001vg2-att/data_j.xls,2026-07-10T23:26:35.886407+00:00
6962.T,6962,大真空,プライム（内国株式）,3650,電気機器,0009,電機・精密,0007,TOPIX Small 2,20260630,https://www.jpx.co.jp/markets/statistics-equities/misc/tvdivq0000001vg2-att/data_j.xls,2026-07-10T23:26:35.886407+00:00
6963.T,6963,ローム,プライム（内国株式）,3650,電気機器,0009,電機・精密,0004,TOPIX Mid400,20260630,https://www.jpx.co.jp/markets/statistics-equities/misc/tvdivq0000001vg2-att/data_j.xls,2026-07-10T23:26:35.886407+00:00
6964.T,6964,サンコー,スタンダード（内国株式）,3650,電気機器,0009,電機・精密,-,-,20260630,https://www.jpx.co.jp/markets/statistics-equities/misc/tvdivq0000001vg2-att/data_j.xls,2026-07-10T23:26:35.886407+00:00
6965.T,6965,浜松ホトニクス,プライム（内国株式）,3650,電気機器,0009,電機・精密,0004,TOPIX Mid400,20260630,https://www.jpx.co.jp/markets/statistics-equities/misc/tvdivq0000001vg2-att/data_j.xls,2026-07-10T23:26:35.886407+00:00
6966.T,6966,三井ハイテック,プライム（内国株式）,3650,電気機器,0009,電機・精密,0006,TOPIX Small 1,20260630,https://www.jpx.co.jp/markets/statistics-equities/misc/tvdivq0000001vg2-att/data_j.xls,2026-07-10T23:26:35.886407+00:00
6969.T,6969,松尾電機,スタンダード（内国株式）,3650,電気機器,0009,電機・精密,-,-,20260630,https://www.jpx.co.jp/markets/statistics-equities/misc/tvdivq0000001vg2-att/data_j.xls,2026-07-10T23:26:35.886407+00:00
6971.T,6971,京セラ,プライム（内国株式）,3650,電気機器,0009,電機・精密,0002,TOPIX Large70,20260630,https://www.jpx.co.jp/markets/statistics-equities/misc/tvdivq0000001vg2-att/data_j.xls,2026-07-10T23:26:35.886407+00:00
6976.T,6976,太陽誘電,プライム（内国株式）,3650,電気機器,0009,電機・精密,0004,TOPIX Mid400,20260630,https://www.jpx.co.jp/markets/statistics-equities/misc/tvdivq0000001vg2-att/data_j.xls,2026-07-10T23:26:35.886407+00:00
6977.T,6977,日本抵抗器製作所,スタンダード（内国株式）,3650,電気機器,0009,電機・精密,-,-,20260630,https://www.jpx.co.jp/markets/statistics-equities/misc/tvdivq0000001vg2-att/data_j.xls,2026-07-10T23:26:35.886407+00:00
6981.T,6981,村田製作所,プライム（内国株式）,3650,電気機器,0009,電機・精密,0002,TOPIX Large70,20260630,https://www.jpx.co.jp/markets/statistics-equities/misc/tvdivq0000001vg2-att/data_j.xls,2026-07-10T23:26:35.886407+00:00
6982.T,6982,リード,スタンダード（内国株式）,3700,輸送用機器,0006,自動車・輸送機,-,-,20260630,https://www.jpx.co.jp/markets/statistics-equities/misc/tvdivq0000001vg2-att/data_j.xls,2026-07-10T23:26:35.886407+00:00
6986.T,6986,双葉電子工業,プライム（内国株式）,3650,電気機器,0009,電機・精密,0007,TOPIX Small 2,20260630,https://www.jpx.co.jp/markets/statistics-equities/misc/tvdivq0000001vg2-att/data_j.xls,2026-07-10T23:26:35.886407+00:00
6988.T,6988,日東電工,プライム（内国株式）,3200,化学,0004,素材・化学,0004,TOPIX Mid400,20260630,https://www.jpx.co.jp/markets/statistics-equities/misc/tvdivq0000001vg2-att/data_j.xls,2026-07-10T23:26:35.886407+00:00
6989.T,6989,北陸電気工業,スタンダード（内国株式）,3650,電気機器,0009,電機・精密,-,-,20260630,https://www.jpx.co.jp/markets/statistics-equities/misc/tvdivq0000001vg2-att/data_j.xls,2026-07-10T23:26:35.886407+00:00
6993.T,6993,大黒屋ホールディングス,スタンダード（内国株式）,6100,小売業,0014,小売,-,-,20260630,https://www.jpx.co.jp/markets/statistics-equities/misc/tvdivq0000001vg2-att/data_j.xls,2026-07-10T23:26:35.886407+00:00
6994.T,6994,指月電機製作所,スタンダード（内国株式）,3650,電気機器,0009,電機・精密,-,-,20260630,https://www.jpx.co.jp/markets/statistics-equities/misc/tvdivq0000001vg2-att/data_j.xls,2026-07-10T23:26:35.886407+00:00
6995.T,6995,東海理化電機製作所,プライム（内国株式）,3700,輸送用機器,0006,自動車・輸送機,0006,TOPIX Small 1,20260630,https://www.jpx.co.jp/markets/statistics-equities/misc/tvdivq0000001vg2-att/data_j.xls,2026-07-10T23:26:35.886407+00:00
6996.T,6996,ニチコン,プライム（内国株式）,3650,電気機器,0009,電機・精密,0006,TOPIX Small 1,20260630,https://www.jpx.co.jp/markets/statistics-equities/misc/tvdivq0000001vg2-att/data_j.xls,2026-07-10T23:26:35.886407+00:00
6997.T,6997,日本ケミコン,プライム（内国株式）,3650,電気機器,0009,電機・精密,0007,TOPIX Small 2,20260630,https://www.jpx.co.jp/markets/statistics-equities/misc/tvdivq0000001vg2-att/data_j.xls,2026-07-10T23:26:35.886407+00:00
6998.T,6998,日本タングステン,スタンダード（内国株式）,3650,電気機器,0009,電機・精密,-,-,20260630,https://www.jpx.co.jp/markets/statistics-equities/misc/tvdivq0000001vg2-att/data_j.xls,2026-07-10T23:26:35.886407+00:00
6999.T,6999,ＫＯＡ,プライム（内国株式）,3650,電気機器,0009,電機・精密,0006,TOPIX Small 1,20260630,https://www.jpx.co.jp/markets/statistics-equities/misc/tvdivq0000001vg2-att/data_j.xls,2026-07-10T23:26:35.886407+00:00
7003.T,7003,三井Ｅ＆Ｓ,プライム（内国株式）,3600,機械,0008,機械,0004,TOPIX Mid400,20260630,https://www.jpx.co.jp/markets/statistics-equities/misc/tvdivq0000001vg2-att/data_j.xls,2026-07-10T23:26:35.886407+00:00
7004.T,7004,カナデビア,プライム（内国株式）,3600,機械,0008,機械,0006,TOPIX Small 1,20260630,https://www.jpx.co.jp/markets/statistics-equities/misc/tvdivq0000001vg2-att/data_j.xls,2026-07-10T23:26:35.886407+00:00
7011.T,7011,三菱重工業,プライム（内国株式）,3600,機械,0008,機械,0001,TOPIX Core30,20260630,https://www.jpx.co.jp/markets/statistics-equities/misc/tvdivq0000001vg2-att/data_j.xls,2026-07-10T23:26:35.886407+00:00
7012.T,7012,川崎重工業,プライム（内国株式）,3700,輸送用機器,0006,自動車・輸送機,0004,TOPIX Mid400,20260630,https://www.jpx.co.jp/markets/statistics-equities/misc/tvdivq0000001vg2-att/data_j.xls,2026-07-10T23:26:35.886407+00:00
7013.T,7013,ＩＨＩ,プライム（内国株式）,3600,機械,0008,機械,0004,TOPIX Mid400,20260630,https://www.jpx.co.jp/markets/statistics-equities/misc/tvdivq0000001vg2-att/data_j.xls,2026-07-10T23:26:35.886407+00:00
7014.T,7014,名村造船所,スタンダード（内国株式）,3700,輸送用機器,0006,自動車・輸送機,0006,TOPIX Small 1,20260630,https://www.jpx.co.jp/markets/statistics-equities/misc/tvdivq0000001vg2-att/data_j.xls,2026-07-10T23:26:35.886407+00:00
7018.T,7018,内海造船,スタンダード（内国株式）,3700,輸送用機器,0006,自動車・輸送機,-,-,20260630,https://www.jpx.co.jp/markets/statistics-equities/misc/tvdivq0000001vg2-att/data_j.xls,2026-07-10T23:26:35.886407+00:00
7021.T,7021,ニッチツ,スタンダード（内国株式）,3600,機械,0008,機械,-,-,20260630,https://www.jpx.co.jp/markets/statistics-equities/misc/tvdivq0000001vg2-att/data_j.xls,2026-07-10T23:26:35.886407+00:00
7022.T,7022,サノヤスホールディングス,スタンダード（内国株式）,3600,機械,0008,機械,-,-,20260630,https://www.jpx.co.jp/markets/statistics-equities/misc/tvdivq0000001vg2-att/data_j.xls,2026-07-10T23:26:35.886407+00:00
7030.T,7030,スプリックス,スタンダード（内国株式）,9050,サービス業,0010,情報通信・サービスその他,-,-,20260630,https://www.jpx.co.jp/markets/statistics-equities/misc/tvdivq0000001vg2-att/data_j.xls,2026-07-10T23:26:35.886407+00:00
7031.T,7031,インバウンドテック,グロース（内国株式）,9050,サービス業,0010,情報通信・サービスその他,-,-,20260630,https://www.jpx.co.jp/markets/statistics-equities/misc/tvdivq0000001vg2-att/data_j.xls,2026-07-10T23:26:35.886407+00:00
7033.T,7033,マネジメントソリューションズ,プライム（内国株式）,9050,サービス業,0010,情報通信・サービスその他,0007,TOPIX Small 2,20260630,https://www.jpx.co.jp/markets/statistics-equities/misc/tvdivq0000001vg2-att/data_j.xls,2026-07-10T23:26:35.886407+00:00
7034.T,7034,プロレド・パートナーズ,プライム（内国株式）,9050,サービス業,0010,情報通信・サービスその他,0007,TOPIX Small 2,20260630,https://www.jpx.co.jp/markets/statistics-equities/misc/tvdivq0000001vg2-att/data_j.xls,2026-07-10T23:26:35.886407+00:00
7035.T,7035,ａｎｄ　ｆａｃｔｏｒｙ,スタンダード（内国株式）,9050,サービス業,0010,情報通信・サービスその他,-,-,20260630,https://www.jpx.co.jp/markets/statistics-equities/misc/tvdivq0000001vg2-att/data_j.xls,2026-07-10T23:26:35.886407+00:00
7036.T,7036,イーエムネットジャパン,グロース（内国株式）,9050,サービス業,0010,情報通信・サービスその他,-,-,20260630,https://www.jpx.co.jp/markets/statistics-equities/misc/tvdivq0000001vg2-att/data_j.xls,2026-07-10T23:26:35.886407+00:00
7037.T,7037,テノ．ホールディングス,スタンダード（内国株式）,9050,サービス業,0010,情報通信・サービスその他,-,-,20260630,https://www.jpx.co.jp/markets/statistics-equities/misc/tvdivq0000001vg2-att/data_j.xls,2026-07-10T23:26:35.886407+00:00
7038.T,7038,フロンティア・マネジメント,プライム（内国株式）,9050,サービス業,0010,情報通信・サービスその他,0007,TOPIX Small 2,20260630,https://www.jpx.co.jp/markets/statistics-equities/misc/tvdivq0000001vg2-att/data_j.xls,2026-07-10T23:26:35.886407+00:00
7039.T,7039,ブリッジインターナショナルグループ,グロース（内国株式）,9050,サービス業,0010,情報通信・サービスその他,-,-,20260630,https://www.jpx.co.jp/markets/statistics-equities/misc/tvdivq0000001vg2-att/data_j.xls,2026-07-10T23:26:35.886407+00:00
7040.T,7040,サン・ライフホールディング,スタンダード（内国株式）,9050,サービス業,0010,情報通信・サービスその他,-,-,20260630,https://www.jpx.co.jp/markets/statistics-equities/misc/tvdivq0000001vg2-att/data_j.xls,2026-07-10T23:26:35.886407+00:00
7041.T,7041,ＣＲＧホールディングス,グロース（内国株式）,9050,サービス業,0010,情報通信・サービスその他,-,-,20260630,https://www.jpx.co.jp/markets/statistics-equities/misc/tvdivq0000001vg2-att/data_j.xls,2026-07-10T23:26:35.886407+00:00
7042.T,7042,アクセスグループ・ホールディングス,スタンダード（内国株式）,9050,サービス業,0010,情報通信・サービスその他,-,-,20260630,https://www.jpx.co.jp/markets/statistics-equities/misc/tvdivq0000001vg2-att/data_j.xls,2026-07-10T23:26:35.886407+00:00
7043.T,7043,アルー,グロース（内国株式）,9050,サービス業,0010,情報通信・サービスその他,-,-,20260630,https://www.jpx.co.jp/markets/statistics-equities/misc/tvdivq0000001vg2-att/data_j.xls,2026-07-10T23:26:35.886407+00:00
7044.T,7044,ピアラ,スタンダード（内国株式）,9050,サービス業,0010,情報通信・サービスその他,-,-,20260630,https://www.jpx.co.jp/markets/statistics-equities/misc/tvdivq0000001vg2-att/data_j.xls,2026-07-10T23:26:35.886407+00:00
7046.T,7046,ＴＤＳＥ,グロース（内国株式）,9050,サービス業,0010,情報通信・サービスその他,-,-,20260630,https://www.jpx.co.jp/markets/statistics-equities/misc/tvdivq0000001vg2-att/data_j.xls,2026-07-10T23:26:35.886407+00:00
7047.T,7047,ポート,グロース（内国株式）,9050,サービス業,0010,情報通信・サービスその他,-,-,20260630,https://www.jpx.co.jp/markets/statistics-equities/misc/tvdivq0000001vg2-att/data_j.xls,2026-07-10T23:26:35.886407+00:00
7048.T,7048,ベルトラ,グロース（内国株式）,9050,サービス業,0010,情報通信・サービスその他,-,-,20260630,https://www.jpx.co.jp/markets/statistics-equities/misc/tvdivq0000001vg2-att/data_j.xls,2026-07-10T23:26:35.886407+00:00
7049.T,7049,識学,グロース（内国株式）,9050,サービス業,0010,情報通信・サービスその他,-,-,20260630,https://www.jpx.co.jp/markets/statistics-equities/misc/tvdivq0000001vg2-att/data_j.xls,2026-07-10T23:26:35.886407+00:00
7050.T,7050,フロンティアインターナショナル,グロース（内国株式）,9050,サービス業,0010,情報通信・サービスその他,-,-,20260630,https://www.jpx.co.jp/markets/statistics-equities/misc/tvdivq0000001vg2-att/data_j.xls,2026-07-10T23:26:35.886407+00:00
7057.T,7057,エヌ・シー・エヌ,スタンダード（内国株式）,9050,サービス業,0010,情報通信・サービスその他,-,-,20260630,https://www.jpx.co.jp/markets/statistics-equities/misc/tvdivq0000001vg2-att/data_j.xls,2026-07-10T23:26:35.886407+00:00
7058.T,7058,共栄セキュリティーサービス,スタンダード（内国株式）,9050,サービス業,0010,情報通信・サービスその他,-,-,20260630,https://www.jpx.co.jp/markets/statistics-equities/misc/tvdivq0000001vg2-att/data_j.xls,2026-07-10T23:26:35.886407+00:00
7059.T,7059,コプロ・ホールディングス,プライム（内国株式）,9050,サービス業,0010,情報通信・サービスその他,-,-,20260630,https://www.jpx.co.jp/markets/statistics-equities/misc/tvdivq0000001vg2-att/data_j.xls,2026-07-10T23:26:35.886407+00:00
7060.T,7060,ギークス,スタンダード（内国株式）,9050,サービス業,0010,情報通信・サービスその他,-,-,20260630,https://www.jpx.co.jp/markets/statistics-equities/misc/tvdivq0000001vg2-att/data_j.xls,2026-07-10T23:26:35.886407+00:00
7061.T,7061,日本ホスピスホールディングス,グロース（内国株式）,9050,サービス業,0010,情報通信・サービスその他,-,-,20260630,https://www.jpx.co.jp/markets/statistics-equities/misc/tvdivq0000001vg2-att/data_j.xls,2026-07-10T23:26:35.886407+00:00
7062.T,7062,フレアス,グロース（内国株式）,9050,サービス業,0010,情報通信・サービスその他,-,-,20260630,https://www.jpx.co.jp/markets/statistics-equities/misc/tvdivq0000001vg2-att/data_j.xls,2026-07-10T23:26:35.886407+00:00
7063.T,7063,Ｂｉｒｄｍａｎ,グロース（内国株式）,9050,サービス業,0010,情報通信・サービスその他,-,-,20260630,https://www.jpx.co.jp/markets/statistics-equities/misc/tvdivq0000001vg2-att/data_j.xls,2026-07-10T23:26:35.886407+00:00
7064.T,7064,ハウテレビジョン,スタンダード（内国株式）,9050,サービス業,0010,情報通信・サービスその他,-,-,20260630,https://www.jpx.co.jp/markets/statistics-equities/misc/tvdivq0000001vg2-att/data_j.xls,2026-07-10T23:26:35.886407+00:00
7065.T,7065,ユーピーアール,スタンダード（内国株式）,9050,サービス業,0010,情報通信・サービスその他,-,-,20260630,https://www.jpx.co.jp/markets/statistics-equities/misc/tvdivq0000001vg2-att/data_j.xls,2026-07-10T23:26:35.886407+00:00
7066.T,7066,ピアズ,グロース（内国株式）,9050,サービス業,0010,情報通信・サービスその他,-,-,20260630,https://www.jpx.co.jp/markets/statistics-equities/misc/tvdivq0000001vg2-att/data_j.xls,2026-07-10T23:26:35.886407+00:00
7067.T,7067,ブランディングテクノロジー,グロース（内国株式）,9050,サービス業,0010,情報通信・サービスその他,-,-,20260630,https://www.jpx.co.jp/markets/statistics-equities/misc/tvdivq0000001vg2-att/data_j.xls,2026-07-10T23:26:35.886407+00:00
7068.T,7068,フィードフォースグループ,グロース（内国株式）,9050,サービス業,0010,情報通信・サービスその他,-,-,20260630,https://www.jpx.co.jp/markets/statistics-equities/misc/tvdivq0000001vg2-att/data_j.xls,2026-07-10T23:26:35.886407+00:00
7069.T,7069,サイバー・バズ,グロース（内国株式）,9050,サービス業,0010,情報通信・サービスその他,-,-,20260630,https://www.jpx.co.jp/markets/statistics-equities/misc/tvdivq0000001vg2-att/data_j.xls,2026-07-10T23:26:35.886407+00:00
7071.T,7071,アンビスホールディングス,プライム（内国株式）,9050,サービス業,0010,情報通信・サービスその他,0007,TOPIX Small 2,20260630,https://www.jpx.co.jp/markets/statistics-equities/misc/tvdivq0000001vg2-att/data_j.xls,2026-07-10T23:26:35.886407+00:00
7072.T,7072,インティメート・マージャー,グロース（内国株式）,9050,サービス業,0010,情報通信・サービスその他,-,-,20260630,https://www.jpx.co.jp/markets/statistics-equities/misc/tvdivq0000001vg2-att/data_j.xls,2026-07-10T23:26:35.886407+00:00
7073.T,7073,ジェイック,グロース（内国株式）,9050,サービス業,0010,情報通信・サービスその他,-,-,20260630,https://www.jpx.co.jp/markets/statistics-equities/misc/tvdivq0000001vg2-att/data_j.xls,2026-07-10T23:26:35.886407+00:00
7074.T,7074,トゥエンティーフォーセブンホールディングス,グロース（内国株式）,9050,サービス業,0010,情報通信・サービスその他,-,-,20260630,https://www.jpx.co.jp/markets/statistics-equities/misc/tvdivq0000001vg2-att/data_j.xls,2026-07-10T23:26:35.886407+00:00
7075.T,7075,ＱＬＳホールディングス,グロース（内国株式）,9050,サービス業,0010,情報通信・サービスその他,-,-,20260630,https://www.jpx.co.jp/markets/statistics-equities/misc/tvdivq0000001vg2-att/data_j.xls,2026-07-10T23:26:35.886407+00:00
7077.T,7077,ＡＬｉＮＫインターネット,グロース（内国株式）,9050,サービス業,0010,情報通信・サービスその他,-,-,20260630,https://www.jpx.co.jp/markets/statistics-equities/misc/tvdivq0000001vg2-att/data_j.xls,2026-07-10T23:26:35.886407+00:00
7078.T,7078,ＩＮＣＬＵＳＩＶＥ　Ｈｏｌｄｉｎｇｓ,グロース（内国株式）,9050,サービス業,0010,情報通信・サービスその他,-,-,20260630,https://www.jpx.co.jp/markets/statistics-equities/misc/tvdivq0000001vg2-att/data_j.xls,2026-07-10T23:26:35.886407+00:00
7079.T,7079,ＷＤＢココ,グロース（内国株式）,9050,サービス業,0010,情報通信・サービスその他,-,-,20260630,https://www.jpx.co.jp/markets/statistics-equities/misc/tvdivq0000001vg2-att/data_j.xls,2026-07-10T23:26:35.886407+00:00
7080.T,7080,スポーツフィールド,グロース（内国株式）,9050,サービス業,0010,情報通信・サービスその他,-,-,20260630,https://www.jpx.co.jp/markets/statistics-equities/misc/tvdivq0000001vg2-att/data_j.xls,2026-07-10T23:26:35.886407+00:00
7081.T,7081,コーユーレンティア,スタンダード（内国株式）,9050,サービス業,0010,情報通信・サービスその他,-,-,20260630,https://www.jpx.co.jp/markets/statistics-equities/misc/tvdivq0000001vg2-att/data_j.xls,2026-07-10T23:26:35.886407+00:00
7082.T,7082,ジモティー,グロース（内国株式）,9050,サービス業,0010,情報通信・サービスその他,-,-,20260630,https://www.jpx.co.jp/markets/statistics-equities/misc/tvdivq0000001vg2-att/data_j.xls,2026-07-10T23:26:35.886407+00:00
7083.T,7083,ＡＨＣグループ,グロース（内国株式）,9050,サービス業,0010,情報通信・サービスその他,-,-,20260630,https://www.jpx.co.jp/markets/statistics-equities/misc/tvdivq0000001vg2-att/data_j.xls,2026-07-10T23:26:35.886407+00:00
7084.T,7084,Ｓｍｉｌｅ　Ｈｏｌｄｉｎｇｓ,グロース（内国株式）,9050,サービス業,0010,情報通信・サービスその他,-,-,20260630,https://www.jpx.co.jp/markets/statistics-equities/misc/tvdivq0000001vg2-att/data_j.xls,2026-07-10T23:26:35.886407+00:00
7085.T,7085,カーブスホールディングス,プライム（内国株式）,9050,サービス業,0010,情報通信・サービスその他,0006,TOPIX Small 1,20260630,https://www.jpx.co.jp/markets/statistics-equities/misc/tvdivq0000001vg2-att/data_j.xls,2026-07-10T23:26:35.886407+00:00
7087.T,7087,ウイルテック,スタンダード（内国株式）,9050,サービス業,0010,情報通信・サービスその他,-,-,20260630,https://www.jpx.co.jp/markets/statistics-equities/misc/tvdivq0000001vg2-att/data_j.xls,2026-07-10T23:26:35.886407+00:00
7089.T,7089,フォースタートアップス,グロース（内国株式）,9050,サービス業,0010,情報通信・サービスその他,-,-,20260630,https://www.jpx.co.jp/markets/statistics-equities/misc/tvdivq0000001vg2-att/data_j.xls,2026-07-10T23:26:35.886407+00:00
7090.T,7090,リグア,グロース（内国株式）,9050,サービス業,0010,情報通信・サービスその他,-,-,20260630,https://www.jpx.co.jp/markets/statistics-equities/misc/tvdivq0000001vg2-att/data_j.xls,2026-07-10T23:26:35.886407+00:00
7091.T,7091,リビングプラットフォーム,グロース（内国株式）,9050,サービス業,0010,情報通信・サービスその他,-,-,20260630,https://www.jpx.co.jp/markets/statistics-equities/misc/tvdivq0000001vg2-att/data_j.xls,2026-07-10T23:26:35.886407+00:00
7093.T,7093,アディッシュ,グロース（内国株式）,9050,サービス業,0010,情報通信・サービスその他,-,-,20260630,https://www.jpx.co.jp/markets/statistics-equities/misc/tvdivq0000001vg2-att/data_j.xls,2026-07-10T23:26:35.886407+00:00
7094.T,7094,ＮｅｘＴｏｎｅ,グロース（内国株式）,9050,サービス業,0010,情報通信・サービスその他,-,-,20260630,https://www.jpx.co.jp/markets/statistics-equities/misc/tvdivq0000001vg2-att/data_j.xls,2026-07-10T23:26:35.886407+00:00
7095.T,7095,Ｍａｃｂｅｅ　Ｐｌａｎｅｔ,プライム（内国株式）,9050,サービス業,0010,情報通信・サービスその他,0007,TOPIX Small 2,20260630,https://www.jpx.co.jp/markets/statistics-equities/misc/tvdivq0000001vg2-att/data_j.xls,2026-07-10T23:26:35.886407+00:00
7096.T,7096,ステムセル研究所,グロース（内国株式）,9050,サービス業,0010,情報通信・サービスその他,-,-,20260630,https://www.jpx.co.jp/markets/statistics-equities/misc/tvdivq0000001vg2-att/data_j.xls,2026-07-10T23:26:35.886407+00:00
7097.T,7097,さくらさくプラス,グロース（内国株式）,9050,サービス業,0010,情報通信・サービスその他,-,-,20260630,https://www.jpx.co.jp/markets/statistics-equities/misc/tvdivq0000001vg2-att/data_j.xls,2026-07-10T23:26:35.886407+00:00
7098.T,7098,エージェント,PRO Market,9050,サービス業,0010,情報通信・サービスその他,-,-,20260630,https://www.jpx.co.jp/markets/statistics-equities/misc/tvdivq0000001vg2-att/data_j.xls,2026-07-10T23:26:35.886407+00:00
7102.T,7102,日本車輌製造,プライム（内国株式）,3700,輸送用機器,0006,自動車・輸送機,0007,TOPIX Small 2,20260630,https://www.jpx.co.jp/markets/statistics-equities/misc/tvdivq0000001vg2-att/data_j.xls,2026-07-10T23:26:35.886407+00:00
7110.T,7110,クラシコム,グロース（内国株式）,6100,小売業,0014,小売,-,-,20260630,https://www.jpx.co.jp/markets/statistics-equities/misc/tvdivq0000001vg2-att/data_j.xls,2026-07-10T23:26:35.886407+00:00
7111.T,7111,ＩＮＥＳＴ,スタンダード（内国株式）,6050,卸売業,0013,商社・卸売,-,-,20260630,https://www.jpx.co.jp/markets/statistics-equities/misc/tvdivq0000001vg2-att/data_j.xls,2026-07-10T23:26:35.886407+00:00
7112.T,7112,キューブ,グロース（内国株式）,6100,小売業,0014,小売,-,-,20260630,https://www.jpx.co.jp/markets/statistics-equities/misc/tvdivq0000001vg2-att/data_j.xls,2026-07-10T23:26:35.886407+00:00
7114.T,7114,フーディソン,グロース（内国株式）,6050,卸売業,0013,商社・卸売,-,-,20260630,https://www.jpx.co.jp/markets/statistics-equities/misc/tvdivq0000001vg2-att/data_j.xls,2026-07-10T23:26:35.886407+00:00
7115.T,7115,アルファパーチェス,スタンダード（内国株式）,6050,卸売業,0013,商社・卸売,-,-,20260630,https://www.jpx.co.jp/markets/statistics-equities/misc/tvdivq0000001vg2-att/data_j.xls,2026-07-10T23:26:35.886407+00:00
7119.T,7119,ハルメクホールディングス,グロース（内国株式）,6100,小売業,0014,小売,-,-,20260630,https://www.jpx.co.jp/markets/statistics-equities/misc/tvdivq0000001vg2-att/data_j.xls,2026-07-10T23:26:35.886407+00:00
7120.T,7120,ＳＨＩＮＫＯ,スタンダード（内国株式）,6050,卸売業,0013,商社・卸売,-,-,20260630,https://www.jpx.co.jp/markets/statistics-equities/misc/tvdivq0000001vg2-att/data_j.xls,2026-07-10T23:26:35.886407+00:00
7122.T,7122,近畿車輛,スタンダード（内国株式）,3700,輸送用機器,0006,自動車・輸送機,-,-,20260630,https://www.jpx.co.jp/markets/statistics-equities/misc/tvdivq0000001vg2-att/data_j.xls,2026-07-10T23:26:35.886407+00:00
7126.T,7126,グローバルスタイル,スタンダード（内国株式）,6100,小売業,0014,小売,-,-,20260630,https://www.jpx.co.jp/markets/statistics-equities/misc/tvdivq0000001vg2-att/data_j.xls,2026-07-10T23:26:35.886407+00:00
7127.T,7127,一家ホールディングス,スタンダード（内国株式）,6100,小売業,0014,小売,-,-,20260630,https://www.jpx.co.jp/markets/statistics-equities/misc/tvdivq0000001vg2-att/data_j.xls,2026-07-10T23:26:35.886407+00:00
7128.T,7128,ユニソルホールディングス,プライム（内国株式）,6050,卸売業,0013,商社・卸売,0006,TOPIX Small 1,20260630,https://www.jpx.co.jp/markets/statistics-equities/misc/tvdivq0000001vg2-att/data_j.xls,2026-07-10T23:26:35.886407+00:00
7129.T,7129,ミアヘルサホールディングス,スタンダード（内国株式）,6100,小売業,0014,小売,-,-,20260630,https://www.jpx.co.jp/markets/statistics-equities/misc/tvdivq0000001vg2-att/data_j.xls,2026-07-10T23:26:35.886407+00:00
7130.T,7130,ヤマエグループホールディングス,プライム（内国株式）,6050,卸売業,0013,商社・卸売,0006,TOPIX Small 1,20260630,https://www.jpx.co.jp/markets/statistics-equities/misc/tvdivq0000001vg2-att/data_j.xls,2026-07-10T23:26:35.886407+00:00
7131.T,7131,のむら産業,スタンダード（内国株式）,6050,卸売業,0013,商社・卸売,-,-,20260630,https://www.jpx.co.jp/markets/statistics-equities/misc/tvdivq0000001vg2-att/data_j.xls,2026-07-10T23:26:35.886407+00:00
7132.T,7132,フローバル,PRO Market,6050,卸売業,0013,商社・卸売,-,-,20260630,https://www.jpx.co.jp/markets/statistics-equities/misc/tvdivq0000001vg2-att/data_j.xls,2026-07-10T23:26:35.886407+00:00
7133.T,7133,ＨＹＵＧＡ　ＰＲＩＭＡＲＹ　ＣＡＲＥ,グロース（内国株式）,6100,小売業,0014,小売,-,-,20260630,https://www.jpx.co.jp/markets/statistics-equities/misc/tvdivq0000001vg2-att/data_j.xls,2026-07-10T23:26:35.886407+00:00
7134.T,7134,アップガレージグループ,スタンダード（内国株式）,6100,小売業,0014,小売,-,-,20260630,https://www.jpx.co.jp/markets/statistics-equities/misc/tvdivq0000001vg2-att/data_j.xls,2026-07-10T23:26:35.886407+00:00
7135.T,7135,ジャパンクラフトホールディングス,スタンダード（内国株式）,6100,小売業,0014,小売,-,-,20260630,https://www.jpx.co.jp/markets/statistics-equities/misc/tvdivq0000001vg2-att/data_j.xls,2026-07-10T23:26:35.886407+00:00
7137.T,7137,グラントマト,PRO Market,6100,小売業,0014,小売,-,-,20260630,https://www.jpx.co.jp/markets/statistics-equities/misc/tvdivq0000001vg2-att/data_j.xls,2026-07-10T23:26:35.886407+00:00
7138.T,7138,ＴＯＲＩＣＯ,グロース（内国株式）,6100,小売業,0014,小売,-,-,20260630,https://www.jpx.co.jp/markets/statistics-equities/misc/tvdivq0000001vg2-att/data_j.xls,2026-07-10T23:26:35.886407+00:00
7139.T,7139,東京高圧山崎,PRO Market,6050,卸売業,0013,商社・卸売,-,-,20260630,https://www.jpx.co.jp/markets/statistics-equities/misc/tvdivq0000001vg2-att/data_j.xls,2026-07-10T23:26:35.886407+00:00
7140.T,7140,ペットゴー,グロース（内国株式）,6100,小売業,0014,小売,-,-,20260630,https://www.jpx.co.jp/markets/statistics-equities/misc/tvdivq0000001vg2-att/data_j.xls,2026-07-10T23:26:35.886407+00:00
7148.T,7148,ＦＰＧ,プライム（内国株式）,7100,証券、商品先物取引業,0016,金融（除く銀行）,0006,TOPIX Small 1,20260630,https://www.jpx.co.jp/markets/statistics-equities/misc/tvdivq0000001vg2-att/data_j.xls,2026-07-10T23:26:35.886407+00:00
7150.T,7150,島根銀行,スタンダード（内国株式）,7050,銀行業,0015,銀行,-,-,20260630,https://www.jpx.co.jp/markets/statistics-equities/misc/tvdivq0000001vg2-att/data_j.xls,2026-07-10T23:26:35.886407+00:00
7157.T,7157,ライフネット生命保険,プライム（内国株式）,7150,保険業,0016,金融（除く銀行）,0006,TOPIX Small 1,20260630,https://www.jpx.co.jp/markets/statistics-equities/misc/tvdivq0000001vg2-att/data_j.xls,2026-07-10T23:26:35.886407+00:00
7161.T,7161,じもとホールディングス,スタンダード（内国株式）,7050,銀行業,0015,銀行,-,-,20260630,https://www.jpx.co.jp/markets/statistics-equities/misc/tvdivq0000001vg2-att/data_j.xls,2026-07-10T23:26:35.886407+00:00
7162.T,7162,アストマックス,スタンダード（内国株式）,4050,電気・ガス業,0011,電力・ガス,-,-,20260630,https://www.jpx.co.jp/markets/statistics-equities/misc/tvdivq0000001vg2-att/data_j.xls,2026-07-10T23:26:35.886407+00:00
7164.T,7164,全国保証,プライム（内国株式）,7200,その他金融業,0016,金融（除く銀行）,0004,TOPIX Mid400,20260630,https://www.jpx.co.jp/markets/statistics-equities/misc/tvdivq0000001vg2-att/data_j.xls,2026-07-10T23:26:35.886407+00:00
7167.T,7167,めぶきフィナンシャルグループ,プライム（内国株式）,7050,銀行業,0015,銀行,0004,TOPIX Mid400,20260630,https://www.jpx.co.jp/markets/statistics-equities/misc/tvdivq0000001vg2-att/data_j.xls,2026-07-10T23:26:35.886407+00:00
7170.T,7170,中央インターナショナルグループ,PRO Market,7150,保険業,0016,金融（除く銀行）,-,-,20260630,https://www.jpx.co.jp/markets/statistics-equities/misc/tvdivq0000001vg2-att/data_j.xls,2026-07-10T23:26:35.886407+00:00
7172.T,7172,ジャパンインベストメントアドバイザー,プライム（内国株式）,7100,証券、商品先物取引業,0016,金融（除く銀行）,0006,TOPIX Small 1,20260630,https://www.jpx.co.jp/markets/statistics-equities/misc/tvdivq0000001vg2-att/data_j.xls,2026-07-10T23:26:35.886407+00:00
7173.T,7173,東京きらぼしフィナンシャルグループ,プライム（内国株式）,7050,銀行業,0015,銀行,0006,TOPIX Small 1,20260630,https://www.jpx.co.jp/markets/statistics-equities/misc/tvdivq0000001vg2-att/data_j.xls,2026-07-10T23:26:35.886407+00:00
7175.T,7175,今村証券,スタンダード（内国株式）,7100,証券、商品先物取引業,0016,金融（除く銀行）,-,-,20260630,https://www.jpx.co.jp/markets/statistics-equities/misc/tvdivq0000001vg2-att/data_j.xls,2026-07-10T23:26:35.886407+00:00
7176.T,7176,シンプレクス・ファイナンシャル・ホールディングス,PRO Market,7100,証券、商品先物取引業,0016,金融（除く銀行）,-,-,20260630,https://www.jpx.co.jp/markets/statistics-equities/misc/tvdivq0000001vg2-att/data_j.xls,2026-07-10T23:26:35.886407+00:00
7177.T,7177,ＧＭＯフィナンシャルホールディングス,スタンダード（内国株式）,7100,証券、商品先物取引業,0016,金融（除く銀行）,-,-,20260630,https://www.jpx.co.jp/markets/statistics-equities/misc/tvdivq0000001vg2-att/data_j.xls,2026-07-10T23:26:35.886407+00:00
7180.T,7180,九州フィナンシャルグループ,プライム（内国株式）,7050,銀行業,0015,銀行,0004,TOPIX Mid400,20260630,https://www.jpx.co.jp/markets/statistics-equities/misc/tvdivq0000001vg2-att/data_j.xls,2026-07-10T23:26:35.886407+00:00
7181.T,7181,かんぽ生命保険,プライム（内国株式）,7150,保険業,0016,金融（除く銀行）,0004,TOPIX Mid400,20260630,https://www.jpx.co.jp/markets/statistics-equities/misc/tvdivq0000001vg2-att/data_j.xls,2026-07-10T23:26:35.886407+00:00
7182.T,7182,ゆうちょ銀行,プライム（内国株式）,7050,銀行業,0015,銀行,0002,TOPIX Large70,20260630,https://www.jpx.co.jp/markets/statistics-equities/misc/tvdivq0000001vg2-att/data_j.xls,2026-07-10T23:26:35.886407+00:00
7183.T,7183,あんしん保証,スタンダード（内国株式）,7200,その他金融業,0016,金融（除く銀行）,-,-,20260630,https://www.jpx.co.jp/markets/statistics-equities/misc/tvdivq0000001vg2-att/data_j.xls,2026-07-10T23:26:35.886407+00:00
7184.T,7184,富山第一銀行,プライム（内国株式）,7050,銀行業,0015,銀行,0006,TOPIX Small 1,20260630,https://www.jpx.co.jp/markets/statistics-equities/misc/tvdivq0000001vg2-att/data_j.xls,2026-07-10T23:26:35.886407+00:00
7185.T,7185,ヒロセ通商,スタンダード（内国株式）,7100,証券、商品先物取引業,0016,金融（除く銀行）,-,-,20260630,https://www.jpx.co.jp/markets/statistics-equities/misc/tvdivq0000001vg2-att/data_j.xls,2026-07-10T23:26:35.886407+00:00
7186.T,7186,横浜フィナンシャルグループ,プライム（内国株式）,7050,銀行業,0015,銀行,0004,TOPIX Mid400,20260630,https://www.jpx.co.jp/markets/statistics-equities/misc/tvdivq0000001vg2-att/data_j.xls,2026-07-10T23:26:35.886407+00:00
7187.T,7187,ジェイリース,プライム（内国株式）,7200,その他金融業,0016,金融（除く銀行）,0007,TOPIX Small 2,20260630,https://www.jpx.co.jp/markets/statistics-equities/misc/tvdivq0000001vg2-att/data_j.xls,2026-07-10T23:26:35.886407+00:00
7189.T,7189,西日本フィナンシャルホールディングス,プライム（内国株式）,7050,銀行業,0015,銀行,0004,TOPIX Mid400,20260630,https://www.jpx.co.jp/markets/statistics-equities/misc/tvdivq0000001vg2-att/data_j.xls,2026-07-10T23:26:35.886407+00:00
7191.T,7191,イントラスト,スタンダード（内国株式）,7200,その他金融業,0016,金融（除く銀行）,-,-,20260630,https://www.jpx.co.jp/markets/statistics-equities/misc/tvdivq0000001vg2-att/data_j.xls,2026-07-10T23:26:35.886407+00:00
7192.T,7192,日本モーゲージサービス,スタンダード（内国株式）,7200,その他金融業,0016,金融（除く銀行）,-,-,20260630,https://www.jpx.co.jp/markets/statistics-equities/misc/tvdivq0000001vg2-att/data_j.xls,2026-07-10T23:26:35.886407+00:00
7196.T,7196,Ｃａｓａ,スタンダード（内国株式）,7200,その他金融業,0016,金融（除く銀行）,-,-,20260630,https://www.jpx.co.jp/markets/statistics-equities/misc/tvdivq0000001vg2-att/data_j.xls,2026-07-10T23:26:35.886407+00:00
7198.T,7198,ＳＢＩアルヒ,プライム（内国株式）,7200,その他金融業,0016,金融（除く銀行）,0007,TOPIX Small 2,20260630,https://www.jpx.co.jp/markets/statistics-equities/misc/tvdivq0000001vg2-att/data_j.xls,2026-07-10T23:26:35.886407+00:00
7199.T,7199,プレミアグループ,プライム（内国株式）,7200,その他金融業,0016,金融（除く銀行）,0006,TOPIX Small 1,20260630,https://www.jpx.co.jp/markets/statistics-equities/misc/tvdivq0000001vg2-att/data_j.xls,2026-07-10T23:26:35.886407+00:00
7201.T,7201,日産自動車,プライム（内国株式）,3700,輸送用機器,0006,自動車・輸送機,0004,TOPIX Mid400,20260630,https://www.jpx.co.jp/markets/statistics-equities/misc/tvdivq0000001vg2-att/data_j.xls,2026-07-10T23:26:35.886407+00:00
7202.T,7202,いすゞ自動車,プライム（内国株式）,3700,輸送用機器,0006,自動車・輸送機,0004,TOPIX Mid400,20260630,https://www.jpx.co.jp/markets/statistics-equities/misc/tvdivq0000001vg2-att/data_j.xls,2026-07-10T23:26:35.886407+00:00
7203.T,7203,トヨタ自動車,プライム（内国株式）,3700,輸送用機器,0006,自動車・輸送機,0001,TOPIX Core30,20260630,https://www.jpx.co.jp/markets/statistics-equities/misc/tvdivq0000001vg2-att/data_j.xls,2026-07-10T23:26:35.886407+00:00
7208.T,7208,カネミツ,スタンダード（内国株式）,3700,輸送用機器,0006,自動車・輸送機,-,-,20260630,https://www.jpx.co.jp/markets/statistics-equities/misc/tvdivq0000001vg2-att/data_j.xls,2026-07-10T23:26:35.886407+00:00
7211.T,7211,三菱自動車工業,プライム（内国株式）,3700,輸送用機器,0006,自動車・輸送機,0004,TOPIX Mid400,20260630,https://www.jpx.co.jp/markets/statistics-equities/misc/tvdivq0000001vg2-att/data_j.xls,2026-07-10T23:26:35.886407+00:00
7212.T,7212,エフテック,スタンダード（内国株式）,3700,輸送用機器,0006,自動車・輸送機,-,-,20260630,https://www.jpx.co.jp/markets/statistics-equities/misc/tvdivq0000001vg2-att/data_j.xls,2026-07-10T23:26:35.886407+00:00
7213.T,7213,レシップホールディングス,スタンダード（内国株式）,3700,輸送用機器,0006,自動車・輸送機,-,-,20260630,https://www.jpx.co.jp/markets/statistics-equities/misc/tvdivq0000001vg2-att/data_j.xls,2026-07-10T23:26:35.886407+00:00
7214.T,7214,ＧＭＢ,スタンダード（内国株式）,3700,輸送用機器,0006,自動車・輸送機,-,-,20260630,https://www.jpx.co.jp/markets/statistics-equities/misc/tvdivq0000001vg2-att/data_j.xls,2026-07-10T23:26:35.886407+00:00
7215.T,7215,ファルテック,スタンダード（内国株式）,3700,輸送用機器,0006,自動車・輸送機,-,-,20260630,https://www.jpx.co.jp/markets/statistics-equities/misc/tvdivq0000001vg2-att/data_j.xls,2026-07-10T23:26:35.886407+00:00
7217.T,7217,テイン,スタンダード（内国株式）,3700,輸送用機器,0006,自動車・輸送機,-,-,20260630,https://www.jpx.co.jp/markets/statistics-equities/misc/tvdivq0000001vg2-att/data_j.xls,2026-07-10T23:26:35.886407+00:00
7218.T,7218,田中精密工業,スタンダード（内国株式）,3700,輸送用機器,0006,自動車・輸送機,-,-,20260630,https://www.jpx.co.jp/markets/statistics-equities/misc/tvdivq0000001vg2-att/data_j.xls,2026-07-10T23:26:35.886407+00:00
7219.T,7219,エッチ・ケー・エス,スタンダード（内国株式）,3700,輸送用機器,0006,自動車・輸送機,-,-,20260630,https://www.jpx.co.jp/markets/statistics-equities/misc/tvdivq0000001vg2-att/data_j.xls,2026-07-10T23:26:35.886407+00:00
7220.T,7220,武蔵精密工業,プライム（内国株式）,3700,輸送用機器,0006,自動車・輸送機,0006,TOPIX Small 1,20260630,https://www.jpx.co.jp/markets/statistics-equities/misc/tvdivq0000001vg2-att/data_j.xls,2026-07-10T23:26:35.886407+00:00
7222.T,7222,日産車体,スタンダード（内国株式）,3700,輸送用機器,0006,自動車・輸送機,0007,TOPIX Small 2,20260630,https://www.jpx.co.jp/markets/statistics-equities/misc/tvdivq0000001vg2-att/data_j.xls,2026-07-10T23:26:35.886407+00:00
7224.T,7224,新明和工業,プライム（内国株式）,3700,輸送用機器,0006,自動車・輸送機,0006,TOPIX Small 1,20260630,https://www.jpx.co.jp/markets/statistics-equities/misc/tvdivq0000001vg2-att/data_j.xls,2026-07-10T23:26:35.886407+00:00
7226.T,7226,極東開発工業,プライム（内国株式）,3700,輸送用機器,0006,自動車・輸送機,0006,TOPIX Small 1,20260630,https://www.jpx.co.jp/markets/statistics-equities/misc/tvdivq0000001vg2-att/data_j.xls,2026-07-10T23:26:35.886407+00:00
7228.T,7228,デイトナ,スタンダード（内国株式）,3700,輸送用機器,0006,自動車・輸送機,-,-,20260630,https://www.jpx.co.jp/markets/statistics-equities/misc/tvdivq0000001vg2-att/data_j.xls,2026-07-10T23:26:35.886407+00:00
7231.T,7231,トピー工業,プライム（内国株式）,3700,輸送用機器,0006,自動車・輸送機,0007,TOPIX Small 2,20260630,https://www.jpx.co.jp/markets/statistics-equities/misc/tvdivq0000001vg2-att/data_j.xls,2026-07-10T23:26:35.886407+00:00
7235.T,7235,東京ラヂエーター製造,スタンダード（内国株式）,3700,輸送用機器,0006,自動車・輸送機,-,-,20260630,https://www.jpx.co.jp/markets/statistics-equities/misc/tvdivq0000001vg2-att/data_j.xls,2026-07-10T23:26:35.886407+00:00
7236.T,7236,ティラド,プライム（内国株式）,3700,輸送用機器,0006,自動車・輸送機,0007,TOPIX Small 2,20260630,https://www.jpx.co.jp/markets/statistics-equities/misc/tvdivq0000001vg2-att/data_j.xls,2026-07-10T23:26:35.886407+00:00
7238.T,7238,曙ブレーキ工業,プライム（内国株式）,3700,輸送用機器,0006,自動車・輸送機,0007,TOPIX Small 2,20260630,https://www.jpx.co.jp/markets/statistics-equities/misc/tvdivq0000001vg2-att/data_j.xls,2026-07-10T23:26:35.886407+00:00
7239.T,7239,タチエス,プライム（内国株式）,3700,輸送用機器,0006,自動車・輸送機,0006,TOPIX Small 1,20260630,https://www.jpx.co.jp/markets/statistics-equities/misc/tvdivq0000001vg2-att/data_j.xls,2026-07-10T23:26:35.886407+00:00
7240.T,7240,ＮＯＫ,プライム（内国株式）,3700,輸送用機器,0006,自動車・輸送機,0004,TOPIX Mid400,20260630,https://www.jpx.co.jp/markets/statistics-equities/misc/tvdivq0000001vg2-att/data_j.xls,2026-07-10T23:26:35.886407+00:00
7241.T,7241,フタバ産業,プライム（内国株式）,3700,輸送用機器,0006,自動車・輸送機,0006,TOPIX Small 1,20260630,https://www.jpx.co.jp/markets/statistics-equities/misc/tvdivq0000001vg2-att/data_j.xls,2026-07-10T23:26:35.886407+00:00
7242.T,7242,カヤバ,プライム（内国株式）,3700,輸送用機器,0006,自動車・輸送機,0006,TOPIX Small 1,20260630,https://www.jpx.co.jp/markets/statistics-equities/misc/tvdivq0000001vg2-att/data_j.xls,2026-07-10T23:26:35.886407+00:00
7244.T,7244,市光工業,プライム（内国株式）,3650,電気機器,0009,電機・精密,0007,TOPIX Small 2,20260630,https://www.jpx.co.jp/markets/statistics-equities/misc/tvdivq0000001vg2-att/data_j.xls,2026-07-10T23:26:35.886407+00:00
7245.T,7245,大同メタル工業,プライム（内国株式）,3700,輸送用機器,0006,自動車・輸送機,0007,TOPIX Small 2,20260630,https://www.jpx.co.jp/markets/statistics-equities/misc/tvdivq0000001vg2-att/data_j.xls,2026-07-10T23:26:35.886407+00:00
7246.T,7246,プレス工業,プライム（内国株式）,3700,輸送用機器,0006,自動車・輸送機,0006,TOPIX Small 1,20260630,https://www.jpx.co.jp/markets/statistics-equities/misc/tvdivq0000001vg2-att/data_j.xls,2026-07-10T23:26:35.886407+00:00
7247.T,7247,ミクニ,スタンダード（内国株式）,3700,輸送用機器,0006,自動車・輸送機,-,-,20260630,https://www.jpx.co.jp/markets/statistics-equities/misc/tvdivq0000001vg2-att/data_j.xls,2026-07-10T23:26:35.886407+00:00
7254.T,7254,ユニバンス,スタンダード（内国株式）,3700,輸送用機器,0006,自動車・輸送機,-,-,20260630,https://www.jpx.co.jp/markets/statistics-equities/misc/tvdivq0000001vg2-att/data_j.xls,2026-07-10T23:26:35.886407+00:00
7255.T,7255,桜井製作所,スタンダード（内国株式）,3700,輸送用機器,0006,自動車・輸送機,-,-,20260630,https://www.jpx.co.jp/markets/statistics-equities/misc/tvdivq0000001vg2-att/data_j.xls,2026-07-10T23:26:35.886407+00:00
7256.T,7256,河西工業,スタンダード（内国株式）,3700,輸送用機器,0006,自動車・輸送機,-,-,20260630,https://www.jpx.co.jp/markets/statistics-equities/misc/tvdivq0000001vg2-att/data_j.xls,2026-07-10T23:26:35.886407+00:00
7259.T,7259,アイシン,プライム（内国株式）,3700,輸送用機器,0006,自動車・輸送機,0004,TOPIX Mid400,20260630,https://www.jpx.co.jp/markets/statistics-equities/misc/tvdivq0000001vg2-att/data_j.xls,2026-07-10T23:26:35.886407+00:00
7261.T,7261,マツダ,プライム（内国株式）,3700,輸送用機器,0006,自動車・輸送機,0004,TOPIX Mid400,20260630,https://www.jpx.co.jp/markets/statistics-equities/misc/tvdivq0000001vg2-att/data_j.xls,2026-07-10T23:26:35.886407+00:00
7264.T,7264,ムロコーポレーション,スタンダード（内国株式）,3700,輸送用機器,0006,自動車・輸送機,-,-,20260630,https://www.jpx.co.jp/markets/statistics-equities/misc/tvdivq0000001vg2-att/data_j.xls,2026-07-10T23:26:35.886407+00:00
7265.T,7265,エイケン工業,スタンダード（内国株式）,3700,輸送用機器,0006,自動車・輸送機,-,-,20260630,https://www.jpx.co.jp/markets/statistics-equities/misc/tvdivq0000001vg2-att/data_j.xls,2026-07-10T23:26:35.886407+00:00
7266.T,7266,今仙電機製作所,スタンダード（内国株式）,3700,輸送用機器,0006,自動車・輸送機,-,-,20260630,https://www.jpx.co.jp/markets/statistics-equities/misc/tvdivq0000001vg2-att/data_j.xls,2026-07-10T23:26:35.886407+00:00
7267.T,7267,本田技研工業,プライム（内国株式）,3700,輸送用機器,0006,自動車・輸送機,0001,TOPIX Core30,20260630,https://www.jpx.co.jp/markets/statistics-equities/misc/tvdivq0000001vg2-att/data_j.xls,2026-07-10T23:26:35.886407+00:00
7269.T,7269,スズキ,プライム（内国株式）,3700,輸送用機器,0006,自動車・輸送機,0002,TOPIX Large70,20260630,https://www.jpx.co.jp/markets/statistics-equities/misc/tvdivq0000001vg2-att/data_j.xls,2026-07-10T23:26:35.886407+00:00
7270.T,7270,ＳＵＢＡＲＵ,プライム（内国株式）,3700,輸送用機器,0006,自動車・輸送機,0002,TOPIX Large70,20260630,https://www.jpx.co.jp/markets/statistics-equities/misc/tvdivq0000001vg2-att/data_j.xls,2026-07-10T23:26:35.886407+00:00
7271.T,7271,安永,スタンダード（内国株式）,3700,輸送用機器,0006,自動車・輸送機,-,-,20260630,https://www.jpx.co.jp/markets/statistics-equities/misc/tvdivq0000001vg2-att/data_j.xls,2026-07-10T23:26:35.886407+00:00
7272.T,7272,ヤマハ発動機,プライム（内国株式）,3700,輸送用機器,0006,自動車・輸送機,0004,TOPIX Mid400,20260630,https://www.jpx.co.jp/markets/statistics-equities/misc/tvdivq0000001vg2-att/data_j.xls,2026-07-10T23:26:35.886407+00:00
7273.T,7273,イクヨ,スタンダード（内国株式）,3700,輸送用機器,0006,自動車・輸送機,-,-,20260630,https://www.jpx.co.jp/markets/statistics-equities/misc/tvdivq0000001vg2-att/data_j.xls,2026-07-10T23:26:35.886407+00:00
7276.T,7276,小糸製作所,プライム（内国株式）,3650,電気機器,0009,電機・精密,0004,TOPIX Mid400,20260630,https://www.jpx.co.jp/markets/statistics-equities/misc/tvdivq0000001vg2-att/data_j.xls,2026-07-10T23:26:35.886407+00:00
7277.T,7277,ＴＢＫ,スタンダード（内国株式）,3700,輸送用機器,0006,自動車・輸送機,-,-,20260630,https://www.jpx.co.jp/markets/statistics-equities/misc/tvdivq0000001vg2-att/data_j.xls,2026-07-10T23:26:35.886407+00:00
7278.T,7278,エクセディ,プライム（内国株式）,3700,輸送用機器,0006,自動車・輸送機,0006,TOPIX Small 1,20260630,https://www.jpx.co.jp/markets/statistics-equities/misc/tvdivq0000001vg2-att/data_j.xls,2026-07-10T23:26:35.886407+00:00
7279.T,7279,ハイレックスコーポレーション,スタンダード（内国株式）,3700,輸送用機器,0006,自動車・輸送機,-,-,20260630,https://www.jpx.co.jp/markets/statistics-equities/misc/tvdivq0000001vg2-att/data_j.xls,2026-07-10T23:26:35.886407+00:00
7280.T,7280,ミツバ,プライム（内国株式）,3650,電気機器,0009,電機・精密,0006,TOPIX Small 1,20260630,https://www.jpx.co.jp/markets/statistics-equities/misc/tvdivq0000001vg2-att/data_j.xls,2026-07-10T23:26:35.886407+00:00
7282.T,7282,豊田合成,プライム（内国株式）,3700,輸送用機器,0006,自動車・輸送機,0004,TOPIX Mid400,20260630,https://www.jpx.co.jp/markets/statistics-equities/misc/tvdivq0000001vg2-att/data_j.xls,2026-07-10T23:26:35.886407+00:00
7283.T,7283,愛三工業,プライム（内国株式）,3700,輸送用機器,0006,自動車・輸送機,0006,TOPIX Small 1,20260630,https://www.jpx.co.jp/markets/statistics-equities/misc/tvdivq0000001vg2-att/data_j.xls,2026-07-10T23:26:35.886407+00:00
7284.T,7284,盟和産業,スタンダード（内国株式）,3700,輸送用機器,0006,自動車・輸送機,-,-,20260630,https://www.jpx.co.jp/markets/statistics-equities/misc/tvdivq0000001vg2-att/data_j.xls,2026-07-10T23:26:35.886407+00:00
7287.T,7287,日本精機,スタンダード（内国株式）,3700,輸送用機器,0006,自動車・輸送機,-,-,20260630,https://www.jpx.co.jp/markets/statistics-equities/misc/tvdivq0000001vg2-att/data_j.xls,2026-07-10T23:26:35.886407+00:00
7291.T,7291,日本プラスト,スタンダード（内国株式）,3700,輸送用機器,0006,自動車・輸送機,-,-,20260630,https://www.jpx.co.jp/markets/statistics-equities/misc/tvdivq0000001vg2-att/data_j.xls,2026-07-10T23:26:35.886407+00:00
7292.T,7292,村上開明堂,スタンダード（内国株式）,3700,輸送用機器,0006,自動車・輸送機,-,-,20260630,https://www.jpx.co.jp/markets/statistics-equities/misc/tvdivq0000001vg2-att/data_j.xls,2026-07-10T23:26:35.886407+00:00
7294.T,7294,ヨロズ,プライム（内国株式）,3700,輸送用機器,0006,自動車・輸送機,0007,TOPIX Small 2,20260630,https://www.jpx.co.jp/markets/statistics-equities/misc/tvdivq0000001vg2-att/data_j.xls,2026-07-10T23:26:35.886407+00:00
7296.T,7296,エフ・シー・シー,プライム（内国株式）,3700,輸送用機器,0006,自動車・輸送機,0006,TOPIX Small 1,20260630,https://www.jpx.co.jp/markets/statistics-equities/misc/tvdivq0000001vg2-att/data_j.xls,2026-07-10T23:26:35.886407+00:00
7297.T,7297,カーメイト,スタンダード（内国株式）,3700,輸送用機器,0006,自動車・輸送機,-,-,20260630,https://www.jpx.co.jp/markets/statistics-equities/misc/tvdivq0000001vg2-att/data_j.xls,2026-07-10T23:26:35.886407+00:00
7299.T,7299,フジオーゼックス,スタンダード（内国株式）,3700,輸送用機器,0006,自動車・輸送機,-,-,20260630,https://www.jpx.co.jp/markets/statistics-equities/misc/tvdivq0000001vg2-att/data_j.xls,2026-07-10T23:26:35.886407+00:00
7305.T,7305,新家工業,スタンダード（内国株式）,3450,鉄鋼,0007,鉄鋼・非鉄,-,-,20260630,https://www.jpx.co.jp/markets/statistics-equities/misc/tvdivq0000001vg2-att/data_j.xls,2026-07-10T23:26:35.886407+00:00
7309.T,7309,シマノ,プライム（内国株式）,3700,輸送用機器,0006,自動車・輸送機,0002,TOPIX Large70,20260630,https://www.jpx.co.jp/markets/statistics-equities/misc/tvdivq0000001vg2-att/data_j.xls,2026-07-10T23:26:35.886407+00:00
7313.T,7313,テイ・エス　テック,プライム（内国株式）,3700,輸送用機器,0006,自動車・輸送機,0004,TOPIX Mid400,20260630,https://www.jpx.co.jp/markets/statistics-equities/misc/tvdivq0000001vg2-att/data_j.xls,2026-07-10T23:26:35.886407+00:00
7314.T,7314,小田原機器,スタンダード（内国株式）,3700,輸送用機器,0006,自動車・輸送機,-,-,20260630,https://www.jpx.co.jp/markets/statistics-equities/misc/tvdivq0000001vg2-att/data_j.xls,2026-07-10T23:26:35.886407+00:00
7317.T,7317,松屋アールアンドディ,グロース（内国株式）,3700,輸送用機器,0006,自動車・輸送機,-,-,20260630,https://www.jpx.co.jp/markets/statistics-equities/misc/tvdivq0000001vg2-att/data_j.xls,2026-07-10T23:26:35.886407+00:00
7318.T,7318,セレンディップ・ホールディングス,グロース（内国株式）,3700,輸送用機器,0006,自動車・輸送機,-,-,20260630,https://www.jpx.co.jp/markets/statistics-equities/misc/tvdivq0000001vg2-att/data_j.xls,2026-07-10T23:26:35.886407+00:00
7320.T,7320,Ｓｏｌｖｖｙ,グロース（内国株式）,7200,その他金融業,0016,金融（除く銀行）,-,-,20260630,https://www.jpx.co.jp/markets/statistics-equities/misc/tvdivq0000001vg2-att/data_j.xls,2026-07-10T23:26:35.886407+00:00
7322.T,7322,三十三フィナンシャルグループ,プライム（内国株式）,7050,銀行業,0015,銀行,0007,TOPIX Small 2,20260630,https://www.jpx.co.jp/markets/statistics-equities/misc/tvdivq0000001vg2-att/data_j.xls,2026-07-10T23:26:35.886407+00:00
7325.T,7325,アイリックコーポレーション,グロース（内国株式）,7150,保険業,0016,金融（除く銀行）,-,-,20260630,https://www.jpx.co.jp/markets/statistics-equities/misc/tvdivq0000001vg2-att/data_j.xls,2026-07-10T23:26:35.886407+00:00
7326.T,7326,ＳＢＩインシュアランスグループ,グロース（内国株式）,7150,保険業,0016,金融（除く銀行）,-,-,20260630,https://www.jpx.co.jp/markets/statistics-equities/misc/tvdivq0000001vg2-att/data_j.xls,2026-07-10T23:26:35.886407+00:00
7327.T,7327,第四北越フィナンシャルグループ,プライム（内国株式）,7050,銀行業,0015,銀行,0006,TOPIX Small 1,20260630,https://www.jpx.co.jp/markets/statistics-equities/misc/tvdivq0000001vg2-att/data_j.xls,2026-07-10T23:26:35.886407+00:00
7337.T,7337,ひろぎんホールディングス,プライム（内国株式）,7050,銀行業,0015,銀行,0004,TOPIX Mid400,20260630,https://www.jpx.co.jp/markets/statistics-equities/misc/tvdivq0000001vg2-att/data_j.xls,2026-07-10T23:26:35.886407+00:00
7343.T,7343,ブロードマインド,グロース（内国株式）,7150,保険業,0016,金融（除く銀行）,-,-,20260630,https://www.jpx.co.jp/markets/statistics-equities/misc/tvdivq0000001vg2-att/data_j.xls,2026-07-10T23:26:35.886407+00:00
7345.T,7345,アイ・パートナーズフィナンシャル,グロース（内国株式）,7200,その他金融業,0016,金融（除く銀行）,-,-,20260630,https://www.jpx.co.jp/markets/statistics-equities/misc/tvdivq0000001vg2-att/data_j.xls,2026-07-10T23:26:35.886407+00:00
7347.T,7347,マーキュリアホールディングス,プライム（内国株式）,7100,証券、商品先物取引業,0016,金融（除く銀行）,-,-,20260630,https://www.jpx.co.jp/markets/statistics-equities/misc/tvdivq0000001vg2-att/data_j.xls,2026-07-10T23:26:35.886407+00:00
7350.T,7350,おきなわフィナンシャルグループ,プライム（内国株式）,7050,銀行業,0015,銀行,0006,TOPIX Small 1,20260630,https://www.jpx.co.jp/markets/statistics-equities/misc/tvdivq0000001vg2-att/data_j.xls,2026-07-10T23:26:35.886407+00:00
7351.T,7351,グッドパッチ,グロース（内国株式）,9050,サービス業,0010,情報通信・サービスその他,-,-,20260630,https://www.jpx.co.jp/markets/statistics-equities/misc/tvdivq0000001vg2-att/data_j.xls,2026-07-10T23:26:35.886407+00:00
7352.T,7352,ＴＷＯＳＴＯＮＥ＆Ｓｏｎｓ,グロース（内国株式）,9050,サービス業,0010,情報通信・サービスその他,-,-,20260630,https://www.jpx.co.jp/markets/statistics-equities/misc/tvdivq0000001vg2-att/data_j.xls,2026-07-10T23:26:35.886407+00:00
7353.T,7353,ＫＩＹＯラーニング,グロース（内国株式）,9050,サービス業,0010,情報通信・サービスその他,-,-,20260630,https://www.jpx.co.jp/markets/statistics-equities/misc/tvdivq0000001vg2-att/data_j.xls,2026-07-10T23:26:35.886407+00:00
7354.T,7354,ダイレクトマーケティングミックス,スタンダード（内国株式）,9050,サービス業,0010,情報通信・サービスその他,0007,TOPIX Small 2,20260630,https://www.jpx.co.jp/markets/statistics-equities/misc/tvdivq0000001vg2-att/data_j.xls,2026-07-10T23:26:35.886407+00:00
7355.T,7355,一寸房,PRO Market,9050,サービス業,0010,情報通信・サービスその他,-,-,20260630,https://www.jpx.co.jp/markets/statistics-equities/misc/tvdivq0000001vg2-att/data_j.xls,2026-07-10T23:26:35.886407+00:00
7356.T,7356,Ｒｅｔｔｙ,グロース（内国株式）,9050,サービス業,0010,情報通信・サービスその他,-,-,20260630,https://www.jpx.co.jp/markets/statistics-equities/misc/tvdivq0000001vg2-att/data_j.xls,2026-07-10T23:26:35.886407+00:00
7357.T,7357,ジオコード,スタンダード（内国株式）,9050,サービス業,0010,情報通信・サービスその他,-,-,20260630,https://www.jpx.co.jp/markets/statistics-equities/misc/tvdivq0000001vg2-att/data_j.xls,2026-07-10T23:26:35.886407+00:00
7358.T,7358,ポピンズ,スタンダード（内国株式）,9050,サービス業,0010,情報通信・サービスその他,0007,TOPIX Small 2,20260630,https://www.jpx.co.jp/markets/statistics-equities/misc/tvdivq0000001vg2-att/data_j.xls,2026-07-10T23:26:35.886407+00:00
7359.T,7359,東京通信グループ,グロース（内国株式）,9050,サービス業,0010,情報通信・サービスその他,-,-,20260630,https://www.jpx.co.jp/markets/statistics-equities/misc/tvdivq0000001vg2-att/data_j.xls,2026-07-10T23:26:35.886407+00:00
7360.T,7360,オンデック,グロース（内国株式）,9050,サービス業,0010,情報通信・サービスその他,-,-,20260630,https://www.jpx.co.jp/markets/statistics-equities/misc/tvdivq0000001vg2-att/data_j.xls,2026-07-10T23:26:35.886407+00:00
7361.T,7361,ヒューマンクリエイションホールディングス,グロース（内国株式）,9050,サービス業,0010,情報通信・サービスその他,-,-,20260630,https://www.jpx.co.jp/markets/statistics-equities/misc/tvdivq0000001vg2-att/data_j.xls,2026-07-10T23:26:35.886407+00:00
7362.T,7362,Ｔ．Ｓ．Ｉ,グロース（内国株式）,9050,サービス業,0010,情報通信・サービスその他,-,-,20260630,https://www.jpx.co.jp/markets/statistics-equities/misc/tvdivq0000001vg2-att/data_j.xls,2026-07-10T23:26:35.886407+00:00
7363.T,7363,ベビーカレンダー,グロース（内国株式）,9050,サービス業,0010,情報通信・サービスその他,-,-,20260630,https://www.jpx.co.jp/markets/statistics-equities/misc/tvdivq0000001vg2-att/data_j.xls,2026-07-10T23:26:35.886407+00:00
7364.T,7364,琉球アスティーダスポーツクラブ,PRO Market,9050,サービス業,0010,情報通信・サービスその他,-,-,20260630,https://www.jpx.co.jp/markets/statistics-equities/misc/tvdivq0000001vg2-att/data_j.xls,2026-07-10T23:26:35.886407+00:00
7366.T,7366,ＬＩＴＡＬＩＣＯ,プライム（内国株式）,9050,サービス業,0010,情報通信・サービスその他,0007,TOPIX Small 2,20260630,https://www.jpx.co.jp/markets/statistics-equities/misc/tvdivq0000001vg2-att/data_j.xls,2026-07-10T23:26:35.886407+00:00
7367.T,7367,セルム,スタンダード（内国株式）,9050,サービス業,0010,情報通信・サービスその他,-,-,20260630,https://www.jpx.co.jp/markets/statistics-equities/misc/tvdivq0000001vg2-att/data_j.xls,2026-07-10T23:26:35.886407+00:00
7368.T,7368,表示灯,スタンダード（内国株式）,9050,サービス業,0010,情報通信・サービスその他,-,-,20260630,https://www.jpx.co.jp/markets/statistics-equities/misc/tvdivq0000001vg2-att/data_j.xls,2026-07-10T23:26:35.886407+00:00
7369.T,7369,メイホーホールディングス,グロース（内国株式）,9050,サービス業,0010,情報通信・サービスその他,-,-,20260630,https://www.jpx.co.jp/markets/statistics-equities/misc/tvdivq0000001vg2-att/data_j.xls,2026-07-10T23:26:35.886407+00:00
7370.T,7370,Ｅｎｊｉｎ,グロース（内国株式）,9050,サービス業,0010,情報通信・サービスその他,-,-,20260630,https://www.jpx.co.jp/markets/statistics-equities/misc/tvdivq0000001vg2-att/data_j.xls,2026-07-10T23:26:35.886407+00:00
7371.T,7371,Ｚｅｎｋｅｎ,グロース（内国株式）,9050,サービス業,0010,情報通信・サービスその他,-,-,20260630,https://www.jpx.co.jp/markets/statistics-equities/misc/tvdivq0000001vg2-att/data_j.xls,2026-07-10T23:26:35.886407+00:00
7372.T,7372,デコルテ・ホールディングス,グロース（内国株式）,9050,サービス業,0010,情報通信・サービスその他,-,-,20260630,https://www.jpx.co.jp/markets/statistics-equities/misc/tvdivq0000001vg2-att/data_j.xls,2026-07-10T23:26:35.886407+00:00
7373.T,7373,アイドマ・ホールディングス,グロース（内国株式）,9050,サービス業,0010,情報通信・サービスその他,-,-,20260630,https://www.jpx.co.jp/markets/statistics-equities/misc/tvdivq0000001vg2-att/data_j.xls,2026-07-10T23:26:35.886407+00:00
7374.T,7374,コンフィデンス・インターワークス,グロース（内国株式）,9050,サービス業,0010,情報通信・サービスその他,-,-,20260630,https://www.jpx.co.jp/markets/statistics-equities/misc/tvdivq0000001vg2-att/data_j.xls,2026-07-10T23:26:35.886407+00:00
7375.T,7375,リファインバースグループ,グロース（内国株式）,9050,サービス業,0010,情報通信・サービスその他,-,-,20260630,https://www.jpx.co.jp/markets/statistics-equities/misc/tvdivq0000001vg2-att/data_j.xls,2026-07-10T23:26:35.886407+00:00
7376.T,7376,ＢＣＣ,グロース（内国株式）,9050,サービス業,0010,情報通信・サービスその他,-,-,20260630,https://www.jpx.co.jp/markets/statistics-equities/misc/tvdivq0000001vg2-att/data_j.xls,2026-07-10T23:26:35.886407+00:00
7377.T,7377,ＤＮホールディングス,スタンダード（内国株式）,9050,サービス業,0010,情報通信・サービスその他,-,-,20260630,https://www.jpx.co.jp/markets/statistics-equities/misc/tvdivq0000001vg2-att/data_j.xls,2026-07-10T23:26:35.886407+00:00
7378.T,7378,アシロ,グロース（内国株式）,9050,サービス業,0010,情報通信・サービスその他,-,-,20260630,https://www.jpx.co.jp/markets/statistics-equities/misc/tvdivq0000001vg2-att/data_j.xls,2026-07-10T23:26:35.886407+00:00
7380.T,7380,十六フィナンシャルグループ,プライム（内国株式）,7050,銀行業,0015,銀行,0006,TOPIX Small 1,20260630,https://www.jpx.co.jp/markets/statistics-equities/misc/tvdivq0000001vg2-att/data_j.xls,2026-07-10T23:26:35.886407+00:00
7381.T,7381,ＣＣＩグループ,プライム（内国株式）,7050,銀行業,0015,銀行,0006,TOPIX Small 1,20260630,https://www.jpx.co.jp/markets/statistics-equities/misc/tvdivq0000001vg2-att/data_j.xls,2026-07-10T23:26:35.886407+00:00
7383.T,7383,ネットプロテクションズホールディングス,プライム（内国株式）,7200,その他金融業,0016,金融（除く銀行）,0006,TOPIX Small 1,20260630,https://www.jpx.co.jp/markets/statistics-equities/misc/tvdivq0000001vg2-att/data_j.xls,2026-07-10T23:26:35.886407+00:00
7384.T,7384,プロクレアホールディングス,プライム（内国株式）,7050,銀行業,0015,銀行,0007,TOPIX Small 2,20260630,https://www.jpx.co.jp/markets/statistics-equities/misc/tvdivq0000001vg2-att/data_j.xls,2026-07-10T23:26:35.886407+00:00
7388.T,7388,ＦＰパートナー,プライム（内国株式）,7150,保険業,0016,金融（除く銀行）,0007,TOPIX Small 2,20260630,https://www.jpx.co.jp/markets/statistics-equities/misc/tvdivq0000001vg2-att/data_j.xls,2026-07-10T23:26:35.886407+00:00
7389.T,7389,あいちフィナンシャルグループ,プライム（内国株式）,7050,銀行業,0015,銀行,0006,TOPIX Small 1,20260630,https://www.jpx.co.jp/markets/statistics-equities/misc/tvdivq0000001vg2-att/data_j.xls,2026-07-10T23:26:35.886407+00:00
7399.T,7399,ナンシン,スタンダード（内国株式）,3700,輸送用機器,0006,自動車・輸送機,-,-,20260630,https://www.jpx.co.jp/markets/statistics-equities/misc/tvdivq0000001vg2-att/data_j.xls,2026-07-10T23:26:35.886407+00:00
7409.T,7409,ＡｅｒｏＥｄｇｅ,グロース（内国株式）,3700,輸送用機器,0006,自動車・輸送機,-,-,20260630,https://www.jpx.co.jp/markets/statistics-equities/misc/tvdivq0000001vg2-att/data_j.xls,2026-07-10T23:26:35.886407+00:00
7412.T,7412,アトム,スタンダード（内国株式）,6100,小売業,0014,小売,-,-,20260630,https://www.jpx.co.jp/markets/statistics-equities/misc/tvdivq0000001vg2-att/data_j.xls,2026-07-10T23:26:35.886407+00:00
7413.T,7413,創健社,スタンダード（内国株式）,6050,卸売業,0013,商社・卸売,-,-,20260630,https://www.jpx.co.jp/markets/statistics-equities/misc/tvdivq0000001vg2-att/data_j.xls,2026-07-10T23:26:35.886407+00:00
7414.T,7414,小野建,プライム（内国株式）,6050,卸売業,0013,商社・卸売,0007,TOPIX Small 2,20260630,https://www.jpx.co.jp/markets/statistics-equities/misc/tvdivq0000001vg2-att/data_j.xls,2026-07-10T23:26:35.886407+00:00
7416.T,7416,はるやまホールディングス,スタンダード（内国株式）,6100,小売業,0014,小売,-,-,20260630,https://www.jpx.co.jp/markets/statistics-equities/misc/tvdivq0000001vg2-att/data_j.xls,2026-07-10T23:26:35.886407+00:00
7417.T,7417,南陽,スタンダード（内国株式）,6050,卸売業,0013,商社・卸売,-,-,20260630,https://www.jpx.co.jp/markets/statistics-equities/misc/tvdivq0000001vg2-att/data_j.xls,2026-07-10T23:26:35.886407+00:00
7419.T,7419,ノジマ,プライム（内国株式）,6100,小売業,0014,小売,0006,TOPIX Small 1,20260630,https://www.jpx.co.jp/markets/statistics-equities/misc/tvdivq0000001vg2-att/data_j.xls,2026-07-10T23:26:35.886407+00:00
7421.T,7421,カッパ・クリエイト,プライム（内国株式）,6100,小売業,0014,小売,0006,TOPIX Small 1,20260630,https://www.jpx.co.jp/markets/statistics-equities/misc/tvdivq0000001vg2-att/data_j.xls,2026-07-10T23:26:35.886407+00:00
7422.T,7422,東邦レマック,スタンダード（内国株式）,6050,卸売業,0013,商社・卸売,-,-,20260630,https://www.jpx.co.jp/markets/statistics-equities/misc/tvdivq0000001vg2-att/data_j.xls,2026-07-10T23:26:35.886407+00:00
7425.T,7425,初穂商事,スタンダード（内国株式）,6050,卸売業,0013,商社・卸売,-,-,20260630,https://www.jpx.co.jp/markets/statistics-equities/misc/tvdivq0000001vg2-att/data_j.xls,2026-07-10T23:26:35.886407+00:00
7426.T,7426,山大,スタンダード（内国株式）,6050,卸売業,0013,商社・卸売,-,-,20260630,https://www.jpx.co.jp/markets/statistics-equities/misc/tvdivq0000001vg2-att/data_j.xls,2026-07-10T23:26:35.886407+00:00
7427.T,7427,エコートレーディング,スタンダード（内国株式）,6050,卸売業,0013,商社・卸売,-,-,20260630,https://www.jpx.co.jp/markets/statistics-equities/misc/tvdivq0000001vg2-att/data_j.xls,2026-07-10T23:26:35.886407+00:00
7433.T,7433,伯東,プライム（内国株式）,6050,卸売業,0013,商社・卸売,0006,TOPIX Small 1,20260630,https://www.jpx.co.jp/markets/statistics-equities/misc/tvdivq0000001vg2-att/data_j.xls,2026-07-10T23:26:35.886407+00:00
7434.T,7434,オータケ,スタンダード（内国株式）,6050,卸売業,0013,商社・卸売,-,-,20260630,https://www.jpx.co.jp/markets/statistics-equities/misc/tvdivq0000001vg2-att/data_j.xls,2026-07-10T23:26:35.886407+00:00
7435.T,7435,ナ・デックス,スタンダード（内国株式）,6050,卸売業,0013,商社・卸売,-,-,20260630,https://www.jpx.co.jp/markets/statistics-equities/misc/tvdivq0000001vg2-att/data_j.xls,2026-07-10T23:26:35.886407+00:00
7438.T,7438,コンドーテック,プライム（内国株式）,6050,卸売業,0013,商社・卸売,0007,TOPIX Small 2,20260630,https://www.jpx.co.jp/markets/statistics-equities/misc/tvdivq0000001vg2-att/data_j.xls,2026-07-10T23:26:35.886407+00:00
7442.T,7442,中山福,スタンダード（内国株式）,6050,卸売業,0013,商社・卸売,-,-,20260630,https://www.jpx.co.jp/markets/statistics-equities/misc/tvdivq0000001vg2-att/data_j.xls,2026-07-10T23:26:35.886407+00:00
7443.T,7443,横浜魚類,スタンダード（内国株式）,6050,卸売業,0013,商社・卸売,-,-,20260630,https://www.jpx.co.jp/markets/statistics-equities/misc/tvdivq0000001vg2-att/data_j.xls,2026-07-10T23:26:35.886407+00:00
7444.T,7444,ハリマ共和物産,スタンダード（内国株式）,6050,卸売業,0013,商社・卸売,-,-,20260630,https://www.jpx.co.jp/markets/statistics-equities/misc/tvdivq0000001vg2-att/data_j.xls,2026-07-10T23:26:35.886407+00:00
7446.T,7446,東北化学薬品,スタンダード（内国株式）,6050,卸売業,0013,商社・卸売,-,-,20260630,https://www.jpx.co.jp/markets/statistics-equities/misc/tvdivq0000001vg2-att/data_j.xls,2026-07-10T23:26:35.886407+00:00
7447.T,7447,ナガイレーベン,プライム（内国株式）,6050,卸売業,0013,商社・卸売,0007,TOPIX Small 2,20260630,https://www.jpx.co.jp/markets/statistics-equities/misc/tvdivq0000001vg2-att/data_j.xls,2026-07-10T23:26:35.886407+00:00
7453.T,7453,良品計画,プライム（内国株式）,6100,小売業,0014,小売,0004,TOPIX Mid400,20260630,https://www.jpx.co.jp/markets/statistics-equities/misc/tvdivq0000001vg2-att/data_j.xls,2026-07-10T23:26:35.886407+00:00
7456.T,7456,松田産業,プライム（内国株式）,6050,卸売業,0013,商社・卸売,0006,TOPIX Small 1,20260630,https://www.jpx.co.jp/markets/statistics-equities/misc/tvdivq0000001vg2-att/data_j.xls,2026-07-10T23:26:35.886407+00:00
7458.T,7458,第一興商,プライム（内国株式）,6050,卸売業,0013,商社・卸売,0004,TOPIX Mid400,20260630,https://www.jpx.co.jp/markets/statistics-equities/misc/tvdivq0000001vg2-att/data_j.xls,2026-07-10T23:26:35.886407+00:00
7459.T,7459,メディパルホールディングス,プライム（内国株式）,6050,卸売業,0013,商社・卸売,0004,TOPIX Mid400,20260630,https://www.jpx.co.jp/markets/statistics-equities/misc/tvdivq0000001vg2-att/data_j.xls,2026-07-10T23:26:35.886407+00:00
7460.T,7460,ヤギ,スタンダード（内国株式）,6050,卸売業,0013,商社・卸売,-,-,20260630,https://www.jpx.co.jp/markets/statistics-equities/misc/tvdivq0000001vg2-att/data_j.xls,2026-07-10T23:26:35.886407+00:00
7461.T,7461,キムラ,スタンダード（内国株式）,6050,卸売業,0013,商社・卸売,-,-,20260630,https://www.jpx.co.jp/markets/statistics-equities/misc/tvdivq0000001vg2-att/data_j.xls,2026-07-10T23:26:35.886407+00:00
7462.T,7462,ＣＡＰＩＴＡ,スタンダード（内国株式）,6100,小売業,0014,小売,-,-,20260630,https://www.jpx.co.jp/markets/statistics-equities/misc/tvdivq0000001vg2-att/data_j.xls,2026-07-10T23:26:35.886407+00:00
7463.T,7463,アドヴァングループ,スタンダード（内国株式）,6100,小売業,0014,小売,0007,TOPIX Small 2,20260630,https://www.jpx.co.jp/markets/statistics-equities/misc/tvdivq0000001vg2-att/data_j.xls,2026-07-10T23:26:35.886407+00:00
7464.T,7464,セフテック,スタンダード（内国株式）,6050,卸売業,0013,商社・卸売,-,-,20260630,https://www.jpx.co.jp/markets/statistics-equities/misc/tvdivq0000001vg2-att/data_j.xls,2026-07-10T23:26:35.886407+00:00
7466.T,7466,ＳＰＫ,プライム（内国株式）,6050,卸売業,0013,商社・卸売,0007,TOPIX Small 2,20260630,https://www.jpx.co.jp/markets/statistics-equities/misc/tvdivq0000001vg2-att/data_j.xls,2026-07-10T23:26:35.886407+00:00
7472.T,7472,鳥羽洋行,スタンダード（内国株式）,6050,卸売業,0013,商社・卸売,-,-,20260630,https://www.jpx.co.jp/markets/statistics-equities/misc/tvdivq0000001vg2-att/data_j.xls,2026-07-10T23:26:35.886407+00:00
7475.T,7475,アルビス,プライム（内国株式）,6100,小売業,0014,小売,0007,TOPIX Small 2,20260630,https://www.jpx.co.jp/markets/statistics-equities/misc/tvdivq0000001vg2-att/data_j.xls,2026-07-10T23:26:35.886407+00:00
7476.T,7476,アズワン,プライム（内国株式）,6050,卸売業,0013,商社・卸売,0004,TOPIX Mid400,20260630,https://www.jpx.co.jp/markets/statistics-equities/misc/tvdivq0000001vg2-att/data_j.xls,2026-07-10T23:26:35.886407+00:00
7477.T,7477,ムラキ,スタンダード（内国株式）,6050,卸売業,0013,商社・卸売,-,-,20260630,https://www.jpx.co.jp/markets/statistics-equities/misc/tvdivq0000001vg2-att/data_j.xls,2026-07-10T23:26:35.886407+00:00
7480.T,7480,スズデン,スタンダード（内国株式）,6050,卸売業,0013,商社・卸売,0007,TOPIX Small 2,20260630,https://www.jpx.co.jp/markets/statistics-equities/misc/tvdivq0000001vg2-att/data_j.xls,2026-07-10T23:26:35.886407+00:00
7481.T,7481,尾家産業,スタンダード（内国株式）,6050,卸売業,0013,商社・卸売,-,-,20260630,https://www.jpx.co.jp/markets/statistics-equities/misc/tvdivq0000001vg2-att/data_j.xls,2026-07-10T23:26:35.886407+00:00
7482.T,7482,シモジマ,プライム（内国株式）,6050,卸売業,0013,商社・卸売,0007,TOPIX Small 2,20260630,https://www.jpx.co.jp/markets/statistics-equities/misc/tvdivq0000001vg2-att/data_j.xls,2026-07-10T23:26:35.886407+00:00
7483.T,7483,ドウシシャ,プライム（内国株式）,6050,卸売業,0013,商社・卸売,0007,TOPIX Small 2,20260630,https://www.jpx.co.jp/markets/statistics-equities/misc/tvdivq0000001vg2-att/data_j.xls,2026-07-10T23:26:35.886407+00:00
7486.T,7486,サンリン,スタンダード（内国株式）,6050,卸売業,0013,商社・卸売,-,-,20260630,https://www.jpx.co.jp/markets/statistics-equities/misc/tvdivq0000001vg2-att/data_j.xls,2026-07-10T23:26:35.886407+00:00
7487.T,7487,小津産業,スタンダード（内国株式）,6050,卸売業,0013,商社・卸売,-,-,20260630,https://www.jpx.co.jp/markets/statistics-equities/misc/tvdivq0000001vg2-att/data_j.xls,2026-07-10T23:26:35.886407+00:00
7490.T,7490,日新商事,スタンダード（内国株式）,6050,卸売業,0013,商社・卸売,-,-,20260630,https://www.jpx.co.jp/markets/statistics-equities/misc/tvdivq0000001vg2-att/data_j.xls,2026-07-10T23:26:35.886407+00:00
7494.T,7494,コナカ,スタンダード（内国株式）,6100,小売業,0014,小売,-,-,20260630,https://www.jpx.co.jp/markets/statistics-equities/misc/tvdivq0000001vg2-att/data_j.xls,2026-07-10T23:26:35.886407+00:00
7500.T,7500,西川計測,スタンダード（内国株式）,6050,卸売業,0013,商社・卸売,-,-,20260630,https://www.jpx.co.jp/markets/statistics-equities/misc/tvdivq0000001vg2-att/data_j.xls,2026-07-10T23:26:35.886407+00:00
7501.T,7501,ティムコ,スタンダード（内国株式）,6050,卸売業,0013,商社・卸売,-,-,20260630,https://www.jpx.co.jp/markets/statistics-equities/misc/tvdivq0000001vg2-att/data_j.xls,2026-07-10T23:26:35.886407+00:00
7502.T,7502,プラザホールディングス,スタンダード（内国株式）,9050,サービス業,0010,情報通信・サービスその他,-,-,20260630,https://www.jpx.co.jp/markets/statistics-equities/misc/tvdivq0000001vg2-att/data_j.xls,2026-07-10T23:26:35.886407+00:00
7504.T,7504,高速,プライム（内国株式）,6050,卸売業,0013,商社・卸売,0007,TOPIX Small 2,20260630,https://www.jpx.co.jp/markets/statistics-equities/misc/tvdivq0000001vg2-att/data_j.xls,2026-07-10T23:26:35.886407+00:00
7505.T,7505,扶桑電通,スタンダード（内国株式）,6050,卸売業,0013,商社・卸売,-,-,20260630,https://www.jpx.co.jp/markets/statistics-equities/misc/tvdivq0000001vg2-att/data_j.xls,2026-07-10T23:26:35.886407+00:00
7506.T,7506,ハウス　オブ　ローゼ,スタンダード（内国株式）,6100,小売業,0014,小売,-,-,20260630,https://www.jpx.co.jp/markets/statistics-equities/misc/tvdivq0000001vg2-att/data_j.xls,2026-07-10T23:26:35.886407+00:00
7508.T,7508,Ｇ‐７ホールディングス,プライム（内国株式）,6100,小売業,0014,小売,0007,TOPIX Small 2,20260630,https://www.jpx.co.jp/markets/statistics-equities/misc/tvdivq0000001vg2-att/data_j.xls,2026-07-10T23:26:35.886407+00:00
7509.T,7509,アイエーグループ,スタンダード（内国株式）,6100,小売業,0014,小売,-,-,20260630,https://www.jpx.co.jp/markets/statistics-equities/misc/tvdivq0000001vg2-att/data_j.xls,2026-07-10T23:26:35.886407+00:00
7510.T,7510,たけびし,プライム（内国株式）,6050,卸売業,0013,商社・卸売,0007,TOPIX Small 2,20260630,https://www.jpx.co.jp/markets/statistics-equities/misc/tvdivq0000001vg2-att/data_j.xls,2026-07-10T23:26:35.886407+00:00
7512.T,7512,イオン北海道,スタンダード（内国株式）,6100,小売業,0014,小売,0006,TOPIX Small 1,20260630,https://www.jpx.co.jp/markets/statistics-equities/misc/tvdivq0000001vg2-att/data_j.xls,2026-07-10T23:26:35.886407+00:00
7513.T,7513,コジマ,プライム（内国株式）,6100,小売業,0014,小売,0006,TOPIX Small 1,20260630,https://www.jpx.co.jp/markets/statistics-equities/misc/tvdivq0000001vg2-att/data_j.xls,2026-07-10T23:26:35.886407+00:00
7514.T,7514,ヒマラヤ,スタンダード（内国株式）,6100,小売業,0014,小売,-,-,20260630,https://www.jpx.co.jp/markets/statistics-equities/misc/tvdivq0000001vg2-att/data_j.xls,2026-07-10T23:26:35.886407+00:00
7515.T,7515,マルヨシセンター,スタンダード（内国株式）,6100,小売業,0014,小売,-,-,20260630,https://www.jpx.co.jp/markets/statistics-equities/misc/tvdivq0000001vg2-att/data_j.xls,2026-07-10T23:26:35.886407+00:00
7516.T,7516,コーナン商事,プライム（内国株式）,6100,小売業,0014,小売,0006,TOPIX Small 1,20260630,https://www.jpx.co.jp/markets/statistics-equities/misc/tvdivq0000001vg2-att/data_j.xls,2026-07-10T23:26:35.886407+00:00
7520.T,7520,エコス,プライム（内国株式）,6100,小売業,0014,小売,0007,TOPIX Small 2,20260630,https://www.jpx.co.jp/markets/statistics-equities/misc/tvdivq0000001vg2-att/data_j.xls,2026-07-10T23:26:35.886407+00:00
7521.T,7521,ムサシ,スタンダード（内国株式）,6050,卸売業,0013,商社・卸売,-,-,20260630,https://www.jpx.co.jp/markets/statistics-equities/misc/tvdivq0000001vg2-att/data_j.xls,2026-07-10T23:26:35.886407+00:00
7522.T,7522,ワタミ,プライム（内国株式）,6100,小売業,0014,小売,0007,TOPIX Small 2,20260630,https://www.jpx.co.jp/markets/statistics-equities/misc/tvdivq0000001vg2-att/data_j.xls,2026-07-10T23:26:35.886407+00:00
7523.T,7523,アールビバン,スタンダード（内国株式）,6100,小売業,0014,小売,-,-,20260630,https://www.jpx.co.jp/markets/statistics-equities/misc/tvdivq0000001vg2-att/data_j.xls,2026-07-10T23:26:35.886407+00:00
7524.T,7524,マルシェ,スタンダード（内国株式）,6100,小売業,0014,小売,-,-,20260630,https://www.jpx.co.jp/markets/statistics-equities/misc/tvdivq0000001vg2-att/data_j.xls,2026-07-10T23:26:35.886407+00:00
7525.T,7525,リックス,プライム（内国株式）,6050,卸売業,0013,商社・卸売,0007,TOPIX Small 2,20260630,https://www.jpx.co.jp/markets/statistics-equities/misc/tvdivq0000001vg2-att/data_j.xls,2026-07-10T23:26:35.886407+00:00
7527.T,7527,システムソフト,スタンダード（内国株式）,5250,情報・通信業,0010,情報通信・サービスその他,0007,TOPIX Small 2,20260630,https://www.jpx.co.jp/markets/statistics-equities/misc/tvdivq0000001vg2-att/data_j.xls,2026-07-10T23:26:35.886407+00:00
7531.T,7531,清和中央ホールディングス,スタンダード（内国株式）,6050,卸売業,0013,商社・卸売,-,-,20260630,https://www.jpx.co.jp/markets/statistics-equities/misc/tvdivq0000001vg2-att/data_j.xls,2026-07-10T23:26:35.886407+00:00
7532.T,7532,パン・パシフィック・インターナショナルホールディングス,プライム（内国株式）,6100,小売業,0014,小売,0004,TOPIX Mid400,20260630,https://www.jpx.co.jp/markets/statistics-equities/misc/tvdivq0000001vg2-att/data_j.xls,2026-07-10T23:26:35.886407+00:00
7537.T,7537,丸文,プライム（内国株式）,6050,卸売業,0013,商社・卸売,0007,TOPIX Small 2,20260630,https://www.jpx.co.jp/markets/statistics-equities/misc/tvdivq0000001vg2-att/data_j.xls,2026-07-10T23:26:35.886407+00:00
7538.T,7538,大水,スタンダード（内国株式）,6050,卸売業,0013,商社・卸売,-,-,20260630,https://www.jpx.co.jp/markets/statistics-equities/misc/tvdivq0000001vg2-att/data_j.xls,2026-07-10T23:26:35.886407+00:00
7539.T,7539,アイナボホールディングス,スタンダード（内国株式）,6050,卸売業,0013,商社・卸売,-,-,20260630,https://www.jpx.co.jp/markets/statistics-equities/misc/tvdivq0000001vg2-att/data_j.xls,2026-07-10T23:26:35.886407+00:00
7544.T,7544,スリーエフ,スタンダード（内国株式）,6100,小売業,0014,小売,-,-,20260630,https://www.jpx.co.jp/markets/statistics-equities/misc/tvdivq0000001vg2-att/data_j.xls,2026-07-10T23:26:35.886407+00:00
7545.T,7545,西松屋チェーン,プライム（内国株式）,6100,小売業,0014,小売,0006,TOPIX Small 1,20260630,https://www.jpx.co.jp/markets/statistics-equities/misc/tvdivq0000001vg2-att/data_j.xls,2026-07-10T23:26:35.886407+00:00
7550.T,7550,ゼンショーホールディングス,プライム（内国株式）,6100,小売業,0014,小売,0004,TOPIX Mid400,20260630,https://www.jpx.co.jp/markets/statistics-equities/misc/tvdivq0000001vg2-att/data_j.xls,2026-07-10T23:26:35.886407+00:00
7551.T,7551,ウェッズ,スタンダード（内国株式）,3700,輸送用機器,0006,自動車・輸送機,-,-,20260630,https://www.jpx.co.jp/markets/statistics-equities/misc/tvdivq0000001vg2-att/data_j.xls,2026-07-10T23:26:35.886407+00:00
7552.T,7552,ハピネット,プライム（内国株式）,6050,卸売業,0013,商社・卸売,0006,TOPIX Small 1,20260630,https://www.jpx.co.jp/markets/statistics-equities/misc/tvdivq0000001vg2-att/data_j.xls,2026-07-10T23:26:35.886407+00:00
7554.T,7554,幸楽苑,プライム（内国株式）,6100,小売業,0014,小売,0007,TOPIX Small 2,20260630,https://www.jpx.co.jp/markets/statistics-equities/misc/tvdivq0000001vg2-att/data_j.xls,2026-07-10T23:26:35.886407+00:00
7555.T,7555,大田花き,スタンダード（内国株式）,6050,卸売業,0013,商社・卸売,-,-,20260630,https://www.jpx.co.jp/markets/statistics-equities/misc/tvdivq0000001vg2-att/data_j.xls,2026-07-10T23:26:35.886407+00:00
7561.T,7561,ハークスレイ,スタンダード（内国株式）,6100,小売業,0014,小売,-,-,20260630,https://www.jpx.co.jp/markets/statistics-equities/misc/tvdivq0000001vg2-att/data_j.xls,2026-07-10T23:26:35.886407+00:00
7562.T,7562,安楽亭,スタンダード（内国株式）,6100,小売業,0014,小売,-,-,20260630,https://www.jpx.co.jp/markets/statistics-equities/misc/tvdivq0000001vg2-att/data_j.xls,2026-07-10T23:26:35.886407+00:00
7564.T,7564,ワークマン,スタンダード（内国株式）,6100,小売業,0014,小売,-,-,20260630,https://www.jpx.co.jp/markets/statistics-equities/misc/tvdivq0000001vg2-att/data_j.xls,2026-07-10T23:26:35.886407+00:00
7565.T,7565,萬世電機,スタンダード（内国株式）,6050,卸売業,0013,商社・卸売,-,-,20260630,https://www.jpx.co.jp/markets/statistics-equities/misc/tvdivq0000001vg2-att/data_j.xls,2026-07-10T23:26:35.886407+00:00
7567.T,7567,栄電子,スタンダード（内国株式）,6050,卸売業,0013,商社・卸売,-,-,20260630,https://www.jpx.co.jp/markets/statistics-equities/misc/tvdivq0000001vg2-att/data_j.xls,2026-07-10T23:26:35.886407+00:00
7570.T,7570,橋本総業ホールディングス,スタンダード（内国株式）,6050,卸売業,0013,商社・卸売,0007,TOPIX Small 2,20260630,https://www.jpx.co.jp/markets/statistics-equities/misc/tvdivq0000001vg2-att/data_j.xls,2026-07-10T23:26:35.886407+00:00
7571.T,7571,ヤマノホールディングス,スタンダード（内国株式）,6100,小売業,0014,小売,-,-,20260630,https://www.jpx.co.jp/markets/statistics-equities/misc/tvdivq0000001vg2-att/data_j.xls,2026-07-10T23:26:35.886407+00:00
7575.T,7575,日本ライフライン,プライム（内国株式）,6050,卸売業,0013,商社・卸売,0006,TOPIX Small 1,20260630,https://www.jpx.co.jp/markets/statistics-equities/misc/tvdivq0000001vg2-att/data_j.xls,2026-07-10T23:26:35.886407+00:00
7578.T,7578,ニチリョク,スタンダード（内国株式）,6100,小売業,0014,小売,-,-,20260630,https://www.jpx.co.jp/markets/statistics-equities/misc/tvdivq0000001vg2-att/data_j.xls,2026-07-10T23:26:35.886407+00:00
7581.T,7581,サイゼリヤ,プライム（内国株式）,6100,小売業,0014,小売,0006,TOPIX Small 1,20260630,https://www.jpx.co.jp/markets/statistics-equities/misc/tvdivq0000001vg2-att/data_j.xls,2026-07-10T23:26:35.886407+00:00
7585.T,7585,かんなん丸,スタンダード（内国株式）,6100,小売業,0014,小売,-,-,20260630,https://www.jpx.co.jp/markets/statistics-equities/misc/tvdivq0000001vg2-att/data_j.xls,2026-07-10T23:26:35.886407+00:00
7590.T,7590,タカショー,スタンダード（内国株式）,6050,卸売業,0013,商社・卸売,0007,TOPIX Small 2,20260630,https://www.jpx.co.jp/markets/statistics-equities/misc/tvdivq0000001vg2-att/data_j.xls,2026-07-10T23:26:35.886407+00:00
7593.T,7593,ＶＴホールディングス,プライム（内国株式）,6100,小売業,0014,小売,0006,TOPIX Small 1,20260630,https://www.jpx.co.jp/markets/statistics-equities/misc/tvdivq0000001vg2-att/data_j.xls,2026-07-10T23:26:35.886407+00:00
7595.T,7595,アルゴグラフィックス,プライム（内国株式）,5250,情報・通信業,0010,情報通信・サービスその他,0006,TOPIX Small 1,20260630,https://www.jpx.co.jp/markets/statistics-equities/misc/tvdivq0000001vg2-att/data_j.xls,2026-07-10T23:26:35.886407+00:00
7596.T,7596,魚力,プライム（内国株式）,6100,小売業,0014,小売,0007,TOPIX Small 2,20260630,https://www.jpx.co.jp/markets/statistics-equities/misc/tvdivq0000001vg2-att/data_j.xls,2026-07-10T23:26:35.886407+00:00
7599.T,7599,ＩＤＯＭ,プライム（内国株式）,6050,卸売業,0013,商社・卸売,0006,TOPIX Small 1,20260630,https://www.jpx.co.jp/markets/statistics-equities/misc/tvdivq0000001vg2-att/data_j.xls,2026-07-10T23:26:35.886407+00:00
7600.T,7600,日本エム・ディ・エム,プライム（内国株式）,3750,精密機器,0009,電機・精密,0007,TOPIX Small 2,20260630,https://www.jpx.co.jp/markets/statistics-equities/misc/tvdivq0000001vg2-att/data_j.xls,2026-07-10T23:26:35.886407+00:00
7601.T,7601,ポプラ,スタンダード（内国株式）,6100,小売業,0014,小売,-,-,20260630,https://www.jpx.co.jp/markets/statistics-equities/misc/tvdivq0000001vg2-att/data_j.xls,2026-07-10T23:26:35.886407+00:00
7602.T,7602,レダックス,スタンダード（内国株式）,6050,卸売業,0013,商社・卸売,-,-,20260630,https://www.jpx.co.jp/markets/statistics-equities/misc/tvdivq0000001vg2-att/data_j.xls,2026-07-10T23:26:35.886407+00:00
7603.T,7603,ジーイエット,スタンダード（内国株式）,6100,小売業,0014,小売,-,-,20260630,https://www.jpx.co.jp/markets/statistics-equities/misc/tvdivq0000001vg2-att/data_j.xls,2026-07-10T23:26:35.886407+00:00
7604.T,7604,梅の花グループ,スタンダード（内国株式）,6100,小売業,0014,小売,-,-,20260630,https://www.jpx.co.jp/markets/statistics-equities/misc/tvdivq0000001vg2-att/data_j.xls,2026-07-10T23:26:35.886407+00:00
7606.T,7606,ユナイテッドアローズ,プライム（内国株式）,6100,小売業,0014,小売,0006,TOPIX Small 1,20260630,https://www.jpx.co.jp/markets/statistics-equities/misc/tvdivq0000001vg2-att/data_j.xls,2026-07-10T23:26:35.886407+00:00
7607.T,7607,進和,プライム（内国株式）,6050,卸売業,0013,商社・卸売,0007,TOPIX Small 2,20260630,https://www.jpx.co.jp/markets/statistics-equities/misc/tvdivq0000001vg2-att/data_j.xls,2026-07-10T23:26:35.886407+00:00
7608.T,7608,エスケイジャパン,スタンダード（内国株式）,6050,卸売業,0013,商社・卸売,-,-,20260630,https://www.jpx.co.jp/markets/statistics-equities/misc/tvdivq0000001vg2-att/data_j.xls,2026-07-10T23:26:35.886407+00:00
7609.T,7609,ダイトロン,プライム（内国株式）,6050,卸売業,0013,商社・卸売,0007,TOPIX Small 2,20260630,https://www.jpx.co.jp/markets/statistics-equities/misc/tvdivq0000001vg2-att/data_j.xls,2026-07-10T23:26:35.886407+00:00
7610.T,7610,テイツー,スタンダード（内国株式）,6100,小売業,0014,小売,-,-,20260630,https://www.jpx.co.jp/markets/statistics-equities/misc/tvdivq0000001vg2-att/data_j.xls,2026-07-10T23:26:35.886407+00:00
7611.T,7611,ハイデイ日高,プライム（内国株式）,6100,小売業,0014,小売,0006,TOPIX Small 1,20260630,https://www.jpx.co.jp/markets/statistics-equities/misc/tvdivq0000001vg2-att/data_j.xls,2026-07-10T23:26:35.886407+00:00
7613.T,7613,シークス,プライム（内国株式）,6050,卸売業,0013,商社・卸売,0006,TOPIX Small 1,20260630,https://www.jpx.co.jp/markets/statistics-equities/misc/tvdivq0000001vg2-att/data_j.xls,2026-07-10T23:26:35.886407+00:00
7614.T,7614,オーエムツーネットワーク,スタンダード（内国株式）,6100,小売業,0014,小売,-,-,20260630,https://www.jpx.co.jp/markets/statistics-equities/misc/tvdivq0000001vg2-att/data_j.xls,2026-07-10T23:26:35.886407+00:00
7615.T,7615,京都きもの友禅ホールディングス,スタンダード（内国株式）,6100,小売業,0014,小売,-,-,20260630,https://www.jpx.co.jp/markets/statistics-equities/misc/tvdivq0000001vg2-att/data_j.xls,2026-07-10T23:26:35.886407+00:00
7616.T,7616,コロワイド,プライム（内国株式）,6100,小売業,0014,小売,0004,TOPIX Mid400,20260630,https://www.jpx.co.jp/markets/statistics-equities/misc/tvdivq0000001vg2-att/data_j.xls,2026-07-10T23:26:35.886407+00:00
7619.T,7619,田中商事,スタンダード（内国株式）,6050,卸売業,0013,商社・卸売,-,-,20260630,https://www.jpx.co.jp/markets/statistics-equities/misc/tvdivq0000001vg2-att/data_j.xls,2026-07-10T23:26:35.886407+00:00
7621.T,7621,うかい,スタンダード（内国株式）,6100,小売業,0014,小売,-,-,20260630,https://www.jpx.co.jp/markets/statistics-equities/misc/tvdivq0000001vg2-att/data_j.xls,2026-07-10T23:26:35.886407+00:00
7624.T,7624,ＮａＩＴＯ,スタンダード（内国株式）,6050,卸売業,0013,商社・卸売,-,-,20260630,https://www.jpx.co.jp/markets/statistics-equities/misc/tvdivq0000001vg2-att/data_j.xls,2026-07-10T23:26:35.886407+00:00
7625.T,7625,グローバルダイニング,スタンダード（内国株式）,6100,小売業,0014,小売,-,-,20260630,https://www.jpx.co.jp/markets/statistics-equities/misc/tvdivq0000001vg2-att/data_j.xls,2026-07-10T23:26:35.886407+00:00
7628.T,7628,オーハシテクニカ,プライム（内国株式）,6050,卸売業,0013,商社・卸売,0007,TOPIX Small 2,20260630,https://www.jpx.co.jp/markets/statistics-equities/misc/tvdivq0000001vg2-att/data_j.xls,2026-07-10T23:26:35.886407+00:00
7630.T,7630,壱番屋,プライム（内国株式）,6100,小売業,0014,小売,0006,TOPIX Small 1,20260630,https://www.jpx.co.jp/markets/statistics-equities/misc/tvdivq0000001vg2-att/data_j.xls,2026-07-10T23:26:35.886407+00:00
7634.T,7634,星医療酸器,スタンダード（内国株式）,6050,卸売業,0013,商社・卸売,-,-,20260630,https://www.jpx.co.jp/markets/statistics-equities/misc/tvdivq0000001vg2-att/data_j.xls,2026-07-10T23:26:35.886407+00:00
7636.T,7636,ハンズマン,スタンダード（内国株式）,6100,小売業,0014,小売,-,-,20260630,https://www.jpx.co.jp/markets/statistics-equities/misc/tvdivq0000001vg2-att/data_j.xls,2026-07-10T23:26:35.886407+00:00
7637.T,7637,白銅,プライム（内国株式）,6050,卸売業,0013,商社・卸売,0007,TOPIX Small 2,20260630,https://www.jpx.co.jp/markets/statistics-equities/misc/tvdivq0000001vg2-att/data_j.xls,2026-07-10T23:26:35.886407+00:00
7638.T,7638,ＮＥＷ　ＡＲＴ　ＨＯＬＤＩＮＧＳ,スタンダード（内国株式）,6100,小売業,0014,小売,-,-,20260630,https://www.jpx.co.jp/markets/statistics-equities/misc/tvdivq0000001vg2-att/data_j.xls,2026-07-10T23:26:35.886407+00:00
7640.T,7640,トップカルチャー,スタンダード（内国株式）,6100,小売業,0014,小売,-,-,20260630,https://www.jpx.co.jp/markets/statistics-equities/misc/tvdivq0000001vg2-att/data_j.xls,2026-07-10T23:26:35.886407+00:00
7643.T,7643,ダイイチ,スタンダード（内国株式）,6100,小売業,0014,小売,-,-,20260630,https://www.jpx.co.jp/markets/statistics-equities/misc/tvdivq0000001vg2-att/data_j.xls,2026-07-10T23:26:35.886407+00:00
7646.T,7646,ＰＬＡＮＴ,スタンダード（内国株式）,6100,小売業,0014,小売,-,-,20260630,https://www.jpx.co.jp/markets/statistics-equities/misc/tvdivq0000001vg2-att/data_j.xls,2026-07-10T23:26:35.886407+00:00
7649.T,7649,スギホールディングス,プライム（内国株式）,6100,小売業,0014,小売,0004,TOPIX Mid400,20260630,https://www.jpx.co.jp/markets/statistics-equities/misc/tvdivq0000001vg2-att/data_j.xls,2026-07-10T23:26:35.886407+00:00
7670.T,7670,オーウエル,スタンダード（内国株式）,6050,卸売業,0013,商社・卸売,-,-,20260630,https://www.jpx.co.jp/markets/statistics-equities/misc/tvdivq0000001vg2-att/data_j.xls,2026-07-10T23:26:35.886407+00:00
7673.T,7673,ダイコー通産,スタンダード（内国株式）,6050,卸売業,0013,商社・卸売,-,-,20260630,https://www.jpx.co.jp/markets/statistics-equities/misc/tvdivq0000001vg2-att/data_j.xls,2026-07-10T23:26:35.886407+00:00
7674.T,7674,ＮＡＴＴＹ　ＳＷＡＮＫＹホールディングス,グロース（内国株式）,6100,小売業,0014,小売,-,-,20260630,https://www.jpx.co.jp/markets/statistics-equities/misc/tvdivq0000001vg2-att/data_j.xls,2026-07-10T23:26:35.886407+00:00
7677.T,7677,ヤシマキザイ,スタンダード（内国株式）,6050,卸売業,0013,商社・卸売,-,-,20260630,https://www.jpx.co.jp/markets/statistics-equities/misc/tvdivq0000001vg2-att/data_j.xls,2026-07-10T23:26:35.886407+00:00
7678.T,7678,あさくま,スタンダード（内国株式）,6100,小売業,0014,小売,-,-,20260630,https://www.jpx.co.jp/markets/statistics-equities/misc/tvdivq0000001vg2-att/data_j.xls,2026-07-10T23:26:35.886407+00:00
7679.T,7679,薬王堂ホールディングス,プライム（内国株式）,6100,小売業,0014,小売,0007,TOPIX Small 2,20260630,https://www.jpx.co.jp/markets/statistics-equities/misc/tvdivq0000001vg2-att/data_j.xls,2026-07-10T23:26:35.886407+00:00
7680.T,7680,軽自動車館,PRO Market,6100,小売業,0014,小売,-,-,20260630,https://www.jpx.co.jp/markets/statistics-equities/misc/tvdivq0000001vg2-att/data_j.xls,2026-07-10T23:26:35.886407+00:00
7681.T,7681,レオクラン,スタンダード（内国株式）,6050,卸売業,0013,商社・卸売,-,-,20260630,https://www.jpx.co.jp/markets/statistics-equities/misc/tvdivq0000001vg2-att/data_j.xls,2026-07-10T23:26:35.886407+00:00
7682.T,7682,浜木綿,スタンダード（内国株式）,6100,小売業,0014,小売,-,-,20260630,https://www.jpx.co.jp/markets/statistics-equities/misc/tvdivq0000001vg2-att/data_j.xls,2026-07-10T23:26:35.886407+00:00
7683.T,7683,ダブルエー,プライム（内国株式）,6100,小売業,0014,小売,0007,TOPIX Small 2,20260630,https://www.jpx.co.jp/markets/statistics-equities/misc/tvdivq0000001vg2-att/data_j.xls,2026-07-10T23:26:35.886407+00:00
7685.T,7685,ＢｕｙＳｅｌｌ　Ｔｅｃｈｎｏｌｏｇｉｅｓ,グロース（内国株式）,6050,卸売業,0013,商社・卸売,-,-,20260630,https://www.jpx.co.jp/markets/statistics-equities/misc/tvdivq0000001vg2-att/data_j.xls,2026-07-10T23:26:35.886407+00:00
7686.T,7686,ひとまいる,スタンダード（内国株式）,6100,小売業,0014,小売,-,-,20260630,https://www.jpx.co.jp/markets/statistics-equities/misc/tvdivq0000001vg2-att/data_j.xls,2026-07-10T23:26:35.886407+00:00
7687.T,7687,ミクリード,グロース（内国株式）,6050,卸売業,0013,商社・卸売,-,-,20260630,https://www.jpx.co.jp/markets/statistics-equities/misc/tvdivq0000001vg2-att/data_j.xls,2026-07-10T23:26:35.886407+00:00
7689.T,7689,コパ・コーポレーション,グロース（内国株式）,6050,卸売業,0013,商社・卸売,-,-,20260630,https://www.jpx.co.jp/markets/statistics-equities/misc/tvdivq0000001vg2-att/data_j.xls,2026-07-10T23:26:35.886407+00:00
7690.T,7690,カレント自動車,PRO Market,6050,卸売業,0013,商社・卸売,-,-,20260630,https://www.jpx.co.jp/markets/statistics-equities/misc/tvdivq0000001vg2-att/data_j.xls,2026-07-10T23:26:35.886407+00:00
7691.T,7691,Ｃ　Ｃｈａｎｎｅｌ,PRO Market,6100,小売業,0014,小売,-,-,20260630,https://www.jpx.co.jp/markets/statistics-equities/misc/tvdivq0000001vg2-att/data_j.xls,2026-07-10T23:26:35.886407+00:00
7692.T,7692,アースインフィニティ,スタンダード（内国株式）,4050,電気・ガス業,0011,電力・ガス,-,-,20260630,https://www.jpx.co.jp/markets/statistics-equities/misc/tvdivq0000001vg2-att/data_j.xls,2026-07-10T23:26:35.886407+00:00
7693.T,7693,北海道歯科産業,PRO Market,6050,卸売業,0013,商社・卸売,-,-,20260630,https://www.jpx.co.jp/markets/statistics-equities/misc/tvdivq0000001vg2-att/data_j.xls,2026-07-10T23:26:35.886407+00:00
7694.T,7694,いつも,グロース（内国株式）,6100,小売業,0014,小売,-,-,20260630,https://www.jpx.co.jp/markets/statistics-equities/misc/tvdivq0000001vg2-att/data_j.xls,2026-07-10T23:26:35.886407+00:00
7695.T,7695,交換できるくん,グロース（内国株式）,6100,小売業,0014,小売,-,-,20260630,https://www.jpx.co.jp/markets/statistics-equities/misc/tvdivq0000001vg2-att/data_j.xls,2026-07-10T23:26:35.886407+00:00
7698.T,7698,アイスコ,スタンダード（内国株式）,6050,卸売業,0013,商社・卸売,-,-,20260630,https://www.jpx.co.jp/markets/statistics-equities/misc/tvdivq0000001vg2-att/data_j.xls,2026-07-10T23:26:35.886407+00:00
7699.T,7699,オムニ・プラス・システム・リミテッド　ＪＤＲ,グロース（外国株式）,6050,卸売業,0013,商社・卸売,-,-,20260630,https://www.jpx.co.jp/markets/statistics-equities/misc/tvdivq0000001vg2-att/data_j.xls,2026-07-10T23:26:35.886407+00:00
7701.T,7701,島津製作所,プライム（内国株式）,3750,精密機器,0009,電機・精密,0004,TOPIX Mid400,20260630,https://www.jpx.co.jp/markets/statistics-equities/misc/tvdivq0000001vg2-att/data_j.xls,2026-07-10T23:26:35.886407+00:00
7702.T,7702,ＪＭＳ,スタンダード（内国株式）,3750,精密機器,0009,電機・精密,0007,TOPIX Small 2,20260630,https://www.jpx.co.jp/markets/statistics-equities/misc/tvdivq0000001vg2-att/data_j.xls,2026-07-10T23:26:35.886407+00:00
7707.T,7707,プレシジョン・システム・サイエンス,グロース（内国株式）,3750,精密機器,0009,電機・精密,-,-,20260630,https://www.jpx.co.jp/markets/statistics-equities/misc/tvdivq0000001vg2-att/data_j.xls,2026-07-10T23:26:35.886407+00:00
7709.T,7709,クボテック,スタンダード（内国株式）,3750,精密機器,0009,電機・精密,-,-,20260630,https://www.jpx.co.jp/markets/statistics-equities/misc/tvdivq0000001vg2-att/data_j.xls,2026-07-10T23:26:35.886407+00:00
7711.T,7711,助川電気工業,スタンダード（内国株式）,3750,精密機器,0009,電機・精密,-,-,20260630,https://www.jpx.co.jp/markets/statistics-equities/misc/tvdivq0000001vg2-att/data_j.xls,2026-07-10T23:26:35.886407+00:00
7713.T,7713,シグマ光機,スタンダード（内国株式）,3750,精密機器,0009,電機・精密,-,-,20260630,https://www.jpx.co.jp/markets/statistics-equities/misc/tvdivq0000001vg2-att/data_j.xls,2026-07-10T23:26:35.886407+00:00
7715.T,7715,長野計器,プライム（内国株式）,3750,精密機器,0009,電機・精密,0007,TOPIX Small 2,20260630,https://www.jpx.co.jp/markets/statistics-equities/misc/tvdivq0000001vg2-att/data_j.xls,2026-07-10T23:26:35.886407+00:00
7716.T,7716,ナカニシ,スタンダード（内国株式）,3750,精密機器,0009,電機・精密,-,-,20260630,https://www.jpx.co.jp/markets/statistics-equities/misc/tvdivq0000001vg2-att/data_j.xls,2026-07-10T23:26:35.886407+00:00
7717.T,7717,ブイ・テクノロジー,プライム（内国株式）,3750,精密機器,0009,電機・精密,0007,TOPIX Small 2,20260630,https://www.jpx.co.jp/markets/statistics-equities/misc/tvdivq0000001vg2-att/data_j.xls,2026-07-10T23:26:35.886407+00:00
7719.T,7719,東京衡機,スタンダード（内国株式）,3750,精密機器,0009,電機・精密,-,-,20260630,https://www.jpx.co.jp/markets/statistics-equities/misc/tvdivq0000001vg2-att/data_j.xls,2026-07-10T23:26:35.886407+00:00
7721.T,7721,東京計器,プライム（内国株式）,3750,精密機器,0009,電機・精密,0006,TOPIX Small 1,20260630,https://www.jpx.co.jp/markets/statistics-equities/misc/tvdivq0000001vg2-att/data_j.xls,2026-07-10T23:26:35.886407+00:00
7722.T,7722,国際計測器,スタンダード（内国株式）,3750,精密機器,0009,電機・精密,-,-,20260630,https://www.jpx.co.jp/markets/statistics-equities/misc/tvdivq0000001vg2-att/data_j.xls,2026-07-10T23:26:35.886407+00:00
7723.T,7723,愛知時計電機,プライム（内国株式）,3750,精密機器,0009,電機・精密,0007,TOPIX Small 2,20260630,https://www.jpx.co.jp/markets/statistics-equities/misc/tvdivq0000001vg2-att/data_j.xls,2026-07-10T23:26:35.886407+00:00
7725.T,7725,インターアクション,プライム（内国株式）,3750,精密機器,0009,電機・精密,0007,TOPIX Small 2,20260630,https://www.jpx.co.jp/markets/statistics-equities/misc/tvdivq0000001vg2-att/data_j.xls,2026-07-10T23:26:35.886407+00:00
7726.T,7726,黒田精工,スタンダード（内国株式）,3600,機械,0008,機械,-,-,20260630,https://www.jpx.co.jp/markets/statistics-equities/misc/tvdivq0000001vg2-att/data_j.xls,2026-07-10T23:26:35.886407+00:00
7727.T,7727,オーバル,スタンダード（内国株式）,3750,精密機器,0009,電機・精密,-,-,20260630,https://www.jpx.co.jp/markets/statistics-equities/misc/tvdivq0000001vg2-att/data_j.xls,2026-07-10T23:26:35.886407+00:00
7729.T,7729,東京精密,プライム（内国株式）,3750,精密機器,0009,電機・精密,0004,TOPIX Mid400,20260630,https://www.jpx.co.jp/markets/statistics-equities/misc/tvdivq0000001vg2-att/data_j.xls,2026-07-10T23:26:35.886407+00:00
7730.T,7730,マニー,プライム（内国株式）,3750,精密機器,0009,電機・精密,0006,TOPIX Small 1,20260630,https://www.jpx.co.jp/markets/statistics-equities/misc/tvdivq0000001vg2-att/data_j.xls,2026-07-10T23:26:35.886407+00:00
7731.T,7731,ニコン,プライム（内国株式）,3750,精密機器,0009,電機・精密,0004,TOPIX Mid400,20260630,https://www.jpx.co.jp/markets/statistics-equities/misc/tvdivq0000001vg2-att/data_j.xls,2026-07-10T23:26:35.886407+00:00
7733.T,7733,オリンパス,プライム（内国株式）,3750,精密機器,0009,電機・精密,0002,TOPIX Large70,20260630,https://www.jpx.co.jp/markets/statistics-equities/misc/tvdivq0000001vg2-att/data_j.xls,2026-07-10T23:26:35.886407+00:00
7734.T,7734,理研計器,プライム（内国株式）,3750,精密機器,0009,電機・精密,0006,TOPIX Small 1,20260630,https://www.jpx.co.jp/markets/statistics-equities/misc/tvdivq0000001vg2-att/data_j.xls,2026-07-10T23:26:35.886407+00:00
7735.T,7735,ＳＣＲＥＥＮホールディングス,プライム（内国株式）,3650,電気機器,0009,電機・精密,0004,TOPIX Mid400,20260630,https://www.jpx.co.jp/markets/statistics-equities/misc/tvdivq0000001vg2-att/data_j.xls,2026-07-10T23:26:35.886407+00:00
7740.T,7740,タムロン,プライム（内国株式）,3750,精密機器,0009,電機・精密,0006,TOPIX Small 1,20260630,https://www.jpx.co.jp/markets/statistics-equities/misc/tvdivq0000001vg2-att/data_j.xls,2026-07-10T23:26:35.886407+00:00
7741.T,7741,ＨＯＹＡ,プライム（内国株式）,3750,精密機器,0009,電機・精密,0001,TOPIX Core30,20260630,https://www.jpx.co.jp/markets/statistics-equities/misc/tvdivq0000001vg2-att/data_j.xls,2026-07-10T23:26:35.886407+00:00
7743.T,7743,シード,スタンダード（内国株式）,3750,精密機器,0009,電機・精密,-,-,20260630,https://www.jpx.co.jp/markets/statistics-equities/misc/tvdivq0000001vg2-att/data_j.xls,2026-07-10T23:26:35.886407+00:00
7744.T,7744,ノーリツ鋼機,プライム（内国株式）,3750,精密機器,0009,電機・精密,0006,TOPIX Small 1,20260630,https://www.jpx.co.jp/markets/statistics-equities/misc/tvdivq0000001vg2-att/data_j.xls,2026-07-10T23:26:35.886407+00:00
7745.T,7745,Ａ＆Ｄホロンホールディングス,プライム（内国株式）,3750,精密機器,0009,電機・精密,0006,TOPIX Small 1,20260630,https://www.jpx.co.jp/markets/statistics-equities/misc/tvdivq0000001vg2-att/data_j.xls,2026-07-10T23:26:35.886407+00:00
7746.T,7746,岡本硝子,スタンダード（内国株式）,3750,精密機器,0009,電機・精密,-,-,20260630,https://www.jpx.co.jp/markets/statistics-equities/misc/tvdivq0000001vg2-att/data_j.xls,2026-07-10T23:26:35.886407+00:00
7747.T,7747,朝日インテック,プライム（内国株式）,3750,精密機器,0009,電機・精密,0004,TOPIX Mid400,20260630,https://www.jpx.co.jp/markets/statistics-equities/misc/tvdivq0000001vg2-att/data_j.xls,2026-07-10T23:26:35.886407+00:00
7749.T,7749,メディキット,スタンダード（内国株式）,3750,精密機器,0009,電機・精密,-,-,20260630,https://www.jpx.co.jp/markets/statistics-equities/misc/tvdivq0000001vg2-att/data_j.xls,2026-07-10T23:26:35.886407+00:00
7751.T,7751,キヤノン,プライム（内国株式）,3650,電気機器,0009,電機・精密,0002,TOPIX Large70,20260630,https://www.jpx.co.jp/markets/statistics-equities/misc/tvdivq0000001vg2-att/data_j.xls,2026-07-10T23:26:35.886407+00:00
7752.T,7752,リコー,プライム（内国株式）,3650,電気機器,0009,電機・精密,0004,TOPIX Mid400,20260630,https://www.jpx.co.jp/markets/statistics-equities/misc/tvdivq0000001vg2-att/data_j.xls,2026-07-10T23:26:35.886407+00:00
7760.T,7760,ＩＭＶ,スタンダード（内国株式）,3750,精密機器,0009,電機・精密,-,-,20260630,https://www.jpx.co.jp/markets/statistics-equities/misc/tvdivq0000001vg2-att/data_j.xls,2026-07-10T23:26:35.886407+00:00
7762.T,7762,シチズン時計,プライム（内国株式）,3750,精密機器,0009,電機・精密,0006,TOPIX Small 1,20260630,https://www.jpx.co.jp/markets/statistics-equities/misc/tvdivq0000001vg2-att/data_j.xls,2026-07-10T23:26:35.886407+00:00
7769.T,7769,リズム,プライム（内国株式）,3750,精密機器,0009,電機・精密,-,-,20260630,https://www.jpx.co.jp/markets/statistics-equities/misc/tvdivq0000001vg2-att/data_j.xls,2026-07-10T23:26:35.886407+00:00
7771.T,7771,日本精密,スタンダード（内国株式）,3750,精密機器,0009,電機・精密,-,-,20260630,https://www.jpx.co.jp/markets/statistics-equities/misc/tvdivq0000001vg2-att/data_j.xls,2026-07-10T23:26:35.886407+00:00
7774.T,7774,ジャパン・ティッシュエンジニアリング,グロース（内国株式）,3750,精密機器,0009,電機・精密,-,-,20260630,https://www.jpx.co.jp/markets/statistics-equities/misc/tvdivq0000001vg2-att/data_j.xls,2026-07-10T23:26:35.886407+00:00
7775.T,7775,大研医器,スタンダード（内国株式）,3750,精密機器,0009,電機・精密,-,-,20260630,https://www.jpx.co.jp/markets/statistics-equities/misc/tvdivq0000001vg2-att/data_j.xls,2026-07-10T23:26:35.886407+00:00
7776.T,7776,セルシード,グロース（内国株式）,3750,精密機器,0009,電機・精密,-,-,20260630,https://www.jpx.co.jp/markets/statistics-equities/misc/tvdivq0000001vg2-att/data_j.xls,2026-07-10T23:26:35.886407+00:00
7777.T,7777,スリー・ディー・マトリックス,グロース（内国株式）,3750,精密機器,0009,電機・精密,-,-,20260630,https://www.jpx.co.jp/markets/statistics-equities/misc/tvdivq0000001vg2-att/data_j.xls,2026-07-10T23:26:35.886407+00:00
7779.T,7779,ＣＹＢＥＲＤＹＮＥ,グロース（内国株式）,3750,精密機器,0009,電機・精密,-,-,20260630,https://www.jpx.co.jp/markets/statistics-equities/misc/tvdivq0000001vg2-att/data_j.xls,2026-07-10T23:26:35.886407+00:00
7780.T,7780,メニコン,プライム（内国株式）,3750,精密機器,0009,電機・精密,0006,TOPIX Small 1,20260630,https://www.jpx.co.jp/markets/statistics-equities/misc/tvdivq0000001vg2-att/data_j.xls,2026-07-10T23:26:35.886407+00:00
7781.T,7781,平山ホールディングス,スタンダード（内国株式）,3750,精密機器,0009,電機・精密,-,-,20260630,https://www.jpx.co.jp/markets/statistics-equities/misc/tvdivq0000001vg2-att/data_j.xls,2026-07-10T23:26:35.886407+00:00
7782.T,7782,シンシア,スタンダード（内国株式）,3750,精密機器,0009,電機・精密,-,-,20260630,https://www.jpx.co.jp/markets/statistics-equities/misc/tvdivq0000001vg2-att/data_j.xls,2026-07-10T23:26:35.886407+00:00
7791.T,7791,ドリームベッド,スタンダード（内国株式）,3800,その他製品,0010,情報通信・サービスその他,-,-,20260630,https://www.jpx.co.jp/markets/statistics-equities/misc/tvdivq0000001vg2-att/data_j.xls,2026-07-10T23:26:35.886407+00:00
7792.T,7792,コラントッテ,グロース（内国株式）,3800,その他製品,0010,情報通信・サービスその他,-,-,20260630,https://www.jpx.co.jp/markets/statistics-equities/misc/tvdivq0000001vg2-att/data_j.xls,2026-07-10T23:26:35.886407+00:00
7793.T,7793,イメージ・マジック,グロース（内国株式）,3800,その他製品,0010,情報通信・サービスその他,-,-,20260630,https://www.jpx.co.jp/markets/statistics-equities/misc/tvdivq0000001vg2-att/data_j.xls,2026-07-10T23:26:35.886407+00:00
7794.T,7794,イーディーピー,グロース（内国株式）,3800,その他製品,0010,情報通信・サービスその他,-,-,20260630,https://www.jpx.co.jp/markets/statistics-equities/misc/tvdivq0000001vg2-att/data_j.xls,2026-07-10T23:26:35.886407+00:00
7795.T,7795,ＫＹＯＲＩＴＳＵ,スタンダード（内国株式）,3800,その他製品,0010,情報通信・サービスその他,-,-,20260630,https://www.jpx.co.jp/markets/statistics-equities/misc/tvdivq0000001vg2-att/data_j.xls,2026-07-10T23:26:35.886407+00:00
7800.T,7800,アミファ,スタンダード（内国株式）,3800,その他製品,0010,情報通信・サービスその他,-,-,20260630,https://www.jpx.co.jp/markets/statistics-equities/misc/tvdivq0000001vg2-att/data_j.xls,2026-07-10T23:26:35.886407+00:00
7803.T,7803,ブシロード,グロース（内国株式）,3800,その他製品,0010,情報通信・サービスその他,-,-,20260630,https://www.jpx.co.jp/markets/statistics-equities/misc/tvdivq0000001vg2-att/data_j.xls,2026-07-10T23:26:35.886407+00:00
7804.T,7804,ビーアンドピー,スタンダード（内国株式）,3800,その他製品,0010,情報通信・サービスその他,-,-,20260630,https://www.jpx.co.jp/markets/statistics-equities/misc/tvdivq0000001vg2-att/data_j.xls,2026-07-10T23:26:35.886407+00:00
7805.T,7805,プリントネット,スタンダード（内国株式）,3800,その他製品,0010,情報通信・サービスその他,-,-,20260630,https://www.jpx.co.jp/markets/statistics-equities/misc/tvdivq0000001vg2-att/data_j.xls,2026-07-10T23:26:35.886407+00:00
7806.T,7806,ＭＴＧ,グロース（内国株式）,3800,その他製品,0010,情報通信・サービスその他,-,-,20260630,https://www.jpx.co.jp/markets/statistics-equities/misc/tvdivq0000001vg2-att/data_j.xls,2026-07-10T23:26:35.886407+00:00
7807.T,7807,幸和製作所,スタンダード（内国株式）,3800,その他製品,0010,情報通信・サービスその他,-,-,20260630,https://www.jpx.co.jp/markets/statistics-equities/misc/tvdivq0000001vg2-att/data_j.xls,2026-07-10T23:26:35.886407+00:00
7808.T,7808,シー・エス・ランバー,スタンダード（内国株式）,3800,その他製品,0010,情報通信・サービスその他,-,-,20260630,https://www.jpx.co.jp/markets/statistics-equities/misc/tvdivq0000001vg2-att/data_j.xls,2026-07-10T23:26:35.886407+00:00
7809.T,7809,壽屋,スタンダード（内国株式）,3800,その他製品,0010,情報通信・サービスその他,-,-,20260630,https://www.jpx.co.jp/markets/statistics-equities/misc/tvdivq0000001vg2-att/data_j.xls,2026-07-10T23:26:35.886407+00:00
7810.T,7810,クロスフォー,スタンダード（内国株式）,3800,その他製品,0010,情報通信・サービスその他,-,-,20260630,https://www.jpx.co.jp/markets/statistics-equities/misc/tvdivq0000001vg2-att/data_j.xls,2026-07-10T23:26:35.886407+00:00
7811.T,7811,中本パックス,スタンダード（内国株式）,3800,その他製品,0010,情報通信・サービスその他,-,-,20260630,https://www.jpx.co.jp/markets/statistics-equities/misc/tvdivq0000001vg2-att/data_j.xls,2026-07-10T23:26:35.886407+00:00
7812.T,7812,クレステック,スタンダード（内国株式）,3800,その他製品,0010,情報通信・サービスその他,-,-,20260630,https://www.jpx.co.jp/markets/statistics-equities/misc/tvdivq0000001vg2-att/data_j.xls,2026-07-10T23:26:35.886407+00:00
7813.T,7813,プラッツ,スタンダード（内国株式）,3800,その他製品,0010,情報通信・サービスその他,-,-,20260630,https://www.jpx.co.jp/markets/statistics-equities/misc/tvdivq0000001vg2-att/data_j.xls,2026-07-10T23:26:35.886407+00:00
7814.T,7814,日本創発グループ,スタンダード（内国株式）,3800,その他製品,0010,情報通信・サービスその他,-,-,20260630,https://www.jpx.co.jp/markets/statistics-equities/misc/tvdivq0000001vg2-att/data_j.xls,2026-07-10T23:26:35.886407+00:00
7815.T,7815,東京ボード工業,スタンダード（内国株式）,3800,その他製品,0010,情報通信・サービスその他,-,-,20260630,https://www.jpx.co.jp/markets/statistics-equities/misc/tvdivq0000001vg2-att/data_j.xls,2026-07-10T23:26:35.886407+00:00
7818.T,7818,トランザクション,プライム（内国株式）,3800,その他製品,0010,情報通信・サービスその他,0007,TOPIX Small 2,20260630,https://www.jpx.co.jp/markets/statistics-equities/misc/tvdivq0000001vg2-att/data_j.xls,2026-07-10T23:26:35.886407+00:00
7819.T,7819,粧美堂,スタンダード（内国株式）,3800,その他製品,0010,情報通信・サービスその他,-,-,20260630,https://www.jpx.co.jp/markets/statistics-equities/misc/tvdivq0000001vg2-att/data_j.xls,2026-07-10T23:26:35.886407+00:00
7820.T,7820,ニホンフラッシュ,プライム（内国株式）,3800,その他製品,0010,情報通信・サービスその他,0007,TOPIX Small 2,20260630,https://www.jpx.co.jp/markets/statistics-equities/misc/tvdivq0000001vg2-att/data_j.xls,2026-07-10T23:26:35.886407+00:00
7821.T,7821,前田工繊,プライム（内国株式）,3800,その他製品,0010,情報通信・サービスその他,0006,TOPIX Small 1,20260630,https://www.jpx.co.jp/markets/statistics-equities/misc/tvdivq0000001vg2-att/data_j.xls,2026-07-10T23:26:35.886407+00:00
7822.T,7822,永大産業,スタンダード（内国株式）,3800,その他製品,0010,情報通信・サービスその他,-,-,20260630,https://www.jpx.co.jp/markets/statistics-equities/misc/tvdivq0000001vg2-att/data_j.xls,2026-07-10T23:26:35.886407+00:00
7823.T,7823,アートネイチャー,スタンダード（内国株式）,3800,その他製品,0010,情報通信・サービスその他,0007,TOPIX Small 2,20260630,https://www.jpx.co.jp/markets/statistics-equities/misc/tvdivq0000001vg2-att/data_j.xls,2026-07-10T23:26:35.886407+00:00
7826.T,7826,フルヤ金属,プライム（内国株式）,3800,その他製品,0010,情報通信・サービスその他,0006,TOPIX Small 1,20260630,https://www.jpx.co.jp/markets/statistics-equities/misc/tvdivq0000001vg2-att/data_j.xls,2026-07-10T23:26:35.886407+00:00
7827.T,7827,オービス,スタンダード（内国株式）,3800,その他製品,0010,情報通信・サービスその他,-,-,20260630,https://www.jpx.co.jp/markets/statistics-equities/misc/tvdivq0000001vg2-att/data_j.xls,2026-07-10T23:26:35.886407+00:00
7831.T,7831,ウイルコホールディングス,スタンダード（内国株式）,3800,その他製品,0010,情報通信・サービスその他,-,-,20260630,https://www.jpx.co.jp/markets/statistics-equities/misc/tvdivq0000001vg2-att/data_j.xls,2026-07-10T23:26:35.886407+00:00
7832.T,7832,バンダイナムコホールディングス,プライム（内国株式）,3800,その他製品,0010,情報通信・サービスその他,0002,TOPIX Large70,20260630,https://www.jpx.co.jp/markets/statistics-equities/misc/tvdivq0000001vg2-att/data_j.xls,2026-07-10T23:26:35.886407+00:00
7833.T,7833,アイフィスジャパン,スタンダード（内国株式）,3800,その他製品,0010,情報通信・サービスその他,-,-,20260630,https://www.jpx.co.jp/markets/statistics-equities/misc/tvdivq0000001vg2-att/data_j.xls,2026-07-10T23:26:35.886407+00:00
7836.T,7836,アビックス,スタンダード（内国株式）,3800,その他製品,0010,情報通信・サービスその他,-,-,20260630,https://www.jpx.co.jp/markets/statistics-equities/misc/tvdivq0000001vg2-att/data_j.xls,2026-07-10T23:26:35.886407+00:00
7837.T,7837,アールシーコア,スタンダード（内国株式）,3800,その他製品,0010,情報通信・サービスその他,-,-,20260630,https://www.jpx.co.jp/markets/statistics-equities/misc/tvdivq0000001vg2-att/data_j.xls,2026-07-10T23:26:35.886407+00:00
7839.T,7839,ＳＨＯＥＩ,プライム（内国株式）,3800,その他製品,0010,情報通信・サービスその他,0006,TOPIX Small 1,20260630,https://www.jpx.co.jp/markets/statistics-equities/misc/tvdivq0000001vg2-att/data_j.xls,2026-07-10T23:26:35.886407+00:00
7840.T,7840,フランスベッドホールディングス,プライム（内国株式）,3800,その他製品,0010,情報通信・サービスその他,0007,TOPIX Small 2,20260630,https://www.jpx.co.jp/markets/statistics-equities/misc/tvdivq0000001vg2-att/data_j.xls,2026-07-10T23:26:35.886407+00:00
7841.T,7841,遠藤製作所,スタンダード（内国株式）,3800,その他製品,0010,情報通信・サービスその他,-,-,20260630,https://www.jpx.co.jp/markets/statistics-equities/misc/tvdivq0000001vg2-att/data_j.xls,2026-07-10T23:26:35.886407+00:00
7844.T,7844,マーベラス,プライム（内国株式）,5250,情報・通信業,0010,情報通信・サービスその他,0007,TOPIX Small 2,20260630,https://www.jpx.co.jp/markets/statistics-equities/misc/tvdivq0000001vg2-att/data_j.xls,2026-07-10T23:26:35.886407+00:00
7846.T,7846,パイロットコーポレーション,プライム（内国株式）,3800,その他製品,0010,情報通信・サービスその他,0004,TOPIX Mid400,20260630,https://www.jpx.co.jp/markets/statistics-equities/misc/tvdivq0000001vg2-att/data_j.xls,2026-07-10T23:26:35.886407+00:00
7847.T,7847,グラファイトデザイン,スタンダード（内国株式）,3800,その他製品,0010,情報通信・サービスその他,-,-,20260630,https://www.jpx.co.jp/markets/statistics-equities/misc/tvdivq0000001vg2-att/data_j.xls,2026-07-10T23:26:35.886407+00:00
7849.T,7849,スターツ出版,スタンダード（内国株式）,5250,情報・通信業,0010,情報通信・サービスその他,-,-,20260630,https://www.jpx.co.jp/markets/statistics-equities/misc/tvdivq0000001vg2-att/data_j.xls,2026-07-10T23:26:35.886407+00:00
7850.T,7850,総合商研,スタンダード（内国株式）,3800,その他製品,0010,情報通信・サービスその他,-,-,20260630,https://www.jpx.co.jp/markets/statistics-equities/misc/tvdivq0000001vg2-att/data_j.xls,2026-07-10T23:26:35.886407+00:00
7851.T,7851,カワセコンピュータサプライ,スタンダード（内国株式）,3800,その他製品,0010,情報通信・サービスその他,-,-,20260630,https://www.jpx.co.jp/markets/statistics-equities/misc/tvdivq0000001vg2-att/data_j.xls,2026-07-10T23:26:35.886407+00:00
7856.T,7856,萩原工業,プライム（内国株式）,3800,その他製品,0010,情報通信・サービスその他,0007,TOPIX Small 2,20260630,https://www.jpx.co.jp/markets/statistics-equities/misc/tvdivq0000001vg2-att/data_j.xls,2026-07-10T23:26:35.886407+00:00
7857.T,7857,セキ,スタンダード（内国株式）,3800,その他製品,0010,情報通信・サービスその他,-,-,20260630,https://www.jpx.co.jp/markets/statistics-equities/misc/tvdivq0000001vg2-att/data_j.xls,2026-07-10T23:26:35.886407+00:00
7859.T,7859,アルメディオ,スタンダード（内国株式）,3800,その他製品,0010,情報通信・サービスその他,-,-,20260630,https://www.jpx.co.jp/markets/statistics-equities/misc/tvdivq0000001vg2-att/data_j.xls,2026-07-10T23:26:35.886407+00:00
7860.T,7860,エイベックス,プライム（内国株式）,5250,情報・通信業,0010,情報通信・サービスその他,0006,TOPIX Small 1,20260630,https://www.jpx.co.jp/markets/statistics-equities/misc/tvdivq0000001vg2-att/data_j.xls,2026-07-10T23:26:35.886407+00:00
7863.T,7863,平賀,スタンダード（内国株式）,3800,その他製品,0010,情報通信・サービスその他,-,-,20260630,https://www.jpx.co.jp/markets/statistics-equities/misc/tvdivq0000001vg2-att/data_j.xls,2026-07-10T23:26:35.886407+00:00
7864.T,7864,フジシールインターナショナル,プライム（内国株式）,3800,その他製品,0010,情報通信・サービスその他,0006,TOPIX Small 1,20260630,https://www.jpx.co.jp/markets/statistics-equities/misc/tvdivq0000001vg2-att/data_j.xls,2026-07-10T23:26:35.886407+00:00
7865.T,7865,ピープル,スタンダード（内国株式）,3800,その他製品,0010,情報通信・サービスその他,-,-,20260630,https://www.jpx.co.jp/markets/statistics-equities/misc/tvdivq0000001vg2-att/data_j.xls,2026-07-10T23:26:35.886407+00:00
7867.T,7867,タカラトミー,プライム（内国株式）,3800,その他製品,0010,情報通信・サービスその他,0004,TOPIX Mid400,20260630,https://www.jpx.co.jp/markets/statistics-equities/misc/tvdivq0000001vg2-att/data_j.xls,2026-07-10T23:26:35.886407+00:00
7868.T,7868,広済堂ホールディングス,プライム（内国株式）,3800,その他製品,0010,情報通信・サービスその他,0007,TOPIX Small 2,20260630,https://www.jpx.co.jp/markets/statistics-equities/misc/tvdivq0000001vg2-att/data_j.xls,2026-07-10T23:26:35.886407+00:00
7871.T,7871,フクビ化学工業,スタンダード（内国株式）,3200,化学,0004,素材・化学,-,-,20260630,https://www.jpx.co.jp/markets/statistics-equities/misc/tvdivq0000001vg2-att/data_j.xls,2026-07-10T23:26:35.886407+00:00
7872.T,7872,エステールホールディングス,スタンダード（内国株式）,3800,その他製品,0010,情報通信・サービスその他,-,-,20260630,https://www.jpx.co.jp/markets/statistics-equities/misc/tvdivq0000001vg2-att/data_j.xls,2026-07-10T23:26:35.886407+00:00
7874.T,7874,レック,プライム（内国株式）,3200,化学,0004,素材・化学,0007,TOPIX Small 2,20260630,https://www.jpx.co.jp/markets/statistics-equities/misc/tvdivq0000001vg2-att/data_j.xls,2026-07-10T23:26:35.886407+00:00
7875.T,7875,竹田ｉＰホールディングス,スタンダード（内国株式）,3800,その他製品,0010,情報通信・サービスその他,-,-,20260630,https://www.jpx.co.jp/markets/statistics-equities/misc/tvdivq0000001vg2-att/data_j.xls,2026-07-10T23:26:35.886407+00:00
7877.T,7877,永大化工,スタンダード（内国株式）,3200,化学,0004,素材・化学,-,-,20260630,https://www.jpx.co.jp/markets/statistics-equities/misc/tvdivq0000001vg2-att/data_j.xls,2026-07-10T23:26:35.886407+00:00
7878.T,7878,光・彩,スタンダード（内国株式）,3800,その他製品,0010,情報通信・サービスその他,-,-,20260630,https://www.jpx.co.jp/markets/statistics-equities/misc/tvdivq0000001vg2-att/data_j.xls,2026-07-10T23:26:35.886407+00:00
7879.T,7879,ノダ,スタンダード（内国株式）,3800,その他製品,0010,情報通信・サービスその他,-,-,20260630,https://www.jpx.co.jp/markets/statistics-equities/misc/tvdivq0000001vg2-att/data_j.xls,2026-07-10T23:26:35.886407+00:00
7883.T,7883,サンメッセ,スタンダード（内国株式）,3800,その他製品,0010,情報通信・サービスその他,-,-,20260630,https://www.jpx.co.jp/markets/statistics-equities/misc/tvdivq0000001vg2-att/data_j.xls,2026-07-10T23:26:35.886407+00:00
7885.T,7885,タカノ,スタンダード（内国株式）,3800,その他製品,0010,情報通信・サービスその他,-,-,20260630,https://www.jpx.co.jp/markets/statistics-equities/misc/tvdivq0000001vg2-att/data_j.xls,2026-07-10T23:26:35.886407+00:00
7886.T,7886,ヤマト　モビリティ　＆　Ｍｆｇ．,スタンダード（内国株式）,3200,化学,0004,素材・化学,-,-,20260630,https://www.jpx.co.jp/markets/statistics-equities/misc/tvdivq0000001vg2-att/data_j.xls,2026-07-10T23:26:35.886407+00:00
7887.T,7887,南海プライウッド,スタンダード（内国株式）,3800,その他製品,0010,情報通信・サービスその他,-,-,20260630,https://www.jpx.co.jp/markets/statistics-equities/misc/tvdivq0000001vg2-att/data_j.xls,2026-07-10T23:26:35.886407+00:00
7888.T,7888,三光合成,プライム（内国株式）,3200,化学,0004,素材・化学,0007,TOPIX Small 2,20260630,https://www.jpx.co.jp/markets/statistics-equities/misc/tvdivq0000001vg2-att/data_j.xls,2026-07-10T23:26:35.886407+00:00
7893.T,7893,プロネクサス,プライム（内国株式）,3800,その他製品,0010,情報通信・サービスその他,0007,TOPIX Small 2,20260630,https://www.jpx.co.jp/markets/statistics-equities/misc/tvdivq0000001vg2-att/data_j.xls,2026-07-10T23:26:35.886407+00:00
7896.T,7896,セブン工業,スタンダード（内国株式）,3800,その他製品,0010,情報通信・サービスその他,-,-,20260630,https://www.jpx.co.jp/markets/statistics-equities/misc/tvdivq0000001vg2-att/data_j.xls,2026-07-10T23:26:35.886407+00:00
7897.T,7897,ホクシン,スタンダード（内国株式）,3800,その他製品,0010,情報通信・サービスその他,-,-,20260630,https://www.jpx.co.jp/markets/statistics-equities/misc/tvdivq0000001vg2-att/data_j.xls,2026-07-10T23:26:35.886407+00:00
7898.T,7898,ウッドワン,スタンダード（内国株式）,3800,その他製品,0010,情報通信・サービスその他,-,-,20260630,https://www.jpx.co.jp/markets/statistics-equities/misc/tvdivq0000001vg2-att/data_j.xls,2026-07-10T23:26:35.886407+00:00
7901.T,7901,マツモト,スタンダード（内国株式）,3800,その他製品,0010,情報通信・サービスその他,-,-,20260630,https://www.jpx.co.jp/markets/statistics-equities/misc/tvdivq0000001vg2-att/data_j.xls,2026-07-10T23:26:35.886407+00:00
7902.T,7902,ソノコム,スタンダード（内国株式）,3800,その他製品,0010,情報通信・サービスその他,-,-,20260630,https://www.jpx.co.jp/markets/statistics-equities/misc/tvdivq0000001vg2-att/data_j.xls,2026-07-10T23:26:35.886407+00:00
7906.T,7906,ヨネックス,スタンダード（内国株式）,3800,その他製品,0010,情報通信・サービスその他,-,-,20260630,https://www.jpx.co.jp/markets/statistics-equities/misc/tvdivq0000001vg2-att/data_j.xls,2026-07-10T23:26:35.886407+00:00
7908.T,7908,きもと,スタンダード（内国株式）,3200,化学,0004,素材・化学,-,-,20260630,https://www.jpx.co.jp/markets/statistics-equities/misc/tvdivq0000001vg2-att/data_j.xls,2026-07-10T23:26:35.886407+00:00
7911.T,7911,ＴＯＰＰＡＮホールディングス,プライム（内国株式）,3800,その他製品,0010,情報通信・サービスその他,0004,TOPIX Mid400,20260630,https://www.jpx.co.jp/markets/statistics-equities/misc/tvdivq0000001vg2-att/data_j.xls,2026-07-10T23:26:35.886407+00:00
7912.T,7912,大日本印刷,プライム（内国株式）,3800,その他製品,0010,情報通信・サービスその他,0004,TOPIX Mid400,20260630,https://www.jpx.co.jp/markets/statistics-equities/misc/tvdivq0000001vg2-att/data_j.xls,2026-07-10T23:26:35.886407+00:00
7914.T,7914,共同印刷,プライム（内国株式）,3800,その他製品,0010,情報通信・サービスその他,0007,TOPIX Small 2,20260630,https://www.jpx.co.jp/markets/statistics-equities/misc/tvdivq0000001vg2-att/data_j.xls,2026-07-10T23:26:35.886407+00:00
7915.T,7915,ＮＩＳＳＨＡ,プライム（内国株式）,3800,その他製品,0010,情報通信・サービスその他,0006,TOPIX Small 1,20260630,https://www.jpx.co.jp/markets/statistics-equities/misc/tvdivq0000001vg2-att/data_j.xls,2026-07-10T23:26:35.886407+00:00
7916.T,7916,光村印刷,スタンダード（内国株式）,3800,その他製品,0010,情報通信・サービスその他,-,-,20260630,https://www.jpx.co.jp/markets/statistics-equities/misc/tvdivq0000001vg2-att/data_j.xls,2026-07-10T23:26:35.886407+00:00
7917.T,7917,ＺＡＣＲＯＳ,プライム（内国株式）,3200,化学,0004,素材・化学,0007,TOPIX Small 2,20260630,https://www.jpx.co.jp/markets/statistics-equities/misc/tvdivq0000001vg2-att/data_j.xls,2026-07-10T23:26:35.886407+00:00
7918.T,7918,ヴィア・ホールディングス,スタンダード（内国株式）,6100,小売業,0014,小売,-,-,20260630,https://www.jpx.co.jp/markets/statistics-equities/misc/tvdivq0000001vg2-att/data_j.xls,2026-07-10T23:26:35.886407+00:00
7919.T,7919,野崎印刷紙業,スタンダード（内国株式）,3800,その他製品,0010,情報通信・サービスその他,-,-,20260630,https://www.jpx.co.jp/markets/statistics-equities/misc/tvdivq0000001vg2-att/data_j.xls,2026-07-10T23:26:35.886407+00:00
7921.T,7921,ＴＡＫＡＲＡ　＆　ＣＯＭＰＡＮＹ,プライム（内国株式）,3800,その他製品,0010,情報通信・サービスその他,0007,TOPIX Small 2,20260630,https://www.jpx.co.jp/markets/statistics-equities/misc/tvdivq0000001vg2-att/data_j.xls,2026-07-10T23:26:35.886407+00:00
7927.T,7927,ムトー精工,スタンダード（内国株式）,3200,化学,0004,素材・化学,-,-,20260630,https://www.jpx.co.jp/markets/statistics-equities/misc/tvdivq0000001vg2-att/data_j.xls,2026-07-10T23:26:35.886407+00:00
7928.T,7928,旭化学工業,スタンダード（内国株式）,3200,化学,0004,素材・化学,-,-,20260630,https://www.jpx.co.jp/markets/statistics-equities/misc/tvdivq0000001vg2-att/data_j.xls,2026-07-10T23:26:35.886407+00:00
7931.T,7931,未来工業,プライム（内国株式）,3200,化学,0004,素材・化学,0007,TOPIX Small 2,20260630,https://www.jpx.co.jp/markets/statistics-equities/misc/tvdivq0000001vg2-att/data_j.xls,2026-07-10T23:26:35.886407+00:00
7932.T,7932,ニッピ,スタンダード（内国株式）,3800,その他製品,0010,情報通信・サービスその他,-,-,20260630,https://www.jpx.co.jp/markets/statistics-equities/misc/tvdivq0000001vg2-att/data_j.xls,2026-07-10T23:26:35.886407+00:00
7936.T,7936,アシックス,プライム（内国株式）,3800,その他製品,0010,情報通信・サービスその他,0002,TOPIX Large70,20260630,https://www.jpx.co.jp/markets/statistics-equities/misc/tvdivq0000001vg2-att/data_j.xls,2026-07-10T23:26:35.886407+00:00
7937.T,7937,ツツミ,スタンダード（内国株式）,3800,その他製品,0010,情報通信・サービスその他,0007,TOPIX Small 2,20260630,https://www.jpx.co.jp/markets/statistics-equities/misc/tvdivq0000001vg2-att/data_j.xls,2026-07-10T23:26:35.886407+00:00
7938.T,7938,リーガルコーポレーション,スタンダード（内国株式）,3800,その他製品,0010,情報通信・サービスその他,-,-,20260630,https://www.jpx.co.jp/markets/statistics-equities/misc/tvdivq0000001vg2-att/data_j.xls,2026-07-10T23:26:35.886407+00:00
7939.T,7939,研創,スタンダード（内国株式）,3800,その他製品,0010,情報通信・サービスその他,-,-,20260630,https://www.jpx.co.jp/markets/statistics-equities/misc/tvdivq0000001vg2-att/data_j.xls,2026-07-10T23:26:35.886407+00:00
7940.T,7940,ウェーブロックホールディングス,スタンダード（内国株式）,3200,化学,0004,素材・化学,-,-,20260630,https://www.jpx.co.jp/markets/statistics-equities/misc/tvdivq0000001vg2-att/data_j.xls,2026-07-10T23:26:35.886407+00:00
7942.T,7942,ＪＳＰ,プライム（内国株式）,3200,化学,0004,素材・化学,0007,TOPIX Small 2,20260630,https://www.jpx.co.jp/markets/statistics-equities/misc/tvdivq0000001vg2-att/data_j.xls,2026-07-10T23:26:35.886407+00:00
7943.T,7943,ニチハ,プライム（内国株式）,3400,ガラス・土石製品,0003,建設・資材,0006,TOPIX Small 1,20260630,https://www.jpx.co.jp/markets/statistics-equities/misc/tvdivq0000001vg2-att/data_j.xls,2026-07-10T23:26:35.886407+00:00
7944.T,7944,ローランド,プライム（内国株式）,3800,その他製品,0010,情報通信・サービスその他,0006,TOPIX Small 1,20260630,https://www.jpx.co.jp/markets/statistics-equities/misc/tvdivq0000001vg2-att/data_j.xls,2026-07-10T23:26:35.886407+00:00
7946.T,7946,光陽社,スタンダード（内国株式）,3800,その他製品,0010,情報通信・サービスその他,-,-,20260630,https://www.jpx.co.jp/markets/statistics-equities/misc/tvdivq0000001vg2-att/data_j.xls,2026-07-10T23:26:35.886407+00:00
7947.T,7947,エフピコ,プライム（内国株式）,3200,化学,0004,素材・化学,0006,TOPIX Small 1,20260630,https://www.jpx.co.jp/markets/statistics-equities/misc/tvdivq0000001vg2-att/data_j.xls,2026-07-10T23:26:35.886407+00:00
7949.T,7949,小松ウオール工業,プライム（内国株式）,3800,その他製品,0010,情報通信・サービスその他,0007,TOPIX Small 2,20260630,https://www.jpx.co.jp/markets/statistics-equities/misc/tvdivq0000001vg2-att/data_j.xls,2026-07-10T23:26:35.886407+00:00
7951.T,7951,ヤマハ,プライム（内国株式）,3800,その他製品,0010,情報通信・サービスその他,0004,TOPIX Mid400,20260630,https://www.jpx.co.jp/markets/statistics-equities/misc/tvdivq0000001vg2-att/data_j.xls,2026-07-10T23:26:35.886407+00:00
7952.T,7952,河合楽器製作所,プライム（内国株式）,3800,その他製品,0010,情報通信・サービスその他,0007,TOPIX Small 2,20260630,https://www.jpx.co.jp/markets/statistics-equities/misc/tvdivq0000001vg2-att/data_j.xls,2026-07-10T23:26:35.886407+00:00
7953.T,7953,菊水化学工業,スタンダード（内国株式）,3800,その他製品,0010,情報通信・サービスその他,-,-,20260630,https://www.jpx.co.jp/markets/statistics-equities/misc/tvdivq0000001vg2-att/data_j.xls,2026-07-10T23:26:35.886407+00:00
7955.T,7955,クリナップ,プライム（内国株式）,3800,その他製品,0010,情報通信・サービスその他,0007,TOPIX Small 2,20260630,https://www.jpx.co.jp/markets/statistics-equities/misc/tvdivq0000001vg2-att/data_j.xls,2026-07-10T23:26:35.886407+00:00
7956.T,7956,ピジョン,プライム（内国株式）,3800,その他製品,0010,情報通信・サービスその他,0004,TOPIX Mid400,20260630,https://www.jpx.co.jp/markets/statistics-equities/misc/tvdivq0000001vg2-att/data_j.xls,2026-07-10T23:26:35.886407+00:00
7957.T,7957,フジコピアン,スタンダード（内国株式）,3800,その他製品,0010,情報通信・サービスその他,-,-,20260630,https://www.jpx.co.jp/markets/statistics-equities/misc/tvdivq0000001vg2-att/data_j.xls,2026-07-10T23:26:35.886407+00:00
7962.T,7962,キングジム,プライム（内国株式）,3800,その他製品,0010,情報通信・サービスその他,0007,TOPIX Small 2,20260630,https://www.jpx.co.jp/markets/statistics-equities/misc/tvdivq0000001vg2-att/data_j.xls,2026-07-10T23:26:35.886407+00:00
7963.T,7963,興研,スタンダード（内国株式）,3800,その他製品,0010,情報通信・サービスその他,-,-,20260630,https://www.jpx.co.jp/markets/statistics-equities/misc/tvdivq0000001vg2-att/data_j.xls,2026-07-10T23:26:35.886407+00:00
7965.T,7965,象印マホービン,プライム（内国株式）,3650,電気機器,0009,電機・精密,0006,TOPIX Small 1,20260630,https://www.jpx.co.jp/markets/statistics-equities/misc/tvdivq0000001vg2-att/data_j.xls,2026-07-10T23:26:35.886407+00:00
7966.T,7966,リンテック,プライム（内国株式）,3800,その他製品,0010,情報通信・サービスその他,0006,TOPIX Small 1,20260630,https://www.jpx.co.jp/markets/statistics-equities/misc/tvdivq0000001vg2-att/data_j.xls,2026-07-10T23:26:35.886407+00:00
7970.T,7970,信越ポリマー,プライム（内国株式）,3200,化学,0004,素材・化学,0006,TOPIX Small 1,20260630,https://www.jpx.co.jp/markets/statistics-equities/misc/tvdivq0000001vg2-att/data_j.xls,2026-07-10T23:26:35.886407+00:00
7971.T,7971,東リ,スタンダード（内国株式）,3200,化学,0004,素材・化学,-,-,20260630,https://www.jpx.co.jp/markets/statistics-equities/misc/tvdivq0000001vg2-att/data_j.xls,2026-07-10T23:26:35.886407+00:00
7972.T,7972,イトーキ,プライム（内国株式）,3800,その他製品,0010,情報通信・サービスその他,0006,TOPIX Small 1,20260630,https://www.jpx.co.jp/markets/statistics-equities/misc/tvdivq0000001vg2-att/data_j.xls,2026-07-10T23:26:35.886407+00:00
7974.T,7974,任天堂,プライム（内国株式）,3800,その他製品,0010,情報通信・サービスその他,0001,TOPIX Core30,20260630,https://www.jpx.co.jp/markets/statistics-equities/misc/tvdivq0000001vg2-att/data_j.xls,2026-07-10T23:26:35.886407+00:00
7975.T,7975,リヒトラブ,スタンダード（内国株式）,3800,その他製品,0010,情報通信・サービスその他,-,-,20260630,https://www.jpx.co.jp/markets/statistics-equities/misc/tvdivq0000001vg2-att/data_j.xls,2026-07-10T23:26:35.886407+00:00
7976.T,7976,三菱鉛筆,プライム（内国株式）,3800,その他製品,0010,情報通信・サービスその他,0006,TOPIX Small 1,20260630,https://www.jpx.co.jp/markets/statistics-equities/misc/tvdivq0000001vg2-att/data_j.xls,2026-07-10T23:26:35.886407+00:00
7979.T,7979,松風,プライム（内国株式）,3750,精密機器,0009,電機・精密,0007,TOPIX Small 2,20260630,https://www.jpx.co.jp/markets/statistics-equities/misc/tvdivq0000001vg2-att/data_j.xls,2026-07-10T23:26:35.886407+00:00
7980.T,7980,重松製作所,スタンダード（内国株式）,3800,その他製品,0010,情報通信・サービスその他,-,-,20260630,https://www.jpx.co.jp/markets/statistics-equities/misc/tvdivq0000001vg2-att/data_j.xls,2026-07-10T23:26:35.886407+00:00
7981.T,7981,タカラスタンダード,プライム（内国株式）,3800,その他製品,0010,情報通信・サービスその他,0006,TOPIX Small 1,20260630,https://www.jpx.co.jp/markets/statistics-equities/misc/tvdivq0000001vg2-att/data_j.xls,2026-07-10T23:26:35.886407+00:00
7983.T,7983,ミロク,スタンダード（内国株式）,3800,その他製品,0010,情報通信・サービスその他,-,-,20260630,https://www.jpx.co.jp/markets/statistics-equities/misc/tvdivq0000001vg2-att/data_j.xls,2026-07-10T23:26:35.886407+00:00
7984.T,7984,コクヨ,プライム（内国株式）,3800,その他製品,0010,情報通信・サービスその他,0004,TOPIX Mid400,20260630,https://www.jpx.co.jp/markets/statistics-equities/misc/tvdivq0000001vg2-att/data_j.xls,2026-07-10T23:26:35.886407+00:00
7985.T,7985,ネポン,スタンダード（内国株式）,3550,金属製品,0003,建設・資材,-,-,20260630,https://www.jpx.co.jp/markets/statistics-equities/misc/tvdivq0000001vg2-att/data_j.xls,2026-07-10T23:26:35.886407+00:00
7986.T,7986,日本アイ・エス・ケイ,スタンダード（内国株式）,3800,その他製品,0010,情報通信・サービスその他,-,-,20260630,https://www.jpx.co.jp/markets/statistics-equities/misc/tvdivq0000001vg2-att/data_j.xls,2026-07-10T23:26:35.886407+00:00
7987.T,7987,ナカバヤシ,スタンダード（内国株式）,3800,その他製品,0010,情報通信・サービスその他,0007,TOPIX Small 2,20260630,https://www.jpx.co.jp/markets/statistics-equities/misc/tvdivq0000001vg2-att/data_j.xls,2026-07-10T23:26:35.886407+00:00
7988.T,7988,ニフコ,プライム（内国株式）,3200,化学,0004,素材・化学,0004,TOPIX Mid400,20260630,https://www.jpx.co.jp/markets/statistics-equities/misc/tvdivq0000001vg2-att/data_j.xls,2026-07-10T23:26:35.886407+00:00
7989.T,7989,立川ブラインド工業,プライム（内国株式）,3550,金属製品,0003,建設・資材,0007,TOPIX Small 2,20260630,https://www.jpx.co.jp/markets/statistics-equities/misc/tvdivq0000001vg2-att/data_j.xls,2026-07-10T23:26:35.886407+00:00
7990.T,7990,グローブライド,プライム（内国株式）,3800,その他製品,0010,情報通信・サービスその他,0006,TOPIX Small 1,20260630,https://www.jpx.co.jp/markets/statistics-equities/misc/tvdivq0000001vg2-att/data_j.xls,2026-07-10T23:26:35.886407+00:00
7991.T,7991,マミヤ・オーピー,スタンダード（内国株式）,3600,機械,0008,機械,-,-,20260630,https://www.jpx.co.jp/markets/statistics-equities/misc/tvdivq0000001vg2-att/data_j.xls,2026-07-10T23:26:35.886407+00:00
7992.T,7992,セーラー万年筆,スタンダード（内国株式）,3800,その他製品,0010,情報通信・サービスその他,-,-,20260630,https://www.jpx.co.jp/markets/statistics-equities/misc/tvdivq0000001vg2-att/data_j.xls,2026-07-10T23:26:35.886407+00:00
7994.T,7994,オカムラ,プライム（内国株式）,3800,その他製品,0010,情報通信・サービスその他,0006,TOPIX Small 1,20260630,https://www.jpx.co.jp/markets/statistics-equities/misc/tvdivq0000001vg2-att/data_j.xls,2026-07-10T23:26:35.886407+00:00
7995.T,7995,バルカー,プライム（内国株式）,3200,化学,0004,素材・化学,0006,TOPIX Small 1,20260630,https://www.jpx.co.jp/markets/statistics-equities/misc/tvdivq0000001vg2-att/data_j.xls,2026-07-10T23:26:35.886407+00:00
7997.T,7997,くろがね工作所,スタンダード（内国株式）,3800,その他製品,0010,情報通信・サービスその他,-,-,20260630,https://www.jpx.co.jp/markets/statistics-equities/misc/tvdivq0000001vg2-att/data_j.xls,2026-07-10T23:26:35.886407+00:00
8001.T,8001,伊藤忠商事,プライム（内国株式）,6050,卸売業,0013,商社・卸売,0001,TOPIX Core30,20260630,https://www.jpx.co.jp/markets/statistics-equities/misc/tvdivq0000001vg2-att/data_j.xls,2026-07-10T23:26:35.886407+00:00
8002.T,8002,丸紅,プライム（内国株式）,6050,卸売業,0013,商社・卸売,0002,TOPIX Large70,20260630,https://www.jpx.co.jp/markets/statistics-equities/misc/tvdivq0000001vg2-att/data_j.xls,2026-07-10T23:26:35.886407+00:00
8005.T,8005,スクロール,プライム（内国株式）,6100,小売業,0014,小売,0007,TOPIX Small 2,20260630,https://www.jpx.co.jp/markets/statistics-equities/misc/tvdivq0000001vg2-att/data_j.xls,2026-07-10T23:26:35.886407+00:00
8006.T,8006,ユアサ・フナショク,スタンダード（内国株式）,6050,卸売業,0013,商社・卸売,-,-,20260630,https://www.jpx.co.jp/markets/statistics-equities/misc/tvdivq0000001vg2-att/data_j.xls,2026-07-10T23:26:35.886407+00:00
8007.T,8007,高島,プライム（内国株式）,6050,卸売業,0013,商社・卸売,-,-,20260630,https://www.jpx.co.jp/markets/statistics-equities/misc/tvdivq0000001vg2-att/data_j.xls,2026-07-10T23:26:35.886407+00:00
8008.T,8008,ヨンドシーホールディングス,プライム（内国株式）,6100,小売業,0014,小売,0006,TOPIX Small 1,20260630,https://www.jpx.co.jp/markets/statistics-equities/misc/tvdivq0000001vg2-att/data_j.xls,2026-07-10T23:26:35.886407+00:00
8011.T,8011,三陽商会,プライム（内国株式）,3100,繊維製品,0004,素材・化学,0007,TOPIX Small 2,20260630,https://www.jpx.co.jp/markets/statistics-equities/misc/tvdivq0000001vg2-att/data_j.xls,2026-07-10T23:26:35.886407+00:00
8012.T,8012,長瀬産業,プライム（内国株式）,6050,卸売業,0013,商社・卸売,0004,TOPIX Mid400,20260630,https://www.jpx.co.jp/markets/statistics-equities/misc/tvdivq0000001vg2-att/data_j.xls,2026-07-10T23:26:35.886407+00:00
8013.T,8013,ナイガイ,スタンダード（内国株式）,3100,繊維製品,0004,素材・化学,-,-,20260630,https://www.jpx.co.jp/markets/statistics-equities/misc/tvdivq0000001vg2-att/data_j.xls,2026-07-10T23:26:35.886407+00:00
8014.T,8014,蝶理,プライム（内国株式）,6050,卸売業,0013,商社・卸売,0007,TOPIX Small 2,20260630,https://www.jpx.co.jp/markets/statistics-equities/misc/tvdivq0000001vg2-att/data_j.xls,2026-07-10T23:26:35.886407+00:00
8015.T,8015,豊田通商,プライム（内国株式）,6050,卸売業,0013,商社・卸売,0002,TOPIX Large70,20260630,https://www.jpx.co.jp/markets/statistics-equities/misc/tvdivq0000001vg2-att/data_j.xls,2026-07-10T23:26:35.886407+00:00
8016.T,8016,オンワードホールディングス,プライム（内国株式）,3100,繊維製品,0004,素材・化学,0006,TOPIX Small 1,20260630,https://www.jpx.co.jp/markets/statistics-equities/misc/tvdivq0000001vg2-att/data_j.xls,2026-07-10T23:26:35.886407+00:00
8018.T,8018,三共生興,スタンダード（内国株式）,6050,卸売業,0013,商社・卸売,0007,TOPIX Small 2,20260630,https://www.jpx.co.jp/markets/statistics-equities/misc/tvdivq0000001vg2-att/data_j.xls,2026-07-10T23:26:35.886407+00:00
8020.T,8020,兼松,プライム（内国株式）,6050,卸売業,0013,商社・卸売,0004,TOPIX Mid400,20260630,https://www.jpx.co.jp/markets/statistics-equities/misc/tvdivq0000001vg2-att/data_j.xls,2026-07-10T23:26:35.886407+00:00
8022.T,8022,美津濃,プライム（内国株式）,3800,その他製品,0010,情報通信・サービスその他,0006,TOPIX Small 1,20260630,https://www.jpx.co.jp/markets/statistics-equities/misc/tvdivq0000001vg2-att/data_j.xls,2026-07-10T23:26:35.886407+00:00
8023.T,8023,ＤＡＩＫＯ　ＸＴＥＣＨ,スタンダード（内国株式）,5250,情報・通信業,0010,情報通信・サービスその他,-,-,20260630,https://www.jpx.co.jp/markets/statistics-equities/misc/tvdivq0000001vg2-att/data_j.xls,2026-07-10T23:26:35.886407+00:00
8025.T,8025,ツカモトコーポレーション,スタンダード（内国株式）,6050,卸売業,0013,商社・卸売,-,-,20260630,https://www.jpx.co.jp/markets/statistics-equities/misc/tvdivq0000001vg2-att/data_j.xls,2026-07-10T23:26:35.886407+00:00
8029.T,8029,ルックホールディングス,スタンダード（内国株式）,3100,繊維製品,0004,素材・化学,0007,TOPIX Small 2,20260630,https://www.jpx.co.jp/markets/statistics-equities/misc/tvdivq0000001vg2-att/data_j.xls,2026-07-10T23:26:35.886407+00:00
8030.T,8030,中央魚類,スタンダード（内国株式）,6050,卸売業,0013,商社・卸売,-,-,20260630,https://www.jpx.co.jp/markets/statistics-equities/misc/tvdivq0000001vg2-att/data_j.xls,2026-07-10T23:26:35.886407+00:00
8031.T,8031,三井物産,プライム（内国株式）,6050,卸売業,0013,商社・卸売,0001,TOPIX Core30,20260630,https://www.jpx.co.jp/markets/statistics-equities/misc/tvdivq0000001vg2-att/data_j.xls,2026-07-10T23:26:35.886407+00:00
8032.T,8032,日本紙パルプ商事,プライム（内国株式）,6050,卸売業,0013,商社・卸売,0007,TOPIX Small 2,20260630,https://www.jpx.co.jp/markets/statistics-equities/misc/tvdivq0000001vg2-att/data_j.xls,2026-07-10T23:26:35.886407+00:00
8035.T,8035,東京エレクトロン,プライム（内国株式）,3650,電気機器,0009,電機・精密,0001,TOPIX Core30,20260630,https://www.jpx.co.jp/markets/statistics-equities/misc/tvdivq0000001vg2-att/data_j.xls,2026-07-10T23:26:35.886407+00:00
8037.T,8037,カメイ,プライム（内国株式）,6050,卸売業,0013,商社・卸売,0007,TOPIX Small 2,20260630,https://www.jpx.co.jp/markets/statistics-equities/misc/tvdivq0000001vg2-att/data_j.xls,2026-07-10T23:26:35.886407+00:00
8039.T,8039,築地魚市場,スタンダード（内国株式）,6050,卸売業,0013,商社・卸売,-,-,20260630,https://www.jpx.co.jp/markets/statistics-equities/misc/tvdivq0000001vg2-att/data_j.xls,2026-07-10T23:26:35.886407+00:00
8040.T,8040,東京ソワール,スタンダード（内国株式）,3100,繊維製品,0004,素材・化学,-,-,20260630,https://www.jpx.co.jp/markets/statistics-equities/misc/tvdivq0000001vg2-att/data_j.xls,2026-07-10T23:26:35.886407+00:00
8041.T,8041,ＯＵＧホールディングス,スタンダード（内国株式）,6050,卸売業,0013,商社・卸売,-,-,20260630,https://www.jpx.co.jp/markets/statistics-equities/misc/tvdivq0000001vg2-att/data_j.xls,2026-07-10T23:26:35.886407+00:00
8043.T,8043,スターゼン,プライム（内国株式）,6050,卸売業,0013,商社・卸売,0007,TOPIX Small 2,20260630,https://www.jpx.co.jp/markets/statistics-equities/misc/tvdivq0000001vg2-att/data_j.xls,2026-07-10T23:26:35.886407+00:00
8045.T,8045,横浜丸魚,スタンダード（内国株式）,6050,卸売業,0013,商社・卸売,-,-,20260630,https://www.jpx.co.jp/markets/statistics-equities/misc/tvdivq0000001vg2-att/data_j.xls,2026-07-10T23:26:35.886407+00:00
8046.T,8046,丸藤シートパイル,スタンダード（内国株式）,6050,卸売業,0013,商社・卸売,-,-,20260630,https://www.jpx.co.jp/markets/statistics-equities/misc/tvdivq0000001vg2-att/data_j.xls,2026-07-10T23:26:35.886407+00:00
8050.T,8050,セイコーグループ,プライム（内国株式）,3750,精密機器,0009,電機・精密,0006,TOPIX Small 1,20260630,https://www.jpx.co.jp/markets/statistics-equities/misc/tvdivq0000001vg2-att/data_j.xls,2026-07-10T23:26:35.886407+00:00
8051.T,8051,山善,プライム（内国株式）,6050,卸売業,0013,商社・卸売,0006,TOPIX Small 1,20260630,https://www.jpx.co.jp/markets/statistics-equities/misc/tvdivq0000001vg2-att/data_j.xls,2026-07-10T23:26:35.886407+00:00
8052.T,8052,椿本興業,プライム（内国株式）,6050,卸売業,0013,商社・卸売,0007,TOPIX Small 2,20260630,https://www.jpx.co.jp/markets/statistics-equities/misc/tvdivq0000001vg2-att/data_j.xls,2026-07-10T23:26:35.886407+00:00
8053.T,8053,住友商事,プライム（内国株式）,6050,卸売業,0013,商社・卸売,0002,TOPIX Large70,20260630,https://www.jpx.co.jp/markets/statistics-equities/misc/tvdivq0000001vg2-att/data_j.xls,2026-07-10T23:26:35.886407+00:00
8056.T,8056,ＢＩＰＲＯＧＹ,プライム（内国株式）,5250,情報・通信業,0010,情報通信・サービスその他,0004,TOPIX Mid400,20260630,https://www.jpx.co.jp/markets/statistics-equities/misc/tvdivq0000001vg2-att/data_j.xls,2026-07-10T23:26:35.886407+00:00
8057.T,8057,内田洋行,プライム（内国株式）,6050,卸売業,0013,商社・卸売,0006,TOPIX Small 1,20260630,https://www.jpx.co.jp/markets/statistics-equities/misc/tvdivq0000001vg2-att/data_j.xls,2026-07-10T23:26:35.886407+00:00
8058.T,8058,三菱商事,プライム（内国株式）,6050,卸売業,0013,商社・卸売,0001,TOPIX Core30,20260630,https://www.jpx.co.jp/markets/statistics-equities/misc/tvdivq0000001vg2-att/data_j.xls,2026-07-10T23:26:35.886407+00:00
8059.T,8059,第一実業,プライム（内国株式）,6050,卸売業,0013,商社・卸売,0007,TOPIX Small 2,20260630,https://www.jpx.co.jp/markets/statistics-equities/misc/tvdivq0000001vg2-att/data_j.xls,2026-07-10T23:26:35.886407+00:00
8060.T,8060,キヤノンマーケティングジャパン,プライム（内国株式）,6050,卸売業,0013,商社・卸売,0004,TOPIX Mid400,20260630,https://www.jpx.co.jp/markets/statistics-equities/misc/tvdivq0000001vg2-att/data_j.xls,2026-07-10T23:26:35.886407+00:00
8061.T,8061,西華産業,プライム（内国株式）,6050,卸売業,0013,商社・卸売,0006,TOPIX Small 1,20260630,https://www.jpx.co.jp/markets/statistics-equities/misc/tvdivq0000001vg2-att/data_j.xls,2026-07-10T23:26:35.886407+00:00
8065.T,8065,佐藤商事,プライム（内国株式）,6050,卸売業,0013,商社・卸売,0007,TOPIX Small 2,20260630,https://www.jpx.co.jp/markets/statistics-equities/misc/tvdivq0000001vg2-att/data_j.xls,2026-07-10T23:26:35.886407+00:00
8066.T,8066,三谷商事,スタンダード（内国株式）,6050,卸売業,0013,商社・卸売,-,-,20260630,https://www.jpx.co.jp/markets/statistics-equities/misc/tvdivq0000001vg2-att/data_j.xls,2026-07-10T23:26:35.886407+00:00
8070.T,8070,東京産業,プライム（内国株式）,6050,卸売業,0013,商社・卸売,0007,TOPIX Small 2,20260630,https://www.jpx.co.jp/markets/statistics-equities/misc/tvdivq0000001vg2-att/data_j.xls,2026-07-10T23:26:35.886407+00:00
8074.T,8074,ＹＵＡＳＡ,プライム（内国株式）,6050,卸売業,0013,商社・卸売,0006,TOPIX Small 1,20260630,https://www.jpx.co.jp/markets/statistics-equities/misc/tvdivq0000001vg2-att/data_j.xls,2026-07-10T23:26:35.886407+00:00
8075.T,8075,神鋼商事,プライム（内国株式）,6050,卸売業,0013,商社・卸売,0007,TOPIX Small 2,20260630,https://www.jpx.co.jp/markets/statistics-equities/misc/tvdivq0000001vg2-att/data_j.xls,2026-07-10T23:26:35.886407+00:00
8076.T,8076,カノークス,スタンダード（内国株式）,6050,卸売業,0013,商社・卸売,-,-,20260630,https://www.jpx.co.jp/markets/statistics-equities/misc/tvdivq0000001vg2-att/data_j.xls,2026-07-10T23:26:35.886407+00:00
8077.T,8077,トルク,スタンダード（内国株式）,6050,卸売業,0013,商社・卸売,-,-,20260630,https://www.jpx.co.jp/markets/statistics-equities/misc/tvdivq0000001vg2-att/data_j.xls,2026-07-10T23:26:35.886407+00:00
8078.T,8078,阪和興業,プライム（内国株式）,6050,卸売業,0013,商社・卸売,0006,TOPIX Small 1,20260630,https://www.jpx.co.jp/markets/statistics-equities/misc/tvdivq0000001vg2-att/data_j.xls,2026-07-10T23:26:35.886407+00:00
8079.T,8079,正栄食品工業,プライム（内国株式）,6050,卸売業,0013,商社・卸売,0006,TOPIX Small 1,20260630,https://www.jpx.co.jp/markets/statistics-equities/misc/tvdivq0000001vg2-att/data_j.xls,2026-07-10T23:26:35.886407+00:00
8081.T,8081,カナデン,プライム（内国株式）,6050,卸売業,0013,商社・卸売,0007,TOPIX Small 2,20260630,https://www.jpx.co.jp/markets/statistics-equities/misc/tvdivq0000001vg2-att/data_j.xls,2026-07-10T23:26:35.886407+00:00
8084.T,8084,ＲＹＯＤＥＮ,プライム（内国株式）,6050,卸売業,0013,商社・卸売,0007,TOPIX Small 2,20260630,https://www.jpx.co.jp/markets/statistics-equities/misc/tvdivq0000001vg2-att/data_j.xls,2026-07-10T23:26:35.886407+00:00
8085.T,8085,ナラサキ産業,スタンダード（内国株式）,6050,卸売業,0013,商社・卸売,-,-,20260630,https://www.jpx.co.jp/markets/statistics-equities/misc/tvdivq0000001vg2-att/data_j.xls,2026-07-10T23:26:35.886407+00:00
8086.T,8086,ニプロ,プライム（内国株式）,3750,精密機器,0009,電機・精密,0004,TOPIX Mid400,20260630,https://www.jpx.co.jp/markets/statistics-equities/misc/tvdivq0000001vg2-att/data_j.xls,2026-07-10T23:26:35.886407+00:00
8088.T,8088,岩谷産業,プライム（内国株式）,6050,卸売業,0013,商社・卸売,0004,TOPIX Mid400,20260630,https://www.jpx.co.jp/markets/statistics-equities/misc/tvdivq0000001vg2-att/data_j.xls,2026-07-10T23:26:35.886407+00:00
8089.T,8089,ナイス,スタンダード（内国株式）,6050,卸売業,0013,商社・卸売,-,-,20260630,https://www.jpx.co.jp/markets/statistics-equities/misc/tvdivq0000001vg2-att/data_j.xls,2026-07-10T23:26:35.886407+00:00
8091.T,8091,ニチモウ,プライム（内国株式）,6050,卸売業,0013,商社・卸売,-,-,20260630,https://www.jpx.co.jp/markets/statistics-equities/misc/tvdivq0000001vg2-att/data_j.xls,2026-07-10T23:26:35.886407+00:00
8093.T,8093,極東貿易,プライム（内国株式）,6050,卸売業,0013,商社・卸売,0007,TOPIX Small 2,20260630,https://www.jpx.co.jp/markets/statistics-equities/misc/tvdivq0000001vg2-att/data_j.xls,2026-07-10T23:26:35.886407+00:00
8095.T,8095,アステナホールディングス,プライム（内国株式）,6050,卸売業,0013,商社・卸売,0007,TOPIX Small 2,20260630,https://www.jpx.co.jp/markets/statistics-equities/misc/tvdivq0000001vg2-att/data_j.xls,2026-07-10T23:26:35.886407+00:00
8097.T,8097,三愛オブリ,プライム（内国株式）,6050,卸売業,0013,商社・卸売,0006,TOPIX Small 1,20260630,https://www.jpx.co.jp/markets/statistics-equities/misc/tvdivq0000001vg2-att/data_j.xls,2026-07-10T23:26:35.886407+00:00
8098.T,8098,稲畑産業,プライム（内国株式）,6050,卸売業,0013,商社・卸売,0006,TOPIX Small 1,20260630,https://www.jpx.co.jp/markets/statistics-equities/misc/tvdivq0000001vg2-att/data_j.xls,2026-07-10T23:26:35.886407+00:00
8101.T,8101,ＧＳＩクレオス,プライム（内国株式）,6050,卸売業,0013,商社・卸売,0007,TOPIX Small 2,20260630,https://www.jpx.co.jp/markets/statistics-equities/misc/tvdivq0000001vg2-att/data_j.xls,2026-07-10T23:26:35.886407+00:00
8103.T,8103,明和産業,プライム（内国株式）,6050,卸売業,0013,商社・卸売,0007,TOPIX Small 2,20260630,https://www.jpx.co.jp/markets/statistics-equities/misc/tvdivq0000001vg2-att/data_j.xls,2026-07-10T23:26:35.886407+00:00
8104.T,8104,クワザワホールディングス,スタンダード（内国株式）,6050,卸売業,0013,商社・卸売,-,-,20260630,https://www.jpx.co.jp/markets/statistics-equities/misc/tvdivq0000001vg2-att/data_j.xls,2026-07-10T23:26:35.886407+00:00
8105.T,8105,Ｂｉｔｃｏｉｎ　Ｊａｐａｎ,スタンダード（内国株式）,6050,卸売業,0013,商社・卸売,-,-,20260630,https://www.jpx.co.jp/markets/statistics-equities/misc/tvdivq0000001vg2-att/data_j.xls,2026-07-10T23:26:35.886407+00:00
8107.T,8107,キムラタン,スタンダード（内国株式）,3100,繊維製品,0004,素材・化学,-,-,20260630,https://www.jpx.co.jp/markets/statistics-equities/misc/tvdivq0000001vg2-att/data_j.xls,2026-07-10T23:26:35.886407+00:00
8111.T,8111,ゴールドウイン,プライム（内国株式）,3100,繊維製品,0004,素材・化学,0004,TOPIX Mid400,20260630,https://www.jpx.co.jp/markets/statistics-equities/misc/tvdivq0000001vg2-att/data_j.xls,2026-07-10T23:26:35.886407+00:00
8113.T,8113,ユニ・チャーム,プライム（内国株式）,3200,化学,0004,素材・化学,0002,TOPIX Large70,20260630,https://www.jpx.co.jp/markets/statistics-equities/misc/tvdivq0000001vg2-att/data_j.xls,2026-07-10T23:26:35.886407+00:00
8115.T,8115,ムーンバット,スタンダード（内国株式）,6050,卸売業,0013,商社・卸売,-,-,20260630,https://www.jpx.co.jp/markets/statistics-equities/misc/tvdivq0000001vg2-att/data_j.xls,2026-07-10T23:26:35.886407+00:00
8117.T,8117,中央自動車工業,スタンダード（内国株式）,6050,卸売業,0013,商社・卸売,-,-,20260630,https://www.jpx.co.jp/markets/statistics-equities/misc/tvdivq0000001vg2-att/data_j.xls,2026-07-10T23:26:35.886407+00:00
8118.T,8118,キング,スタンダード（内国株式）,3100,繊維製品,0004,素材・化学,-,-,20260630,https://www.jpx.co.jp/markets/statistics-equities/misc/tvdivq0000001vg2-att/data_j.xls,2026-07-10T23:26:35.886407+00:00
8119.T,8119,三栄コーポレーション,スタンダード（内国株式）,6050,卸売業,0013,商社・卸売,-,-,20260630,https://www.jpx.co.jp/markets/statistics-equities/misc/tvdivq0000001vg2-att/data_j.xls,2026-07-10T23:26:35.886407+00:00
8123.T,8123,川辺,スタンダード（内国株式）,6050,卸売業,0013,商社・卸売,-,-,20260630,https://www.jpx.co.jp/markets/statistics-equities/misc/tvdivq0000001vg2-att/data_j.xls,2026-07-10T23:26:35.886407+00:00
8125.T,8125,ワキタ,プライム（内国株式）,6050,卸売業,0013,商社・卸売,0006,TOPIX Small 1,20260630,https://www.jpx.co.jp/markets/statistics-equities/misc/tvdivq0000001vg2-att/data_j.xls,2026-07-10T23:26:35.886407+00:00
8127.T,8127,ヤマトインターナショナル,スタンダード（内国株式）,3100,繊維製品,0004,素材・化学,-,-,20260630,https://www.jpx.co.jp/markets/statistics-equities/misc/tvdivq0000001vg2-att/data_j.xls,2026-07-10T23:26:35.886407+00:00
8129.T,8129,東邦ホールディングス,プライム（内国株式）,6050,卸売業,0013,商社・卸売,0004,TOPIX Mid400,20260630,https://www.jpx.co.jp/markets/statistics-equities/misc/tvdivq0000001vg2-att/data_j.xls,2026-07-10T23:26:35.886407+00:00
8130.T,8130,サンゲツ,プライム（内国株式）,6050,卸売業,0013,商社・卸売,0006,TOPIX Small 1,20260630,https://www.jpx.co.jp/markets/statistics-equities/misc/tvdivq0000001vg2-att/data_j.xls,2026-07-10T23:26:35.886407+00:00
8131.T,8131,ミツウロコグループホールディングス,スタンダード（内国株式）,6050,卸売業,0013,商社・卸売,0007,TOPIX Small 2,20260630,https://www.jpx.co.jp/markets/statistics-equities/misc/tvdivq0000001vg2-att/data_j.xls,2026-07-10T23:26:35.886407+00:00
8132.T,8132,シナネンホールディングス,プライム（内国株式）,6050,卸売業,0013,商社・卸売,0007,TOPIX Small 2,20260630,https://www.jpx.co.jp/markets/statistics-equities/misc/tvdivq0000001vg2-att/data_j.xls,2026-07-10T23:26:35.886407+00:00
8133.T,8133,伊藤忠エネクス,プライム（内国株式）,6050,卸売業,0013,商社・卸売,0006,TOPIX Small 1,20260630,https://www.jpx.co.jp/markets/statistics-equities/misc/tvdivq0000001vg2-att/data_j.xls,2026-07-10T23:26:35.886407+00:00
8135.T,8135,ゼット,スタンダード（内国株式）,6050,卸売業,0013,商社・卸売,-,-,20260630,https://www.jpx.co.jp/markets/statistics-equities/misc/tvdivq0000001vg2-att/data_j.xls,2026-07-10T23:26:35.886407+00:00
8136.T,8136,サンリオ,プライム（内国株式）,6050,卸売業,0013,商社・卸売,0004,TOPIX Mid400,20260630,https://www.jpx.co.jp/markets/statistics-equities/misc/tvdivq0000001vg2-att/data_j.xls,2026-07-10T23:26:35.886407+00:00
8137.T,8137,サンワテクノス,プライム（内国株式）,6050,卸売業,0013,商社・卸売,0007,TOPIX Small 2,20260630,https://www.jpx.co.jp/markets/statistics-equities/misc/tvdivq0000001vg2-att/data_j.xls,2026-07-10T23:26:35.886407+00:00
8138.T,8138,三京化成,スタンダード（内国株式）,6050,卸売業,0013,商社・卸売,-,-,20260630,https://www.jpx.co.jp/markets/statistics-equities/misc/tvdivq0000001vg2-att/data_j.xls,2026-07-10T23:26:35.886407+00:00
8139.T,8139,ナガホリ,スタンダード（内国株式）,6050,卸売業,0013,商社・卸売,-,-,20260630,https://www.jpx.co.jp/markets/statistics-equities/misc/tvdivq0000001vg2-att/data_j.xls,2026-07-10T23:26:35.886407+00:00
8141.T,8141,新光商事,プライム（内国株式）,6050,卸売業,0013,商社・卸売,0007,TOPIX Small 2,20260630,https://www.jpx.co.jp/markets/statistics-equities/misc/tvdivq0000001vg2-att/data_j.xls,2026-07-10T23:26:35.886407+00:00
8142.T,8142,トーホー,プライム（内国株式）,6050,卸売業,0013,商社・卸売,0007,TOPIX Small 2,20260630,https://www.jpx.co.jp/markets/statistics-equities/misc/tvdivq0000001vg2-att/data_j.xls,2026-07-10T23:26:35.886407+00:00
8143.T,8143,ラピーヌ,スタンダード（内国株式）,3100,繊維製品,0004,素材・化学,-,-,20260630,https://www.jpx.co.jp/markets/statistics-equities/misc/tvdivq0000001vg2-att/data_j.xls,2026-07-10T23:26:35.886407+00:00
8144.T,8144,デンキョーグループホールディングス,スタンダード（内国株式）,6050,卸売業,0013,商社・卸売,-,-,20260630,https://www.jpx.co.jp/markets/statistics-equities/misc/tvdivq0000001vg2-att/data_j.xls,2026-07-10T23:26:35.886407+00:00
8147.T,8147,トミタ,スタンダード（内国株式）,6050,卸売業,0013,商社・卸売,-,-,20260630,https://www.jpx.co.jp/markets/statistics-equities/misc/tvdivq0000001vg2-att/data_j.xls,2026-07-10T23:26:35.886407+00:00
8150.T,8150,三信電気,プライム（内国株式）,6050,卸売業,0013,商社・卸売,0007,TOPIX Small 2,20260630,https://www.jpx.co.jp/markets/statistics-equities/misc/tvdivq0000001vg2-att/data_j.xls,2026-07-10T23:26:35.886407+00:00
8151.T,8151,東陽テクニカ,プライム（内国株式）,6050,卸売業,0013,商社・卸売,0007,TOPIX Small 2,20260630,https://www.jpx.co.jp/markets/statistics-equities/misc/tvdivq0000001vg2-att/data_j.xls,2026-07-10T23:26:35.886407+00:00
8152.T,8152,ソマール,スタンダード（内国株式）,6050,卸売業,0013,商社・卸売,-,-,20260630,https://www.jpx.co.jp/markets/statistics-equities/misc/tvdivq0000001vg2-att/data_j.xls,2026-07-10T23:26:35.886407+00:00
8153.T,8153,モスフードサービス,プライム（内国株式）,6050,卸売業,0013,商社・卸売,0006,TOPIX Small 1,20260630,https://www.jpx.co.jp/markets/statistics-equities/misc/tvdivq0000001vg2-att/data_j.xls,2026-07-10T23:26:35.886407+00:00
8154.T,8154,加賀電子,プライム（内国株式）,6050,卸売業,0013,商社・卸売,0006,TOPIX Small 1,20260630,https://www.jpx.co.jp/markets/statistics-equities/misc/tvdivq0000001vg2-att/data_j.xls,2026-07-10T23:26:35.886407+00:00
8157.T,8157,都築電気,プライム（内国株式）,5250,情報・通信業,0010,情報通信・サービスその他,0007,TOPIX Small 2,20260630,https://www.jpx.co.jp/markets/statistics-equities/misc/tvdivq0000001vg2-att/data_j.xls,2026-07-10T23:26:35.886407+00:00
8158.T,8158,ソーダニッカ,プライム（内国株式）,6050,卸売業,0013,商社・卸売,0007,TOPIX Small 2,20260630,https://www.jpx.co.jp/markets/statistics-equities/misc/tvdivq0000001vg2-att/data_j.xls,2026-07-10T23:26:35.886407+00:00
8159.T,8159,立花エレテック,プライム（内国株式）,6050,卸売業,0013,商社・卸売,0007,TOPIX Small 2,20260630,https://www.jpx.co.jp/markets/statistics-equities/misc/tvdivq0000001vg2-att/data_j.xls,2026-07-10T23:26:35.886407+00:00
8160.T,8160,木曽路,プライム（内国株式）,6100,小売業,0014,小売,0006,TOPIX Small 1,20260630,https://www.jpx.co.jp/markets/statistics-equities/misc/tvdivq0000001vg2-att/data_j.xls,2026-07-10T23:26:35.886407+00:00
8163.T,8163,ＳＲＳホールディングス,プライム（内国株式）,6100,小売業,0014,小売,0007,TOPIX Small 2,20260630,https://www.jpx.co.jp/markets/statistics-equities/misc/tvdivq0000001vg2-att/data_j.xls,2026-07-10T23:26:35.886407+00:00
8165.T,8165,千趣会,スタンダード（内国株式）,6100,小売業,0014,小売,0007,TOPIX Small 2,20260630,https://www.jpx.co.jp/markets/statistics-equities/misc/tvdivq0000001vg2-att/data_j.xls,2026-07-10T23:26:35.886407+00:00
8166.T,8166,タカキュー,スタンダード（内国株式）,6100,小売業,0014,小売,-,-,20260630,https://www.jpx.co.jp/markets/statistics-equities/misc/tvdivq0000001vg2-att/data_j.xls,2026-07-10T23:26:35.886407+00:00
8167.T,8167,リテールパートナーズ,プライム（内国株式）,6100,小売業,0014,小売,0007,TOPIX Small 2,20260630,https://www.jpx.co.jp/markets/statistics-equities/misc/tvdivq0000001vg2-att/data_j.xls,2026-07-10T23:26:35.886407+00:00
8173.T,8173,Ｊｏｓｈｉｎ,プライム（内国株式）,6100,小売業,0014,小売,0006,TOPIX Small 1,20260630,https://www.jpx.co.jp/markets/statistics-equities/misc/tvdivq0000001vg2-att/data_j.xls,2026-07-10T23:26:35.886407+00:00
8174.T,8174,日本瓦斯,プライム（内国株式）,6100,小売業,0014,小売,0004,TOPIX Mid400,20260630,https://www.jpx.co.jp/markets/statistics-equities/misc/tvdivq0000001vg2-att/data_j.xls,2026-07-10T23:26:35.886407+00:00
8179.T,8179,ロイヤルホールディングス,プライム（内国株式）,6100,小売業,0014,小売,0006,TOPIX Small 1,20260630,https://www.jpx.co.jp/markets/statistics-equities/misc/tvdivq0000001vg2-att/data_j.xls,2026-07-10T23:26:35.886407+00:00
8181.T,8181,東天紅,スタンダード（内国株式）,6100,小売業,0014,小売,-,-,20260630,https://www.jpx.co.jp/markets/statistics-equities/misc/tvdivq0000001vg2-att/data_j.xls,2026-07-10T23:26:35.886407+00:00
8185.T,8185,チヨダ,プライム（内国株式）,6100,小売業,0014,小売,0007,TOPIX Small 2,20260630,https://www.jpx.co.jp/markets/statistics-equities/misc/tvdivq0000001vg2-att/data_j.xls,2026-07-10T23:26:35.886407+00:00
8194.T,8194,ライフコーポレーション,プライム（内国株式）,6100,小売業,0014,小売,0006,TOPIX Small 1,20260630,https://www.jpx.co.jp/markets/statistics-equities/misc/tvdivq0000001vg2-att/data_j.xls,2026-07-10T23:26:35.886407+00:00
8198.T,8198,マックスバリュ東海,スタンダード（内国株式）,6100,小売業,0014,小売,-,-,20260630,https://www.jpx.co.jp/markets/statistics-equities/misc/tvdivq0000001vg2-att/data_j.xls,2026-07-10T23:26:35.886407+00:00
8200.T,8200,リンガーハット,プライム（内国株式）,6100,小売業,0014,小売,0006,TOPIX Small 1,20260630,https://www.jpx.co.jp/markets/statistics-equities/misc/tvdivq0000001vg2-att/data_j.xls,2026-07-10T23:26:35.886407+00:00
8202.T,8202,ラオックスホールディングス,スタンダード（内国株式）,6100,小売業,0014,小売,-,-,20260630,https://www.jpx.co.jp/markets/statistics-equities/misc/tvdivq0000001vg2-att/data_j.xls,2026-07-10T23:26:35.886407+00:00
8203.T,8203,ＭｒＭａｘＨＤ,プライム（内国株式）,6100,小売業,0014,小売,0007,TOPIX Small 2,20260630,https://www.jpx.co.jp/markets/statistics-equities/misc/tvdivq0000001vg2-att/data_j.xls,2026-07-10T23:26:35.886407+00:00
8207.T,8207,テンアライド,スタンダード（内国株式）,6100,小売業,0014,小売,-,-,20260630,https://www.jpx.co.jp/markets/statistics-equities/misc/tvdivq0000001vg2-att/data_j.xls,2026-07-10T23:26:35.886407+00:00
8214.T,8214,ＡＯＫＩホールディングス,プライム（内国株式）,6100,小売業,0014,小売,0006,TOPIX Small 1,20260630,https://www.jpx.co.jp/markets/statistics-equities/misc/tvdivq0000001vg2-att/data_j.xls,2026-07-10T23:26:35.886407+00:00
8217.T,8217,オークワ,プライム（内国株式）,6100,小売業,0014,小売,0007,TOPIX Small 2,20260630,https://www.jpx.co.jp/markets/statistics-equities/misc/tvdivq0000001vg2-att/data_j.xls,2026-07-10T23:26:35.886407+00:00
8218.T,8218,コメリ,プライム（内国株式）,6100,小売業,0014,小売,0006,TOPIX Small 1,20260630,https://www.jpx.co.jp/markets/statistics-equities/misc/tvdivq0000001vg2-att/data_j.xls,2026-07-10T23:26:35.886407+00:00
8219.T,8219,青山商事,プライム（内国株式）,6100,小売業,0014,小売,0006,TOPIX Small 1,20260630,https://www.jpx.co.jp/markets/statistics-equities/misc/tvdivq0000001vg2-att/data_j.xls,2026-07-10T23:26:35.886407+00:00
8225.T,8225,タカチホ,スタンダード（内国株式）,6050,卸売業,0013,商社・卸売,-,-,20260630,https://www.jpx.co.jp/markets/statistics-equities/misc/tvdivq0000001vg2-att/data_j.xls,2026-07-10T23:26:35.886407+00:00
8226.T,8226,理経,スタンダード（内国株式）,6050,卸売業,0013,商社・卸売,-,-,20260630,https://www.jpx.co.jp/markets/statistics-equities/misc/tvdivq0000001vg2-att/data_j.xls,2026-07-10T23:26:35.886407+00:00
8227.T,8227,しまむら,プライム（内国株式）,6100,小売業,0014,小売,0004,TOPIX Mid400,20260630,https://www.jpx.co.jp/markets/statistics-equities/misc/tvdivq0000001vg2-att/data_j.xls,2026-07-10T23:26:35.886407+00:00
8230.T,8230,はせがわ,スタンダード（内国株式）,6100,小売業,0014,小売,-,-,20260630,https://www.jpx.co.jp/markets/statistics-equities/misc/tvdivq0000001vg2-att/data_j.xls,2026-07-10T23:26:35.886407+00:00
8233.T,8233,高島屋,プライム（内国株式）,6100,小売業,0014,小売,0004,TOPIX Mid400,20260630,https://www.jpx.co.jp/markets/statistics-equities/misc/tvdivq0000001vg2-att/data_j.xls,2026-07-10T23:26:35.886407+00:00
8237.T,8237,松屋,プライム（内国株式）,6100,小売業,0014,小売,0006,TOPIX Small 1,20260630,https://www.jpx.co.jp/markets/statistics-equities/misc/tvdivq0000001vg2-att/data_j.xls,2026-07-10T23:26:35.886407+00:00
8242.T,8242,エイチ・ツー・オー　リテイリング,プライム（内国株式）,6100,小売業,0014,小売,0004,TOPIX Mid400,20260630,https://www.jpx.co.jp/markets/statistics-equities/misc/tvdivq0000001vg2-att/data_j.xls,2026-07-10T23:26:35.886407+00:00
8244.T,8244,近鉄百貨店,スタンダード（内国株式）,6100,小売業,0014,小売,0007,TOPIX Small 2,20260630,https://www.jpx.co.jp/markets/statistics-equities/misc/tvdivq0000001vg2-att/data_j.xls,2026-07-10T23:26:35.886407+00:00
8247.T,8247,大和,スタンダード（内国株式）,6100,小売業,0014,小売,-,-,20260630,https://www.jpx.co.jp/markets/statistics-equities/misc/tvdivq0000001vg2-att/data_j.xls,2026-07-10T23:26:35.886407+00:00
8252.T,8252,丸井グループ,プライム（内国株式）,6100,小売業,0014,小売,0004,TOPIX Mid400,20260630,https://www.jpx.co.jp/markets/statistics-equities/misc/tvdivq0000001vg2-att/data_j.xls,2026-07-10T23:26:35.886407+00:00
8253.T,8253,クレディセゾン,プライム（内国株式）,7200,その他金融業,0016,金融（除く銀行）,0004,TOPIX Mid400,20260630,https://www.jpx.co.jp/markets/statistics-equities/misc/tvdivq0000001vg2-att/data_j.xls,2026-07-10T23:26:35.886407+00:00
8254.T,8254,さいか屋,スタンダード（内国株式）,6100,小売業,0014,小売,-,-,20260630,https://www.jpx.co.jp/markets/statistics-equities/misc/tvdivq0000001vg2-att/data_j.xls,2026-07-10T23:26:35.886407+00:00
8255.T,8255,アクシアル　リテイリング,プライム（内国株式）,6100,小売業,0014,小売,0007,TOPIX Small 2,20260630,https://www.jpx.co.jp/markets/statistics-equities/misc/tvdivq0000001vg2-att/data_j.xls,2026-07-10T23:26:35.886407+00:00
8260.T,8260,井筒屋,スタンダード（内国株式）,6100,小売業,0014,小売,-,-,20260630,https://www.jpx.co.jp/markets/statistics-equities/misc/tvdivq0000001vg2-att/data_j.xls,2026-07-10T23:26:35.886407+00:00
8267.T,8267,イオン,プライム（内国株式）,6100,小売業,0014,小売,0002,TOPIX Large70,20260630,https://www.jpx.co.jp/markets/statistics-equities/misc/tvdivq0000001vg2-att/data_j.xls,2026-07-10T23:26:35.886407+00:00
8273.T,8273,イズミ,プライム（内国株式）,6100,小売業,0014,小売,0006,TOPIX Small 1,20260630,https://www.jpx.co.jp/markets/statistics-equities/misc/tvdivq0000001vg2-att/data_j.xls,2026-07-10T23:26:35.886407+00:00
8275.T,8275,フォーバル,スタンダード（内国株式）,6050,卸売業,0013,商社・卸売,0007,TOPIX Small 2,20260630,https://www.jpx.co.jp/markets/statistics-equities/misc/tvdivq0000001vg2-att/data_j.xls,2026-07-10T23:26:35.886407+00:00
8276.T,8276,平和堂,プライム（内国株式）,6100,小売業,0014,小売,0006,TOPIX Small 1,20260630,https://www.jpx.co.jp/markets/statistics-equities/misc/tvdivq0000001vg2-att/data_j.xls,2026-07-10T23:26:35.886407+00:00
8278.T,8278,フジ,プライム（内国株式）,6100,小売業,0014,小売,0006,TOPIX Small 1,20260630,https://www.jpx.co.jp/markets/statistics-equities/misc/tvdivq0000001vg2-att/data_j.xls,2026-07-10T23:26:35.886407+00:00
8281.T,8281,ゼビオホールディングス,プライム（内国株式）,6100,小売業,0014,小売,0006,TOPIX Small 1,20260630,https://www.jpx.co.jp/markets/statistics-equities/misc/tvdivq0000001vg2-att/data_j.xls,2026-07-10T23:26:35.886407+00:00
8282.T,8282,ケーズホールディングス,プライム（内国株式）,6100,小売業,0014,小売,0004,TOPIX Mid400,20260630,https://www.jpx.co.jp/markets/statistics-equities/misc/tvdivq0000001vg2-att/data_j.xls,2026-07-10T23:26:35.886407+00:00
8283.T,8283,ＰＡＬＴＡＣ,プライム（内国株式）,6050,卸売業,0013,商社・卸売,0004,TOPIX Mid400,20260630,https://www.jpx.co.jp/markets/statistics-equities/misc/tvdivq0000001vg2-att/data_j.xls,2026-07-10T23:26:35.886407+00:00
8285.T,8285,三谷産業,スタンダード（内国株式）,6050,卸売業,0013,商社・卸売,0007,TOPIX Small 2,20260630,https://www.jpx.co.jp/markets/statistics-equities/misc/tvdivq0000001vg2-att/data_j.xls,2026-07-10T23:26:35.886407+00:00
8291.T,8291,日産東京販売ホールディングス,スタンダード（内国株式）,6100,小売業,0014,小売,-,-,20260630,https://www.jpx.co.jp/markets/statistics-equities/misc/tvdivq0000001vg2-att/data_j.xls,2026-07-10T23:26:35.886407+00:00
8301.T,8301,日本銀行　出資証券,出資証券,-,-,-,-,-,-,20260630,https://www.jpx.co.jp/markets/statistics-equities/misc/tvdivq0000001vg2-att/data_j.xls,2026-07-10T23:26:35.886407+00:00
8303.T,8303,ＳＢＩ新生銀行,プライム（内国株式）,7050,銀行業,0015,銀行,0004,TOPIX Mid400,20260630,https://www.jpx.co.jp/markets/statistics-equities/misc/tvdivq0000001vg2-att/data_j.xls,2026-07-10T23:26:35.886407+00:00
8304.T,8304,あおぞら銀行,プライム（内国株式）,7050,銀行業,0015,銀行,0004,TOPIX Mid400,20260630,https://www.jpx.co.jp/markets/statistics-equities/misc/tvdivq0000001vg2-att/data_j.xls,2026-07-10T23:26:35.886407+00:00
8306.T,8306,三菱ＵＦＪフィナンシャル・グループ,プライム（内国株式）,7050,銀行業,0015,銀行,0001,TOPIX Core30,20260630,https://www.jpx.co.jp/markets/statistics-equities/misc/tvdivq0000001vg2-att/data_j.xls,2026-07-10T23:26:35.886407+00:00
8308.T,8308,りそなホールディングス,プライム（内国株式）,7050,銀行業,0015,銀行,0002,TOPIX Large70,20260630,https://www.jpx.co.jp/markets/statistics-equities/misc/tvdivq0000001vg2-att/data_j.xls,2026-07-10T23:26:35.886407+00:00
8309.T,8309,三井住友トラストグループ,プライム（内国株式）,7050,銀行業,0015,銀行,0002,TOPIX Large70,20260630,https://www.jpx.co.jp/markets/statistics-equities/misc/tvdivq0000001vg2-att/data_j.xls,2026-07-10T23:26:35.886407+00:00
8316.T,8316,三井住友フィナンシャルグループ,プライム（内国株式）,7050,銀行業,0015,銀行,0001,TOPIX Core30,20260630,https://www.jpx.co.jp/markets/statistics-equities/misc/tvdivq0000001vg2-att/data_j.xls,2026-07-10T23:26:35.886407+00:00
8331.T,8331,千葉銀行,プライム（内国株式）,7050,銀行業,0015,銀行,0004,TOPIX Mid400,20260630,https://www.jpx.co.jp/markets/statistics-equities/misc/tvdivq0000001vg2-att/data_j.xls,2026-07-10T23:26:35.886407+00:00
8334.T,8334,群馬銀行,プライム（内国株式）,7050,銀行業,0015,銀行,0004,TOPIX Mid400,20260630,https://www.jpx.co.jp/markets/statistics-equities/misc/tvdivq0000001vg2-att/data_j.xls,2026-07-10T23:26:35.886407+00:00
8336.T,8336,武蔵野銀行,プライム（内国株式）,7050,銀行業,0015,銀行,0006,TOPIX Small 1,20260630,https://www.jpx.co.jp/markets/statistics-equities/misc/tvdivq0000001vg2-att/data_j.xls,2026-07-10T23:26:35.886407+00:00
8337.T,8337,千葉興業銀行,プライム（内国株式）,7050,銀行業,0015,銀行,0006,TOPIX Small 1,20260630,https://www.jpx.co.jp/markets/statistics-equities/misc/tvdivq0000001vg2-att/data_j.xls,2026-07-10T23:26:35.886407+00:00
8338.T,8338,筑波銀行,プライム（内国株式）,7050,銀行業,0015,銀行,0007,TOPIX Small 2,20260630,https://www.jpx.co.jp/markets/statistics-equities/misc/tvdivq0000001vg2-att/data_j.xls,2026-07-10T23:26:35.886407+00:00
8341.T,8341,七十七銀行,プライム（内国株式）,7050,銀行業,0015,銀行,0004,TOPIX Mid400,20260630,https://www.jpx.co.jp/markets/statistics-equities/misc/tvdivq0000001vg2-att/data_j.xls,2026-07-10T23:26:35.886407+00:00
8343.T,8343,秋田銀行,プライム（内国株式）,7050,銀行業,0015,銀行,0007,TOPIX Small 2,20260630,https://www.jpx.co.jp/markets/statistics-equities/misc/tvdivq0000001vg2-att/data_j.xls,2026-07-10T23:26:35.886407+00:00
8344.T,8344,山形銀行,プライム（内国株式）,7050,銀行業,0015,銀行,0007,TOPIX Small 2,20260630,https://www.jpx.co.jp/markets/statistics-equities/misc/tvdivq0000001vg2-att/data_j.xls,2026-07-10T23:26:35.886407+00:00
8345.T,8345,岩手銀行,プライム（内国株式）,7050,銀行業,0015,銀行,0007,TOPIX Small 2,20260630,https://www.jpx.co.jp/markets/statistics-equities/misc/tvdivq0000001vg2-att/data_j.xls,2026-07-10T23:26:35.886407+00:00
8346.T,8346,東邦銀行,プライム（内国株式）,7050,銀行業,0015,銀行,0006,TOPIX Small 1,20260630,https://www.jpx.co.jp/markets/statistics-equities/misc/tvdivq0000001vg2-att/data_j.xls,2026-07-10T23:26:35.886407+00:00
8349.T,8349,東北銀行,スタンダード（内国株式）,7050,銀行業,0015,銀行,-,-,20260630,https://www.jpx.co.jp/markets/statistics-equities/misc/tvdivq0000001vg2-att/data_j.xls,2026-07-10T23:26:35.886407+00:00
8354.T,8354,ふくおかフィナンシャルグループ,プライム（内国株式）,7050,銀行業,0015,銀行,0004,TOPIX Mid400,20260630,https://www.jpx.co.jp/markets/statistics-equities/misc/tvdivq0000001vg2-att/data_j.xls,2026-07-10T23:26:35.886407+00:00
8358.T,8358,スルガ銀行,プライム（内国株式）,7050,銀行業,0015,銀行,0006,TOPIX Small 1,20260630,https://www.jpx.co.jp/markets/statistics-equities/misc/tvdivq0000001vg2-att/data_j.xls,2026-07-10T23:26:35.886407+00:00
8359.T,8359,八十二長野銀行,プライム（内国株式）,7050,銀行業,0015,銀行,0004,TOPIX Mid400,20260630,https://www.jpx.co.jp/markets/statistics-equities/misc/tvdivq0000001vg2-att/data_j.xls,2026-07-10T23:26:35.886407+00:00
8360.T,8360,山梨中央銀行,プライム（内国株式）,7050,銀行業,0015,銀行,0006,TOPIX Small 1,20260630,https://www.jpx.co.jp/markets/statistics-equities/misc/tvdivq0000001vg2-att/data_j.xls,2026-07-10T23:26:35.886407+00:00
8361.T,8361,大垣共立銀行,プライム（内国株式）,7050,銀行業,0015,銀行,0006,TOPIX Small 1,20260630,https://www.jpx.co.jp/markets/statistics-equities/misc/tvdivq0000001vg2-att/data_j.xls,2026-07-10T23:26:35.886407+00:00
8362.T,8362,福井銀行,プライム（内国株式）,7050,銀行業,0015,銀行,0007,TOPIX Small 2,20260630,https://www.jpx.co.jp/markets/statistics-equities/misc/tvdivq0000001vg2-att/data_j.xls,2026-07-10T23:26:35.886407+00:00
8364.T,8364,清水銀行,プライム（内国株式）,7050,銀行業,0015,銀行,0007,TOPIX Small 2,20260630,https://www.jpx.co.jp/markets/statistics-equities/misc/tvdivq0000001vg2-att/data_j.xls,2026-07-10T23:26:35.886407+00:00
8365.T,8365,富山銀行,スタンダード（内国株式）,7050,銀行業,0015,銀行,-,-,20260630,https://www.jpx.co.jp/markets/statistics-equities/misc/tvdivq0000001vg2-att/data_j.xls,2026-07-10T23:26:35.886407+00:00
8366.T,8366,滋賀銀行,プライム（内国株式）,7050,銀行業,0015,銀行,0006,TOPIX Small 1,20260630,https://www.jpx.co.jp/markets/statistics-equities/misc/tvdivq0000001vg2-att/data_j.xls,2026-07-10T23:26:35.886407+00:00
8367.T,8367,南都銀行,プライム（内国株式）,7050,銀行業,0015,銀行,0006,TOPIX Small 1,20260630,https://www.jpx.co.jp/markets/statistics-equities/misc/tvdivq0000001vg2-att/data_j.xls,2026-07-10T23:26:35.886407+00:00
8368.T,8368,百五銀行,プライム（内国株式）,7050,銀行業,0015,銀行,0006,TOPIX Small 1,20260630,https://www.jpx.co.jp/markets/statistics-equities/misc/tvdivq0000001vg2-att/data_j.xls,2026-07-10T23:26:35.886407+00:00
8370.T,8370,紀陽銀行,プライム（内国株式）,7050,銀行業,0015,銀行,0006,TOPIX Small 1,20260630,https://www.jpx.co.jp/markets/statistics-equities/misc/tvdivq0000001vg2-att/data_j.xls,2026-07-10T23:26:35.886407+00:00
8377.T,8377,ほくほくフィナンシャルグループ,プライム（内国株式）,7050,銀行業,0015,銀行,0004,TOPIX Mid400,20260630,https://www.jpx.co.jp/markets/statistics-equities/misc/tvdivq0000001vg2-att/data_j.xls,2026-07-10T23:26:35.886407+00:00
8381.T,8381,山陰合同銀行,プライム（内国株式）,7050,銀行業,0015,銀行,0006,TOPIX Small 1,20260630,https://www.jpx.co.jp/markets/statistics-equities/misc/tvdivq0000001vg2-att/data_j.xls,2026-07-10T23:26:35.886407+00:00
8383.T,8383,鳥取銀行,スタンダード（内国株式）,7050,銀行業,0015,銀行,-,-,20260630,https://www.jpx.co.jp/markets/statistics-equities/misc/tvdivq0000001vg2-att/data_j.xls,2026-07-10T23:26:35.886407+00:00
8386.T,8386,百十四銀行,プライム（内国株式）,7050,銀行業,0015,銀行,0006,TOPIX Small 1,20260630,https://www.jpx.co.jp/markets/statistics-equities/misc/tvdivq0000001vg2-att/data_j.xls,2026-07-10T23:26:35.886407+00:00
8387.T,8387,四国銀行,プライム（内国株式）,7050,銀行業,0015,銀行,0007,TOPIX Small 2,20260630,https://www.jpx.co.jp/markets/statistics-equities/misc/tvdivq0000001vg2-att/data_j.xls,2026-07-10T23:26:35.886407+00:00
8388.T,8388,阿波銀行,プライム（内国株式）,7050,銀行業,0015,銀行,0006,TOPIX Small 1,20260630,https://www.jpx.co.jp/markets/statistics-equities/misc/tvdivq0000001vg2-att/data_j.xls,2026-07-10T23:26:35.886407+00:00
8392.T,8392,大分銀行,プライム（内国株式）,7050,銀行業,0015,銀行,0007,TOPIX Small 2,20260630,https://www.jpx.co.jp/markets/statistics-equities/misc/tvdivq0000001vg2-att/data_j.xls,2026-07-10T23:26:35.886407+00:00
8393.T,8393,宮崎銀行,プライム（内国株式）,7050,銀行業,0015,銀行,0007,TOPIX Small 2,20260630,https://www.jpx.co.jp/markets/statistics-equities/misc/tvdivq0000001vg2-att/data_j.xls,2026-07-10T23:26:35.886407+00:00
8395.T,8395,佐賀銀行,プライム（内国株式）,7050,銀行業,0015,銀行,0007,TOPIX Small 2,20260630,https://www.jpx.co.jp/markets/statistics-equities/misc/tvdivq0000001vg2-att/data_j.xls,2026-07-10T23:26:35.886407+00:00
8399.T,8399,琉球銀行,プライム（内国株式）,7050,銀行業,0015,銀行,0006,TOPIX Small 1,20260630,https://www.jpx.co.jp/markets/statistics-equities/misc/tvdivq0000001vg2-att/data_j.xls,2026-07-10T23:26:35.886407+00:00
8410.T,8410,セブン銀行,プライム（内国株式）,7050,銀行業,0015,銀行,0004,TOPIX Mid400,20260630,https://www.jpx.co.jp/markets/statistics-equities/misc/tvdivq0000001vg2-att/data_j.xls,2026-07-10T23:26:35.886407+00:00
8411.T,8411,みずほフィナンシャルグループ,プライム（内国株式）,7050,銀行業,0015,銀行,0001,TOPIX Core30,20260630,https://www.jpx.co.jp/markets/statistics-equities/misc/tvdivq0000001vg2-att/data_j.xls,2026-07-10T23:26:35.886407+00:00
8416.T,8416,高知銀行,スタンダード（内国株式）,7050,銀行業,0015,銀行,-,-,20260630,https://www.jpx.co.jp/markets/statistics-equities/misc/tvdivq0000001vg2-att/data_j.xls,2026-07-10T23:26:35.886407+00:00
8418.T,8418,山口フィナンシャルグループ,プライム（内国株式）,7050,銀行業,0015,銀行,0004,TOPIX Mid400,20260630,https://www.jpx.co.jp/markets/statistics-equities/misc/tvdivq0000001vg2-att/data_j.xls,2026-07-10T23:26:35.886407+00:00
8421.T,8421,信金中央金庫　優先出資証券,出資証券,-,-,-,-,-,-,20260630,https://www.jpx.co.jp/markets/statistics-equities/misc/tvdivq0000001vg2-att/data_j.xls,2026-07-10T23:26:35.886407+00:00
8424.T,8424,芙蓉総合リース,プライム（内国株式）,7200,その他金融業,0016,金融（除く銀行）,0004,TOPIX Mid400,20260630,https://www.jpx.co.jp/markets/statistics-equities/misc/tvdivq0000001vg2-att/data_j.xls,2026-07-10T23:26:35.886407+00:00
8425.T,8425,みずほリース,プライム（内国株式）,7200,その他金融業,0016,金融（除く銀行）,0006,TOPIX Small 1,20260630,https://www.jpx.co.jp/markets/statistics-equities/misc/tvdivq0000001vg2-att/data_j.xls,2026-07-10T23:26:35.886407+00:00
8439.T,8439,東京センチュリー,プライム（内国株式）,7200,その他金融業,0016,金融（除く銀行）,0004,TOPIX Mid400,20260630,https://www.jpx.co.jp/markets/statistics-equities/misc/tvdivq0000001vg2-att/data_j.xls,2026-07-10T23:26:35.886407+00:00
8473.T,8473,ＳＢＩホールディングス,プライム（内国株式）,7100,証券、商品先物取引業,0016,金融（除く銀行）,0004,TOPIX Mid400,20260630,https://www.jpx.co.jp/markets/statistics-equities/misc/tvdivq0000001vg2-att/data_j.xls,2026-07-10T23:26:35.886407+00:00
8508.T,8508,Ｊトラスト,スタンダード（内国株式）,7200,その他金融業,0016,金融（除く銀行）,-,-,20260630,https://www.jpx.co.jp/markets/statistics-equities/misc/tvdivq0000001vg2-att/data_j.xls,2026-07-10T23:26:35.886407+00:00
8511.T,8511,日本証券金融,プライム（内国株式）,7200,その他金融業,0016,金融（除く銀行）,0006,TOPIX Small 1,20260630,https://www.jpx.co.jp/markets/statistics-equities/misc/tvdivq0000001vg2-att/data_j.xls,2026-07-10T23:26:35.886407+00:00
8518.T,8518,日本アジア投資,スタンダード（内国株式）,7100,証券、商品先物取引業,0016,金融（除く銀行）,-,-,20260630,https://www.jpx.co.jp/markets/statistics-equities/misc/tvdivq0000001vg2-att/data_j.xls,2026-07-10T23:26:35.886407+00:00
8522.T,8522,名古屋銀行,プライム（内国株式）,7050,銀行業,0015,銀行,0006,TOPIX Small 1,20260630,https://www.jpx.co.jp/markets/statistics-equities/misc/tvdivq0000001vg2-att/data_j.xls,2026-07-10T23:26:35.886407+00:00
8524.T,8524,北洋銀行,プライム（内国株式）,7050,銀行業,0015,銀行,0006,TOPIX Small 1,20260630,https://www.jpx.co.jp/markets/statistics-equities/misc/tvdivq0000001vg2-att/data_j.xls,2026-07-10T23:26:35.886407+00:00
8537.T,8537,大光銀行,スタンダード（内国株式）,7050,銀行業,0015,銀行,-,-,20260630,https://www.jpx.co.jp/markets/statistics-equities/misc/tvdivq0000001vg2-att/data_j.xls,2026-07-10T23:26:35.886407+00:00
8541.T,8541,愛媛銀行,プライム（内国株式）,7050,銀行業,0015,銀行,0007,TOPIX Small 2,20260630,https://www.jpx.co.jp/markets/statistics-equities/misc/tvdivq0000001vg2-att/data_j.xls,2026-07-10T23:26:35.886407+00:00
8542.T,8542,トマト銀行,スタンダード（内国株式）,7050,銀行業,0015,銀行,-,-,20260630,https://www.jpx.co.jp/markets/statistics-equities/misc/tvdivq0000001vg2-att/data_j.xls,2026-07-10T23:26:35.886407+00:00
8544.T,8544,京葉銀行,プライム（内国株式）,7050,銀行業,0015,銀行,0006,TOPIX Small 1,20260630,https://www.jpx.co.jp/markets/statistics-equities/misc/tvdivq0000001vg2-att/data_j.xls,2026-07-10T23:26:35.886407+00:00
8550.T,8550,栃木銀行,プライム（内国株式）,7050,銀行業,0015,銀行,0007,TOPIX Small 2,20260630,https://www.jpx.co.jp/markets/statistics-equities/misc/tvdivq0000001vg2-att/data_j.xls,2026-07-10T23:26:35.886407+00:00
8551.T,8551,北日本銀行,プライム（内国株式）,7050,銀行業,0015,銀行,0007,TOPIX Small 2,20260630,https://www.jpx.co.jp/markets/statistics-equities/misc/tvdivq0000001vg2-att/data_j.xls,2026-07-10T23:26:35.886407+00:00
8558.T,8558,東和銀行,プライム（内国株式）,7050,銀行業,0015,銀行,0007,TOPIX Small 2,20260630,https://www.jpx.co.jp/markets/statistics-equities/misc/tvdivq0000001vg2-att/data_j.xls,2026-07-10T23:26:35.886407+00:00
8562.T,8562,福島銀行,スタンダード（内国株式）,7050,銀行業,0015,銀行,-,-,20260630,https://www.jpx.co.jp/markets/statistics-equities/misc/tvdivq0000001vg2-att/data_j.xls,2026-07-10T23:26:35.886407+00:00
8563.T,8563,大東銀行,スタンダード（内国株式）,7050,銀行業,0015,銀行,-,-,20260630,https://www.jpx.co.jp/markets/statistics-equities/misc/tvdivq0000001vg2-att/data_j.xls,2026-07-10T23:26:35.886407+00:00
8566.T,8566,リコーリース,プライム（内国株式）,7200,その他金融業,0016,金融（除く銀行）,0006,TOPIX Small 1,20260630,https://www.jpx.co.jp/markets/statistics-equities/misc/tvdivq0000001vg2-att/data_j.xls,2026-07-10T23:26:35.886407+00:00
8570.T,8570,イオンフィナンシャルサービス,プライム（内国株式）,7200,その他金融業,0016,金融（除く銀行）,0004,TOPIX Mid400,20260630,https://www.jpx.co.jp/markets/statistics-equities/misc/tvdivq0000001vg2-att/data_j.xls,2026-07-10T23:26:35.886407+00:00
8572.T,8572,アコム,スタンダード（内国株式）,7200,その他金融業,0016,金融（除く銀行）,0004,TOPIX Mid400,20260630,https://www.jpx.co.jp/markets/statistics-equities/misc/tvdivq0000001vg2-att/data_j.xls,2026-07-10T23:26:35.886407+00:00
8584.T,8584,ジャックス,プライム（内国株式）,7200,その他金融業,0016,金融（除く銀行）,0006,TOPIX Small 1,20260630,https://www.jpx.co.jp/markets/statistics-equities/misc/tvdivq0000001vg2-att/data_j.xls,2026-07-10T23:26:35.886407+00:00
8585.T,8585,オリエントコーポレーション,プライム（内国株式）,7200,その他金融業,0016,金融（除く銀行）,0006,TOPIX Small 1,20260630,https://www.jpx.co.jp/markets/statistics-equities/misc/tvdivq0000001vg2-att/data_j.xls,2026-07-10T23:26:35.886407+00:00
8591.T,8591,オリックス,プライム（内国株式）,7200,その他金融業,0016,金融（除く銀行）,0002,TOPIX Large70,20260630,https://www.jpx.co.jp/markets/statistics-equities/misc/tvdivq0000001vg2-att/data_j.xls,2026-07-10T23:26:35.886407+00:00
8593.T,8593,三菱ＨＣキャピタル,プライム（内国株式）,7200,その他金融業,0016,金融（除く銀行）,0004,TOPIX Mid400,20260630,https://www.jpx.co.jp/markets/statistics-equities/misc/tvdivq0000001vg2-att/data_j.xls,2026-07-10T23:26:35.886407+00:00
8595.T,8595,ジャフコ　グループ,プライム（内国株式）,7100,証券、商品先物取引業,0016,金融（除く銀行）,0004,TOPIX Mid400,20260630,https://www.jpx.co.jp/markets/statistics-equities/misc/tvdivq0000001vg2-att/data_j.xls,2026-07-10T23:26:35.886407+00:00
8596.T,8596,九州リースサービス,スタンダード（内国株式）,7200,その他金融業,0016,金融（除く銀行）,-,-,20260630,https://www.jpx.co.jp/markets/statistics-equities/misc/tvdivq0000001vg2-att/data_j.xls,2026-07-10T23:26:35.886407+00:00
8600.T,8600,トモニホールディングス,プライム（内国株式）,7050,銀行業,0015,銀行,0006,TOPIX Small 1,20260630,https://www.jpx.co.jp/markets/statistics-equities/misc/tvdivq0000001vg2-att/data_j.xls,2026-07-10T23:26:35.886407+00:00
8601.T,8601,大和証券グループ本社,プライム（内国株式）,7100,証券、商品先物取引業,0016,金融（除く銀行）,0004,TOPIX Mid400,20260630,https://www.jpx.co.jp/markets/statistics-equities/misc/tvdivq0000001vg2-att/data_j.xls,2026-07-10T23:26:35.886407+00:00
8604.T,8604,野村ホールディングス,プライム（内国株式）,7100,証券、商品先物取引業,0016,金融（除く銀行）,0002,TOPIX Large70,20260630,https://www.jpx.co.jp/markets/statistics-equities/misc/tvdivq0000001vg2-att/data_j.xls,2026-07-10T23:26:35.886407+00:00
8609.T,8609,岡三証券グループ,プライム（内国株式）,7100,証券、商品先物取引業,0016,金融（除く銀行）,0006,TOPIX Small 1,20260630,https://www.jpx.co.jp/markets/statistics-equities/misc/tvdivq0000001vg2-att/data_j.xls,2026-07-10T23:26:35.886407+00:00
8613.T,8613,丸三証券,プライム（内国株式）,7100,証券、商品先物取引業,0016,金融（除く銀行）,0006,TOPIX Small 1,20260630,https://www.jpx.co.jp/markets/statistics-equities/misc/tvdivq0000001vg2-att/data_j.xls,2026-07-10T23:26:35.886407+00:00
8614.T,8614,東洋証券,プライム（内国株式）,7100,証券、商品先物取引業,0016,金融（除く銀行）,0007,TOPIX Small 2,20260630,https://www.jpx.co.jp/markets/statistics-equities/misc/tvdivq0000001vg2-att/data_j.xls,2026-07-10T23:26:35.886407+00:00
8616.T,8616,東海東京フィナンシャル・ホールディングス,プライム（内国株式）,7100,証券、商品先物取引業,0016,金融（除く銀行）,0006,TOPIX Small 1,20260630,https://www.jpx.co.jp/markets/statistics-equities/misc/tvdivq0000001vg2-att/data_j.xls,2026-07-10T23:26:35.886407+00:00
8617.T,8617,光世証券,スタンダード（内国株式）,7100,証券、商品先物取引業,0016,金融（除く銀行）,-,-,20260630,https://www.jpx.co.jp/markets/statistics-equities/misc/tvdivq0000001vg2-att/data_j.xls,2026-07-10T23:26:35.886407+00:00
8622.T,8622,水戸証券,プライム（内国株式）,7100,証券、商品先物取引業,0016,金融（除く銀行）,0007,TOPIX Small 2,20260630,https://www.jpx.co.jp/markets/statistics-equities/misc/tvdivq0000001vg2-att/data_j.xls,2026-07-10T23:26:35.886407+00:00
8624.T,8624,いちよし証券,プライム（内国株式）,7100,証券、商品先物取引業,0016,金融（除く銀行）,0007,TOPIX Small 2,20260630,https://www.jpx.co.jp/markets/statistics-equities/misc/tvdivq0000001vg2-att/data_j.xls,2026-07-10T23:26:35.886407+00:00
8628.T,8628,松井証券,プライム（内国株式）,7100,証券、商品先物取引業,0016,金融（除く銀行）,0006,TOPIX Small 1,20260630,https://www.jpx.co.jp/markets/statistics-equities/misc/tvdivq0000001vg2-att/data_j.xls,2026-07-10T23:26:35.886407+00:00
8630.T,8630,ＳＯＭＰＯホールディングス,プライム（内国株式）,7150,保険業,0016,金融（除く銀行）,0002,TOPIX Large70,20260630,https://www.jpx.co.jp/markets/statistics-equities/misc/tvdivq0000001vg2-att/data_j.xls,2026-07-10T23:26:35.886407+00:00
8697.T,8697,日本取引所グループ,プライム（内国株式）,7200,その他金融業,0016,金融（除く銀行）,0002,TOPIX Large70,20260630,https://www.jpx.co.jp/markets/statistics-equities/misc/tvdivq0000001vg2-att/data_j.xls,2026-07-10T23:26:35.886407+00:00
8698.T,8698,マネックスグループ,プライム（内国株式）,7100,証券、商品先物取引業,0016,金融（除く銀行）,0006,TOPIX Small 1,20260630,https://www.jpx.co.jp/markets/statistics-equities/misc/tvdivq0000001vg2-att/data_j.xls,2026-07-10T23:26:35.886407+00:00
8699.T,8699,ＨＳホールディングス,スタンダード（内国株式）,7100,証券、商品先物取引業,0016,金融（除く銀行）,-,-,20260630,https://www.jpx.co.jp/markets/statistics-equities/misc/tvdivq0000001vg2-att/data_j.xls,2026-07-10T23:26:35.886407+00:00
8700.T,8700,丸八証券,スタンダード（内国株式）,7100,証券、商品先物取引業,0016,金融（除く銀行）,-,-,20260630,https://www.jpx.co.jp/markets/statistics-equities/misc/tvdivq0000001vg2-att/data_j.xls,2026-07-10T23:26:35.886407+00:00
8704.T,8704,トレイダーズホールディングス,スタンダード（内国株式）,7100,証券、商品先物取引業,0016,金融（除く銀行）,-,-,20260630,https://www.jpx.co.jp/markets/statistics-equities/misc/tvdivq0000001vg2-att/data_j.xls,2026-07-10T23:26:35.886407+00:00
8705.T,8705,日産証券グループ,スタンダード（内国株式）,7100,証券、商品先物取引業,0016,金融（除く銀行）,-,-,20260630,https://www.jpx.co.jp/markets/statistics-equities/misc/tvdivq0000001vg2-att/data_j.xls,2026-07-10T23:26:35.886407+00:00
8706.T,8706,極東証券,プライム（内国株式）,7100,証券、商品先物取引業,0016,金融（除く銀行）,0006,TOPIX Small 1,20260630,https://www.jpx.co.jp/markets/statistics-equities/misc/tvdivq0000001vg2-att/data_j.xls,2026-07-10T23:26:35.886407+00:00
8707.T,8707,岩井コスモホールディングス,プライム（内国株式）,7100,証券、商品先物取引業,0016,金融（除く銀行）,0006,TOPIX Small 1,20260630,https://www.jpx.co.jp/markets/statistics-equities/misc/tvdivq0000001vg2-att/data_j.xls,2026-07-10T23:26:35.886407+00:00
8708.T,8708,アイザワ証券グループ,プライム（内国株式）,7100,証券、商品先物取引業,0016,金融（除く銀行）,0007,TOPIX Small 2,20260630,https://www.jpx.co.jp/markets/statistics-equities/misc/tvdivq0000001vg2-att/data_j.xls,2026-07-10T23:26:35.886407+00:00
8713.T,8713,フィデアホールディングス,プライム（内国株式）,7050,銀行業,0015,銀行,0007,TOPIX Small 2,20260630,https://www.jpx.co.jp/markets/statistics-equities/misc/tvdivq0000001vg2-att/data_j.xls,2026-07-10T23:26:35.886407+00:00
8714.T,8714,池田泉州ホールディングス,プライム（内国株式）,7050,銀行業,0015,銀行,0006,TOPIX Small 1,20260630,https://www.jpx.co.jp/markets/statistics-equities/misc/tvdivq0000001vg2-att/data_j.xls,2026-07-10T23:26:35.886407+00:00
8715.T,8715,アニコム　ホールディングス,プライム（内国株式）,7150,保険業,0016,金融（除く銀行）,0006,TOPIX Small 1,20260630,https://www.jpx.co.jp/markets/statistics-equities/misc/tvdivq0000001vg2-att/data_j.xls,2026-07-10T23:26:35.886407+00:00
8725.T,8725,ＭＳ＆ＡＤインシュアランスグループホールディングス,プライム（内国株式）,7150,保険業,0016,金融（除く銀行）,0002,TOPIX Large70,20260630,https://www.jpx.co.jp/markets/statistics-equities/misc/tvdivq0000001vg2-att/data_j.xls,2026-07-10T23:26:35.886407+00:00
8729.T,8729,ソニーフィナンシャルグループ,プライム（内国株式）,7150,保険業,0016,金融（除く銀行）,0001,TOPIX Core30,20260630,https://www.jpx.co.jp/markets/statistics-equities/misc/tvdivq0000001vg2-att/data_j.xls,2026-07-10T23:26:35.886407+00:00
8737.T,8737,あかつき本社,スタンダード（内国株式）,7100,証券、商品先物取引業,0016,金融（除く銀行）,-,-,20260630,https://www.jpx.co.jp/markets/statistics-equities/misc/tvdivq0000001vg2-att/data_j.xls,2026-07-10T23:26:35.886407+00:00
8739.T,8739,スパークス・グループ,プライム（内国株式）,7100,証券、商品先物取引業,0016,金融（除く銀行）,0007,TOPIX Small 2,20260630,https://www.jpx.co.jp/markets/statistics-equities/misc/tvdivq0000001vg2-att/data_j.xls,2026-07-10T23:26:35.886407+00:00
8742.T,8742,小林洋行,スタンダード（内国株式）,7100,証券、商品先物取引業,0016,金融（除く銀行）,-,-,20260630,https://www.jpx.co.jp/markets/statistics-equities/misc/tvdivq0000001vg2-att/data_j.xls,2026-07-10T23:26:35.886407+00:00
8746.T,8746,ｕｎｂａｎｋｅｄ,スタンダード（内国株式）,7100,証券、商品先物取引業,0016,金融（除く銀行）,-,-,20260630,https://www.jpx.co.jp/markets/statistics-equities/misc/tvdivq0000001vg2-att/data_j.xls,2026-07-10T23:26:35.886407+00:00
8747.T,8747,豊トラスティ証券,スタンダード（内国株式）,7100,証券、商品先物取引業,0016,金融（除く銀行）,-,-,20260630,https://www.jpx.co.jp/markets/statistics-equities/misc/tvdivq0000001vg2-att/data_j.xls,2026-07-10T23:26:35.886407+00:00
8750.T,8750,第一ライフグループ,プライム（内国株式）,7150,保険業,0016,金融（除く銀行）,0002,TOPIX Large70,20260630,https://www.jpx.co.jp/markets/statistics-equities/misc/tvdivq0000001vg2-att/data_j.xls,2026-07-10T23:26:35.886407+00:00
8766.T,8766,東京海上ホールディングス,プライム（内国株式）,7150,保険業,0016,金融（除く銀行）,0001,TOPIX Core30,20260630,https://www.jpx.co.jp/markets/statistics-equities/misc/tvdivq0000001vg2-att/data_j.xls,2026-07-10T23:26:35.886407+00:00
8769.T,8769,アドバンテッジリスクマネジメント,スタンダード（内国株式）,9050,サービス業,0010,情報通信・サービスその他,-,-,20260630,https://www.jpx.co.jp/markets/statistics-equities/misc/tvdivq0000001vg2-att/data_j.xls,2026-07-10T23:26:35.886407+00:00
8771.T,8771,イー・ギャランティ,プライム（内国株式）,7200,その他金融業,0016,金融（除く銀行）,0006,TOPIX Small 1,20260630,https://www.jpx.co.jp/markets/statistics-equities/misc/tvdivq0000001vg2-att/data_j.xls,2026-07-10T23:26:35.886407+00:00
8772.T,8772,アサックス,スタンダード（内国株式）,7200,その他金融業,0016,金融（除く銀行）,-,-,20260630,https://www.jpx.co.jp/markets/statistics-equities/misc/tvdivq0000001vg2-att/data_j.xls,2026-07-10T23:26:35.886407+00:00
8783.T,8783,ａｂｃ,スタンダード（内国株式）,7200,その他金融業,0016,金融（除く銀行）,-,-,20260630,https://www.jpx.co.jp/markets/statistics-equities/misc/tvdivq0000001vg2-att/data_j.xls,2026-07-10T23:26:35.886407+00:00
8789.T,8789,フィンテック　グローバル,スタンダード（内国株式）,7200,その他金融業,0016,金融（除く銀行）,-,-,20260630,https://www.jpx.co.jp/markets/statistics-equities/misc/tvdivq0000001vg2-att/data_j.xls,2026-07-10T23:26:35.886407+00:00
8793.T,8793,ＮＥＣキャピタルソリューション,プライム（内国株式）,7200,その他金融業,0016,金融（除く銀行）,0007,TOPIX Small 2,20260630,https://www.jpx.co.jp/markets/statistics-equities/misc/tvdivq0000001vg2-att/data_j.xls,2026-07-10T23:26:35.886407+00:00
8795.T,8795,Ｔ＆Ｄホールディングス,プライム（内国株式）,7150,保険業,0016,金融（除く銀行）,0004,TOPIX Mid400,20260630,https://www.jpx.co.jp/markets/statistics-equities/misc/tvdivq0000001vg2-att/data_j.xls,2026-07-10T23:26:35.886407+00:00
8798.T,8798,アドバンスクリエイト,プライム（内国株式）,7150,保険業,0016,金融（除く銀行）,0007,TOPIX Small 2,20260630,https://www.jpx.co.jp/markets/statistics-equities/misc/tvdivq0000001vg2-att/data_j.xls,2026-07-10T23:26:35.886407+00:00
8801.T,8801,三井不動産,プライム（内国株式）,8050,不動産業,0017,不動産,0002,TOPIX Large70,20260630,https://www.jpx.co.jp/markets/statistics-equities/misc/tvdivq0000001vg2-att/data_j.xls,2026-07-10T23:26:35.886407+00:00
8802.T,8802,三菱地所,プライム（内国株式）,8050,不動産業,0017,不動産,0002,TOPIX Large70,20260630,https://www.jpx.co.jp/markets/statistics-equities/misc/tvdivq0000001vg2-att/data_j.xls,2026-07-10T23:26:35.886407+00:00
8803.T,8803,平和不動産,プライム（内国株式）,8050,不動産業,0017,不動産,0006,TOPIX Small 1,20260630,https://www.jpx.co.jp/markets/statistics-equities/misc/tvdivq0000001vg2-att/data_j.xls,2026-07-10T23:26:35.886407+00:00
8804.T,8804,東京建物,プライム（内国株式）,8050,不動産業,0017,不動産,0004,TOPIX Mid400,20260630,https://www.jpx.co.jp/markets/statistics-equities/misc/tvdivq0000001vg2-att/data_j.xls,2026-07-10T23:26:35.886407+00:00
8818.T,8818,京阪神ビルディング,プライム（内国株式）,8050,不動産業,0017,不動産,0007,TOPIX Small 2,20260630,https://www.jpx.co.jp/markets/statistics-equities/misc/tvdivq0000001vg2-att/data_j.xls,2026-07-10T23:26:35.886407+00:00
8830.T,8830,住友不動産,プライム（内国株式）,8050,不動産業,0017,不動産,0002,TOPIX Large70,20260630,https://www.jpx.co.jp/markets/statistics-equities/misc/tvdivq0000001vg2-att/data_j.xls,2026-07-10T23:26:35.886407+00:00
8835.T,8835,太平洋興発,スタンダード（内国株式）,6050,卸売業,0013,商社・卸売,-,-,20260630,https://www.jpx.co.jp/markets/statistics-equities/misc/tvdivq0000001vg2-att/data_j.xls,2026-07-10T23:26:35.886407+00:00
8836.T,8836,ＲＩＳＥ,スタンダード（内国株式）,8050,不動産業,0017,不動産,-,-,20260630,https://www.jpx.co.jp/markets/statistics-equities/misc/tvdivq0000001vg2-att/data_j.xls,2026-07-10T23:26:35.886407+00:00
8841.T,8841,テーオーシー,スタンダード（内国株式）,8050,不動産業,0017,不動産,0007,TOPIX Small 2,20260630,https://www.jpx.co.jp/markets/statistics-equities/misc/tvdivq0000001vg2-att/data_j.xls,2026-07-10T23:26:35.886407+00:00
8844.T,8844,コスモスイニシア,スタンダード（内国株式）,8050,不動産業,0017,不動産,-,-,20260630,https://www.jpx.co.jp/markets/statistics-equities/misc/tvdivq0000001vg2-att/data_j.xls,2026-07-10T23:26:35.886407+00:00
8848.T,8848,レオパレス２１,プライム（内国株式）,8050,不動産業,0017,不動産,0006,TOPIX Small 1,20260630,https://www.jpx.co.jp/markets/statistics-equities/misc/tvdivq0000001vg2-att/data_j.xls,2026-07-10T23:26:35.886407+00:00
8850.T,8850,スターツコーポレーション,プライム（内国株式）,8050,不動産業,0017,不動産,0006,TOPIX Small 1,20260630,https://www.jpx.co.jp/markets/statistics-equities/misc/tvdivq0000001vg2-att/data_j.xls,2026-07-10T23:26:35.886407+00:00
8860.T,8860,フジ住宅,プライム（内国株式）,8050,不動産業,0017,不動産,0007,TOPIX Small 2,20260630,https://www.jpx.co.jp/markets/statistics-equities/misc/tvdivq0000001vg2-att/data_j.xls,2026-07-10T23:26:35.886407+00:00
8864.T,8864,空港施設,スタンダード（内国株式）,8050,不動産業,0017,不動産,0007,TOPIX Small 2,20260630,https://www.jpx.co.jp/markets/statistics-equities/misc/tvdivq0000001vg2-att/data_j.xls,2026-07-10T23:26:35.886407+00:00
8869.T,8869,明和地所,スタンダード（内国株式）,8050,不動産業,0017,不動産,0007,TOPIX Small 2,20260630,https://www.jpx.co.jp/markets/statistics-equities/misc/tvdivq0000001vg2-att/data_j.xls,2026-07-10T23:26:35.886407+00:00
8871.T,8871,ゴールドクレスト,スタンダード（内国株式）,8050,不動産業,0017,不動産,0006,TOPIX Small 1,20260630,https://www.jpx.co.jp/markets/statistics-equities/misc/tvdivq0000001vg2-att/data_j.xls,2026-07-10T23:26:35.886407+00:00
8876.T,8876,リログループ,プライム（内国株式）,9050,サービス業,0010,情報通信・サービスその他,0004,TOPIX Mid400,20260630,https://www.jpx.co.jp/markets/statistics-equities/misc/tvdivq0000001vg2-att/data_j.xls,2026-07-10T23:26:35.886407+00:00
8877.T,8877,エスリード,プライム（内国株式）,8050,不動産業,0017,不動産,0007,TOPIX Small 2,20260630,https://www.jpx.co.jp/markets/statistics-equities/misc/tvdivq0000001vg2-att/data_j.xls,2026-07-10T23:26:35.886407+00:00
8881.T,8881,日神グループホールディングス,プライム（内国株式）,8050,不動産業,0017,不動産,0007,TOPIX Small 2,20260630,https://www.jpx.co.jp/markets/statistics-equities/misc/tvdivq0000001vg2-att/data_j.xls,2026-07-10T23:26:35.886407+00:00
8887.T,8887,シーラホールディングス,スタンダード（内国株式）,8050,不動産業,0017,不動産,-,-,20260630,https://www.jpx.co.jp/markets/statistics-equities/misc/tvdivq0000001vg2-att/data_j.xls,2026-07-10T23:26:35.886407+00:00
8891.T,8891,ＡＭＧホールディングス,スタンダード（内国株式）,8050,不動産業,0017,不動産,-,-,20260630,https://www.jpx.co.jp/markets/statistics-equities/misc/tvdivq0000001vg2-att/data_j.xls,2026-07-10T23:26:35.886407+00:00
8892.T,8892,エスコン,プライム（内国株式）,8050,不動産業,0017,不動産,0006,TOPIX Small 1,20260630,https://www.jpx.co.jp/markets/statistics-equities/misc/tvdivq0000001vg2-att/data_j.xls,2026-07-10T23:26:35.886407+00:00
8894.T,8894,ＲＥＶＯＬＵＴＩＯＮ,スタンダード（内国株式）,8050,不動産業,0017,不動産,-,-,20260630,https://www.jpx.co.jp/markets/statistics-equities/misc/tvdivq0000001vg2-att/data_j.xls,2026-07-10T23:26:35.886407+00:00
8897.T,8897,ＭＩＲＡＲＴＨホールディングス,プライム（内国株式）,8050,不動産業,0017,不動産,0006,TOPIX Small 1,20260630,https://www.jpx.co.jp/markets/statistics-equities/misc/tvdivq0000001vg2-att/data_j.xls,2026-07-10T23:26:35.886407+00:00
8898.T,8898,センチュリー２１・ジャパン,スタンダード（内国株式）,8050,不動産業,0017,不動産,-,-,20260630,https://www.jpx.co.jp/markets/statistics-equities/misc/tvdivq0000001vg2-att/data_j.xls,2026-07-10T23:26:35.886407+00:00
8904.T,8904,ＡＶＡＮＴＩＡ,スタンダード（内国株式）,8050,不動産業,0017,不動産,-,-,20260630,https://www.jpx.co.jp/markets/statistics-equities/misc/tvdivq0000001vg2-att/data_j.xls,2026-07-10T23:26:35.886407+00:00
8908.T,8908,毎日コムネット,スタンダード（内国株式）,8050,不動産業,0017,不動産,-,-,20260630,https://www.jpx.co.jp/markets/statistics-equities/misc/tvdivq0000001vg2-att/data_j.xls,2026-07-10T23:26:35.886407+00:00
8912.T,8912,エリアクエスト,スタンダード（内国株式）,8050,不動産業,0017,不動産,-,-,20260630,https://www.jpx.co.jp/markets/statistics-equities/misc/tvdivq0000001vg2-att/data_j.xls,2026-07-10T23:26:35.886407+00:00
8914.T,8914,エリアリンク,スタンダード（内国株式）,8050,不動産業,0017,不動産,-,-,20260630,https://www.jpx.co.jp/markets/statistics-equities/misc/tvdivq0000001vg2-att/data_j.xls,2026-07-10T23:26:35.886407+00:00
8917.T,8917,ファースト住建,スタンダード（内国株式）,8050,不動産業,0017,不動産,-,-,20260630,https://www.jpx.co.jp/markets/statistics-equities/misc/tvdivq0000001vg2-att/data_j.xls,2026-07-10T23:26:35.886407+00:00
8918.T,8918,ランド,スタンダード（内国株式）,8050,不動産業,0017,不動産,0007,TOPIX Small 2,20260630,https://www.jpx.co.jp/markets/statistics-equities/misc/tvdivq0000001vg2-att/data_j.xls,2026-07-10T23:26:35.886407+00:00
8919.T,8919,カチタス,プライム（内国株式）,8050,不動産業,0017,不動産,0006,TOPIX Small 1,20260630,https://www.jpx.co.jp/markets/statistics-equities/misc/tvdivq0000001vg2-att/data_j.xls,2026-07-10T23:26:35.886407+00:00
8920.T,8920,東祥,スタンダード（内国株式）,9050,サービス業,0010,情報通信・サービスその他,0007,TOPIX Small 2,20260630,https://www.jpx.co.jp/markets/statistics-equities/misc/tvdivq0000001vg2-att/data_j.xls,2026-07-10T23:26:35.886407+00:00
8921.T,8921,シーズクリエイト,PRO Market,8050,不動産業,0017,不動産,-,-,20260630,https://www.jpx.co.jp/markets/statistics-equities/misc/tvdivq0000001vg2-att/data_j.xls,2026-07-10T23:26:35.886407+00:00
8923.T,8923,トーセイ,プライム（内国株式）,8050,不動産業,0017,不動産,0006,TOPIX Small 1,20260630,https://www.jpx.co.jp/markets/statistics-equities/misc/tvdivq0000001vg2-att/data_j.xls,2026-07-10T23:26:35.886407+00:00
8927.T,8927,明豊エンタープライズ,スタンダード（内国株式）,8050,不動産業,0017,不動産,-,-,20260630,https://www.jpx.co.jp/markets/statistics-equities/misc/tvdivq0000001vg2-att/data_j.xls,2026-07-10T23:26:35.886407+00:00
8928.T,8928,穴吹興産,スタンダード（内国株式）,8050,不動産業,0017,不動産,-,-,20260630,https://www.jpx.co.jp/markets/statistics-equities/misc/tvdivq0000001vg2-att/data_j.xls,2026-07-10T23:26:35.886407+00:00
8929.T,8929,青山財産ネットワークス,スタンダード（内国株式）,8050,不動産業,0017,不動産,-,-,20260630,https://www.jpx.co.jp/markets/statistics-equities/misc/tvdivq0000001vg2-att/data_j.xls,2026-07-10T23:26:35.886407+00:00
8931.T,8931,和田興産,スタンダード（内国株式）,8050,不動産業,0017,不動産,-,-,20260630,https://www.jpx.co.jp/markets/statistics-equities/misc/tvdivq0000001vg2-att/data_j.xls,2026-07-10T23:26:35.886407+00:00
8934.T,8934,サンフロンティア不動産,プライム（内国株式）,8050,不動産業,0017,不動産,0006,TOPIX Small 1,20260630,https://www.jpx.co.jp/markets/statistics-equities/misc/tvdivq0000001vg2-att/data_j.xls,2026-07-10T23:26:35.886407+00:00
8935.T,8935,ＦＪネクストホールディングス,プライム（内国株式）,8050,不動産業,0017,不動産,0007,TOPIX Small 2,20260630,https://www.jpx.co.jp/markets/statistics-equities/misc/tvdivq0000001vg2-att/data_j.xls,2026-07-10T23:26:35.886407+00:00
8938.T,8938,グローム・ホールディングス,グロース（内国株式）,8050,不動産業,0017,不動産,-,-,20260630,https://www.jpx.co.jp/markets/statistics-equities/misc/tvdivq0000001vg2-att/data_j.xls,2026-07-10T23:26:35.886407+00:00
8944.T,8944,ランドビジネス,スタンダード（内国株式）,8050,不動産業,0017,不動産,-,-,20260630,https://www.jpx.co.jp/markets/statistics-equities/misc/tvdivq0000001vg2-att/data_j.xls,2026-07-10T23:26:35.886407+00:00
8945.T,8945,サンネクスタグループ,スタンダード（内国株式）,8050,不動産業,0017,不動産,-,-,20260630,https://www.jpx.co.jp/markets/statistics-equities/misc/tvdivq0000001vg2-att/data_j.xls,2026-07-10T23:26:35.886407+00:00
8946.T,8946,ＡＳＩＡＮ　ＳＴＡＲ,スタンダード（内国株式）,8050,不動産業,0017,不動産,-,-,20260630,https://www.jpx.co.jp/markets/statistics-equities/misc/tvdivq0000001vg2-att/data_j.xls,2026-07-10T23:26:35.886407+00:00
8951.T,8951,日本ビルファンド投資法人,REIT・ベンチャーファンド・カントリーファンド・インフラファンド,-,-,-,-,-,-,20260630,https://www.jpx.co.jp/markets/statistics-equities/misc/tvdivq0000001vg2-att/data_j.xls,2026-07-10T23:26:35.886407+00:00
8952.T,8952,ジャパンリアルエステイト投資法人,REIT・ベンチャーファンド・カントリーファンド・インフラファンド,-,-,-,-,-,-,20260630,https://www.jpx.co.jp/markets/statistics-equities/misc/tvdivq0000001vg2-att/data_j.xls,2026-07-10T23:26:35.886407+00:00
8953.T,8953,日本都市ファンド投資法人,REIT・ベンチャーファンド・カントリーファンド・インフラファンド,-,-,-,-,-,-,20260630,https://www.jpx.co.jp/markets/statistics-equities/misc/tvdivq0000001vg2-att/data_j.xls,2026-07-10T23:26:35.886407+00:00
8954.T,8954,オリックス不動産投資法人,REIT・ベンチャーファンド・カントリーファンド・インフラファンド,-,-,-,-,-,-,20260630,https://www.jpx.co.jp/markets/statistics-equities/misc/tvdivq0000001vg2-att/data_j.xls,2026-07-10T23:26:35.886407+00:00
8955.T,8955,日本プライムリアルティ投資法人,REIT・ベンチャーファンド・カントリーファンド・インフラファンド,-,-,-,-,-,-,20260630,https://www.jpx.co.jp/markets/statistics-equities/misc/tvdivq0000001vg2-att/data_j.xls,2026-07-10T23:26:35.886407+00:00
8956.T,8956,ＮＴＴ都市開発リート投資法人,REIT・ベンチャーファンド・カントリーファンド・インフラファンド,-,-,-,-,-,-,20260630,https://www.jpx.co.jp/markets/statistics-equities/misc/tvdivq0000001vg2-att/data_j.xls,2026-07-10T23:26:35.886407+00:00
8957.T,8957,東急リアル・エステート投資法人,REIT・ベンチャーファンド・カントリーファンド・インフラファンド,-,-,-,-,-,-,20260630,https://www.jpx.co.jp/markets/statistics-equities/misc/tvdivq0000001vg2-att/data_j.xls,2026-07-10T23:26:35.886407+00:00
8958.T,8958,グローバル・ワン不動産投資法人,REIT・ベンチャーファンド・カントリーファンド・インフラファンド,-,-,-,-,-,-,20260630,https://www.jpx.co.jp/markets/statistics-equities/misc/tvdivq0000001vg2-att/data_j.xls,2026-07-10T23:26:35.886407+00:00
8960.T,8960,ユナイテッド・アーバン投資法人,REIT・ベンチャーファンド・カントリーファンド・インフラファンド,-,-,-,-,-,-,20260630,https://www.jpx.co.jp/markets/statistics-equities/misc/tvdivq0000001vg2-att/data_j.xls,2026-07-10T23:26:35.886407+00:00
8961.T,8961,森トラストリート投資法人,REIT・ベンチャーファンド・カントリーファンド・インフラファンド,-,-,-,-,-,-,20260630,https://www.jpx.co.jp/markets/statistics-equities/misc/tvdivq0000001vg2-att/data_j.xls,2026-07-10T23:26:35.886407+00:00
8963.T,8963,インヴィンシブル投資法人,REIT・ベンチャーファンド・カントリーファンド・インフラファンド,-,-,-,-,-,-,20260630,https://www.jpx.co.jp/markets/statistics-equities/misc/tvdivq0000001vg2-att/data_j.xls,2026-07-10T23:26:35.886407+00:00
8964.T,8964,フロンティア不動産投資法人,REIT・ベンチャーファンド・カントリーファンド・インフラファンド,-,-,-,-,-,-,20260630,https://www.jpx.co.jp/markets/statistics-equities/misc/tvdivq0000001vg2-att/data_j.xls,2026-07-10T23:26:35.886407+00:00
8966.T,8966,平和不動産リート投資法人,REIT・ベンチャーファンド・カントリーファンド・インフラファンド,-,-,-,-,-,-,20260630,https://www.jpx.co.jp/markets/statistics-equities/misc/tvdivq0000001vg2-att/data_j.xls,2026-07-10T23:26:35.886407+00:00
8967.T,8967,日本ロジスティクスファンド投資法人,REIT・ベンチャーファンド・カントリーファンド・インフラファンド,-,-,-,-,-,-,20260630,https://www.jpx.co.jp/markets/statistics-equities/misc/tvdivq0000001vg2-att/data_j.xls,2026-07-10T23:26:35.886407+00:00
8968.T,8968,福岡リート投資法人,REIT・ベンチャーファンド・カントリーファンド・インフラファンド,-,-,-,-,-,-,20260630,https://www.jpx.co.jp/markets/statistics-equities/misc/tvdivq0000001vg2-att/data_j.xls,2026-07-10T23:26:35.886407+00:00
8972.T,8972,ＫＤＸ不動産投資法人,REIT・ベンチャーファンド・カントリーファンド・インフラファンド,-,-,-,-,-,-,20260630,https://www.jpx.co.jp/markets/statistics-equities/misc/tvdivq0000001vg2-att/data_j.xls,2026-07-10T23:26:35.886407+00:00
8975.T,8975,いちごオフィスリート投資法人,REIT・ベンチャーファンド・カントリーファンド・インフラファンド,-,-,-,-,-,-,20260630,https://www.jpx.co.jp/markets/statistics-equities/misc/tvdivq0000001vg2-att/data_j.xls,2026-07-10T23:26:35.886407+00:00
8976.T,8976,大和証券オフィス投資法人,REIT・ベンチャーファンド・カントリーファンド・インフラファンド,-,-,-,-,-,-,20260630,https://www.jpx.co.jp/markets/statistics-equities/misc/tvdivq0000001vg2-att/data_j.xls,2026-07-10T23:26:35.886407+00:00
8977.T,8977,阪急阪神リート投資法人,REIT・ベンチャーファンド・カントリーファンド・インフラファンド,-,-,-,-,-,-,20260630,https://www.jpx.co.jp/markets/statistics-equities/misc/tvdivq0000001vg2-att/data_j.xls,2026-07-10T23:26:35.886407+00:00
8979.T,8979,スターツプロシード投資法人,REIT・ベンチャーファンド・カントリーファンド・インフラファンド,-,-,-,-,-,-,20260630,https://www.jpx.co.jp/markets/statistics-equities/misc/tvdivq0000001vg2-att/data_j.xls,2026-07-10T23:26:35.886407+00:00
8984.T,8984,大和ハウスリート投資法人,REIT・ベンチャーファンド・カントリーファンド・インフラファンド,-,-,-,-,-,-,20260630,https://www.jpx.co.jp/markets/statistics-equities/misc/tvdivq0000001vg2-att/data_j.xls,2026-07-10T23:26:35.886407+00:00
8985.T,8985,ジャパン・ホテル・リート投資法人,REIT・ベンチャーファンド・カントリーファンド・インフラファンド,-,-,-,-,-,-,20260630,https://www.jpx.co.jp/markets/statistics-equities/misc/tvdivq0000001vg2-att/data_j.xls,2026-07-10T23:26:35.886407+00:00
8986.T,8986,大和証券リビング投資法人,REIT・ベンチャーファンド・カントリーファンド・インフラファンド,-,-,-,-,-,-,20260630,https://www.jpx.co.jp/markets/statistics-equities/misc/tvdivq0000001vg2-att/data_j.xls,2026-07-10T23:26:35.886407+00:00
8987.T,8987,ジャパンエクセレント投資法人,REIT・ベンチャーファンド・カントリーファンド・インフラファンド,-,-,-,-,-,-,20260630,https://www.jpx.co.jp/markets/statistics-equities/misc/tvdivq0000001vg2-att/data_j.xls,2026-07-10T23:26:35.886407+00:00
8995.T,8995,誠建設工業,スタンダード（内国株式）,8050,不動産業,0017,不動産,-,-,20260630,https://www.jpx.co.jp/markets/statistics-equities/misc/tvdivq0000001vg2-att/data_j.xls,2026-07-10T23:26:35.886407+00:00
8996.T,8996,ハウスフリーダム,スタンダード（内国株式）,8050,不動産業,0017,不動産,-,-,20260630,https://www.jpx.co.jp/markets/statistics-equities/misc/tvdivq0000001vg2-att/data_j.xls,2026-07-10T23:26:35.886407+00:00
8999.T,8999,グランディハウス,プライム（内国株式）,8050,不動産業,0017,不動産,0007,TOPIX Small 2,20260630,https://www.jpx.co.jp/markets/statistics-equities/misc/tvdivq0000001vg2-att/data_j.xls,2026-07-10T23:26:35.886407+00:00
9001.T,9001,東武鉄道,プライム（内国株式）,5050,陸運業,0012,運輸・物流,0004,TOPIX Mid400,20260630,https://www.jpx.co.jp/markets/statistics-equities/misc/tvdivq0000001vg2-att/data_j.xls,2026-07-10T23:26:35.886407+00:00
9003.T,9003,相鉄ホールディングス,プライム（内国株式）,5050,陸運業,0012,運輸・物流,0004,TOPIX Mid400,20260630,https://www.jpx.co.jp/markets/statistics-equities/misc/tvdivq0000001vg2-att/data_j.xls,2026-07-10T23:26:35.886407+00:00
9005.T,9005,東急,プライム（内国株式）,5050,陸運業,0012,運輸・物流,0004,TOPIX Mid400,20260630,https://www.jpx.co.jp/markets/statistics-equities/misc/tvdivq0000001vg2-att/data_j.xls,2026-07-10T23:26:35.886407+00:00
9006.T,9006,京浜急行電鉄,プライム（内国株式）,5050,陸運業,0012,運輸・物流,0004,TOPIX Mid400,20260630,https://www.jpx.co.jp/markets/statistics-equities/misc/tvdivq0000001vg2-att/data_j.xls,2026-07-10T23:26:35.886407+00:00
9007.T,9007,小田急電鉄,プライム（内国株式）,5050,陸運業,0012,運輸・物流,0004,TOPIX Mid400,20260630,https://www.jpx.co.jp/markets/statistics-equities/misc/tvdivq0000001vg2-att/data_j.xls,2026-07-10T23:26:35.886407+00:00
9008.T,9008,京王電鉄,プライム（内国株式）,5050,陸運業,0012,運輸・物流,0004,TOPIX Mid400,20260630,https://www.jpx.co.jp/markets/statistics-equities/misc/tvdivq0000001vg2-att/data_j.xls,2026-07-10T23:26:35.886407+00:00
9009.T,9009,京成電鉄,プライム（内国株式）,5050,陸運業,0012,運輸・物流,0004,TOPIX Mid400,20260630,https://www.jpx.co.jp/markets/statistics-equities/misc/tvdivq0000001vg2-att/data_j.xls,2026-07-10T23:26:35.886407+00:00
9010.T,9010,富士急行,プライム（内国株式）,5050,陸運業,0012,運輸・物流,0006,TOPIX Small 1,20260630,https://www.jpx.co.jp/markets/statistics-equities/misc/tvdivq0000001vg2-att/data_j.xls,2026-07-10T23:26:35.886407+00:00
9012.T,9012,秩父鉄道,スタンダード（内国株式）,5050,陸運業,0012,運輸・物流,-,-,20260630,https://www.jpx.co.jp/markets/statistics-equities/misc/tvdivq0000001vg2-att/data_j.xls,2026-07-10T23:26:35.886407+00:00
9017.T,9017,新潟交通,スタンダード（内国株式）,5050,陸運業,0012,運輸・物流,-,-,20260630,https://www.jpx.co.jp/markets/statistics-equities/misc/tvdivq0000001vg2-att/data_j.xls,2026-07-10T23:26:35.886407+00:00
9020.T,9020,東日本旅客鉄道,プライム（内国株式）,5050,陸運業,0012,運輸・物流,0002,TOPIX Large70,20260630,https://www.jpx.co.jp/markets/statistics-equities/misc/tvdivq0000001vg2-att/data_j.xls,2026-07-10T23:26:35.886407+00:00
9021.T,9021,西日本旅客鉄道,プライム（内国株式）,5050,陸運業,0012,運輸・物流,0002,TOPIX Large70,20260630,https://www.jpx.co.jp/markets/statistics-equities/misc/tvdivq0000001vg2-att/data_j.xls,2026-07-10T23:26:35.886407+00:00
9022.T,9022,東海旅客鉄道,プライム（内国株式）,5050,陸運業,0012,運輸・物流,0002,TOPIX Large70,20260630,https://www.jpx.co.jp/markets/statistics-equities/misc/tvdivq0000001vg2-att/data_j.xls,2026-07-10T23:26:35.886407+00:00
9023.T,9023,東京地下鉄,プライム（内国株式）,5050,陸運業,0012,運輸・物流,0004,TOPIX Mid400,20260630,https://www.jpx.co.jp/markets/statistics-equities/misc/tvdivq0000001vg2-att/data_j.xls,2026-07-10T23:26:35.886407+00:00
9024.T,9024,西武ホールディングス,プライム（内国株式）,5050,陸運業,0012,運輸・物流,0004,TOPIX Mid400,20260630,https://www.jpx.co.jp/markets/statistics-equities/misc/tvdivq0000001vg2-att/data_j.xls,2026-07-10T23:26:35.886407+00:00
9025.T,9025,鴻池運輸,プライム（内国株式）,5050,陸運業,0012,運輸・物流,0006,TOPIX Small 1,20260630,https://www.jpx.co.jp/markets/statistics-equities/misc/tvdivq0000001vg2-att/data_j.xls,2026-07-10T23:26:35.886407+00:00
9028.T,9028,ゼロ,スタンダード（内国株式）,5050,陸運業,0012,運輸・物流,-,-,20260630,https://www.jpx.co.jp/markets/statistics-equities/misc/tvdivq0000001vg2-att/data_j.xls,2026-07-10T23:26:35.886407+00:00
9029.T,9029,ヒガシホールディングス,スタンダード（内国株式）,5050,陸運業,0012,運輸・物流,-,-,20260630,https://www.jpx.co.jp/markets/statistics-equities/misc/tvdivq0000001vg2-att/data_j.xls,2026-07-10T23:26:35.886407+00:00
9031.T,9031,西日本鉄道,プライム（内国株式）,5050,陸運業,0012,運輸・物流,0004,TOPIX Mid400,20260630,https://www.jpx.co.jp/markets/statistics-equities/misc/tvdivq0000001vg2-att/data_j.xls,2026-07-10T23:26:35.886407+00:00
9033.T,9033,広島電鉄,スタンダード（内国株式）,5050,陸運業,0012,運輸・物流,-,-,20260630,https://www.jpx.co.jp/markets/statistics-equities/misc/tvdivq0000001vg2-att/data_j.xls,2026-07-10T23:26:35.886407+00:00
9034.T,9034,南総通運,スタンダード（内国株式）,5050,陸運業,0012,運輸・物流,-,-,20260630,https://www.jpx.co.jp/markets/statistics-equities/misc/tvdivq0000001vg2-att/data_j.xls,2026-07-10T23:26:35.886407+00:00
9036.T,9036,東部ネットワーク,スタンダード（内国株式）,5050,陸運業,0012,運輸・物流,-,-,20260630,https://www.jpx.co.jp/markets/statistics-equities/misc/tvdivq0000001vg2-att/data_j.xls,2026-07-10T23:26:35.886407+00:00
9037.T,9037,ハマキョウレックス,プライム（内国株式）,5050,陸運業,0012,運輸・物流,0006,TOPIX Small 1,20260630,https://www.jpx.co.jp/markets/statistics-equities/misc/tvdivq0000001vg2-att/data_j.xls,2026-07-10T23:26:35.886407+00:00
9039.T,9039,サカイ引越センター,プライム（内国株式）,5050,陸運業,0012,運輸・物流,0006,TOPIX Small 1,20260630,https://www.jpx.co.jp/markets/statistics-equities/misc/tvdivq0000001vg2-att/data_j.xls,2026-07-10T23:26:35.886407+00:00
9041.T,9041,近鉄グループホールディングス,プライム（内国株式）,5050,陸運業,0012,運輸・物流,0004,TOPIX Mid400,20260630,https://www.jpx.co.jp/markets/statistics-equities/misc/tvdivq0000001vg2-att/data_j.xls,2026-07-10T23:26:35.886407+00:00
9042.T,9042,阪急阪神ホールディングス,プライム（内国株式）,5050,陸運業,0012,運輸・物流,0004,TOPIX Mid400,20260630,https://www.jpx.co.jp/markets/statistics-equities/misc/tvdivq0000001vg2-att/data_j.xls,2026-07-10T23:26:35.886407+00:00
9044.T,9044,ＮＡＮＫＡＩ,プライム（内国株式）,5050,陸運業,0012,運輸・物流,0004,TOPIX Mid400,20260630,https://www.jpx.co.jp/markets/statistics-equities/misc/tvdivq0000001vg2-att/data_j.xls,2026-07-10T23:26:35.886407+00:00
9045.T,9045,京阪ホールディングス,プライム（内国株式）,5050,陸運業,0012,運輸・物流,0004,TOPIX Mid400,20260630,https://www.jpx.co.jp/markets/statistics-equities/misc/tvdivq0000001vg2-att/data_j.xls,2026-07-10T23:26:35.886407+00:00
9046.T,9046,神戸電鉄,スタンダード（内国株式）,5050,陸運業,0012,運輸・物流,0007,TOPIX Small 2,20260630,https://www.jpx.co.jp/markets/statistics-equities/misc/tvdivq0000001vg2-att/data_j.xls,2026-07-10T23:26:35.886407+00:00
9048.T,9048,名古屋鉄道,プライム（内国株式）,5050,陸運業,0012,運輸・物流,0004,TOPIX Mid400,20260630,https://www.jpx.co.jp/markets/statistics-equities/misc/tvdivq0000001vg2-att/data_j.xls,2026-07-10T23:26:35.886407+00:00
9049.T,9049,京福電気鉄道,スタンダード（内国株式）,5050,陸運業,0012,運輸・物流,-,-,20260630,https://www.jpx.co.jp/markets/statistics-equities/misc/tvdivq0000001vg2-att/data_j.xls,2026-07-10T23:26:35.886407+00:00
9051.T,9051,センコン物流,スタンダード（内国株式）,5050,陸運業,0012,運輸・物流,-,-,20260630,https://www.jpx.co.jp/markets/statistics-equities/misc/tvdivq0000001vg2-att/data_j.xls,2026-07-10T23:26:35.886407+00:00
9052.T,9052,山陽電気鉄道,プライム（内国株式）,5050,陸運業,0012,運輸・物流,0007,TOPIX Small 2,20260630,https://www.jpx.co.jp/markets/statistics-equities/misc/tvdivq0000001vg2-att/data_j.xls,2026-07-10T23:26:35.886407+00:00
9057.T,9057,遠州トラック,スタンダード（内国株式）,5050,陸運業,0012,運輸・物流,-,-,20260630,https://www.jpx.co.jp/markets/statistics-equities/misc/tvdivq0000001vg2-att/data_j.xls,2026-07-10T23:26:35.886407+00:00
9059.T,9059,カンダホールディングス,スタンダード（内国株式）,5050,陸運業,0012,運輸・物流,-,-,20260630,https://www.jpx.co.jp/markets/statistics-equities/misc/tvdivq0000001vg2-att/data_j.xls,2026-07-10T23:26:35.886407+00:00
9060.T,9060,日本ロジテム,スタンダード（内国株式）,5050,陸運業,0012,運輸・物流,-,-,20260630,https://www.jpx.co.jp/markets/statistics-equities/misc/tvdivq0000001vg2-att/data_j.xls,2026-07-10T23:26:35.886407+00:00
9063.T,9063,岡山県貨物運送,スタンダード（内国株式）,5050,陸運業,0012,運輸・物流,-,-,20260630,https://www.jpx.co.jp/markets/statistics-equities/misc/tvdivq0000001vg2-att/data_j.xls,2026-07-10T23:26:35.886407+00:00
9064.T,9064,ヤマトホールディングス,プライム（内国株式）,5050,陸運業,0012,運輸・物流,0004,TOPIX Mid400,20260630,https://www.jpx.co.jp/markets/statistics-equities/misc/tvdivq0000001vg2-att/data_j.xls,2026-07-10T23:26:35.886407+00:00
9065.T,9065,山九,プライム（内国株式）,5050,陸運業,0012,運輸・物流,0004,TOPIX Mid400,20260630,https://www.jpx.co.jp/markets/statistics-equities/misc/tvdivq0000001vg2-att/data_j.xls,2026-07-10T23:26:35.886407+00:00
9068.T,9068,丸全昭和運輸,プライム（内国株式）,5050,陸運業,0012,運輸・物流,0006,TOPIX Small 1,20260630,https://www.jpx.co.jp/markets/statistics-equities/misc/tvdivq0000001vg2-att/data_j.xls,2026-07-10T23:26:35.886407+00:00
9069.T,9069,センコーグループホールディングス,プライム（内国株式）,5050,陸運業,0012,運輸・物流,0004,TOPIX Mid400,20260630,https://www.jpx.co.jp/markets/statistics-equities/misc/tvdivq0000001vg2-att/data_j.xls,2026-07-10T23:26:35.886407+00:00
9072.T,9072,ニッコンホールディングス,プライム（内国株式）,5050,陸運業,0012,運輸・物流,0004,TOPIX Mid400,20260630,https://www.jpx.co.jp/markets/statistics-equities/misc/tvdivq0000001vg2-att/data_j.xls,2026-07-10T23:26:35.886407+00:00
9073.T,9073,京極運輸商事,スタンダード（内国株式）,5050,陸運業,0012,運輸・物流,-,-,20260630,https://www.jpx.co.jp/markets/statistics-equities/misc/tvdivq0000001vg2-att/data_j.xls,2026-07-10T23:26:35.886407+00:00
9074.T,9074,日本石油輸送,スタンダード（内国株式）,5050,陸運業,0012,運輸・物流,-,-,20260630,https://www.jpx.co.jp/markets/statistics-equities/misc/tvdivq0000001vg2-att/data_j.xls,2026-07-10T23:26:35.886407+00:00
9075.T,9075,福山通運,プライム（内国株式）,5050,陸運業,0012,運輸・物流,0006,TOPIX Small 1,20260630,https://www.jpx.co.jp/markets/statistics-equities/misc/tvdivq0000001vg2-att/data_j.xls,2026-07-10T23:26:35.886407+00:00
9076.T,9076,セイノーホールディングス,プライム（内国株式）,5050,陸運業,0012,運輸・物流,0004,TOPIX Mid400,20260630,https://www.jpx.co.jp/markets/statistics-equities/misc/tvdivq0000001vg2-att/data_j.xls,2026-07-10T23:26:35.886407+00:00
9081.T,9081,神奈川中央交通,プライム（内国株式）,5050,陸運業,0012,運輸・物流,0007,TOPIX Small 2,20260630,https://www.jpx.co.jp/markets/statistics-equities/misc/tvdivq0000001vg2-att/data_j.xls,2026-07-10T23:26:35.886407+00:00
9082.T,9082,大和自動車交通,スタンダード（内国株式）,5050,陸運業,0012,運輸・物流,-,-,20260630,https://www.jpx.co.jp/markets/statistics-equities/misc/tvdivq0000001vg2-att/data_j.xls,2026-07-10T23:26:35.886407+00:00
9083.T,9083,神姫バス,スタンダード（内国株式）,5050,陸運業,0012,運輸・物流,-,-,20260630,https://www.jpx.co.jp/markets/statistics-equities/misc/tvdivq0000001vg2-att/data_j.xls,2026-07-10T23:26:35.886407+00:00
9087.T,9087,タカセ,スタンダード（内国株式）,5050,陸運業,0012,運輸・物流,-,-,20260630,https://www.jpx.co.jp/markets/statistics-equities/misc/tvdivq0000001vg2-att/data_j.xls,2026-07-10T23:26:35.886407+00:00
9090.T,9090,ＡＺ－ＣＯＭ丸和ホールディングス,プライム（内国株式）,5050,陸運業,0012,運輸・物流,0006,TOPIX Small 1,20260630,https://www.jpx.co.jp/markets/statistics-equities/misc/tvdivq0000001vg2-att/data_j.xls,2026-07-10T23:26:35.886407+00:00
9101.T,9101,日本郵船,プライム（内国株式）,5100,海運業,0012,運輸・物流,0002,TOPIX Large70,20260630,https://www.jpx.co.jp/markets/statistics-equities/misc/tvdivq0000001vg2-att/data_j.xls,2026-07-10T23:26:35.886407+00:00
9104.T,9104,商船三井,プライム（内国株式）,5100,海運業,0012,運輸・物流,0002,TOPIX Large70,20260630,https://www.jpx.co.jp/markets/statistics-equities/misc/tvdivq0000001vg2-att/data_j.xls,2026-07-10T23:26:35.886407+00:00
9107.T,9107,川崎汽船,プライム（内国株式）,5100,海運業,0012,運輸・物流,0004,TOPIX Mid400,20260630,https://www.jpx.co.jp/markets/statistics-equities/misc/tvdivq0000001vg2-att/data_j.xls,2026-07-10T23:26:35.886407+00:00
9110.T,9110,ＮＳユナイテッド海運,プライム（内国株式）,5100,海運業,0012,運輸・物流,0006,TOPIX Small 1,20260630,https://www.jpx.co.jp/markets/statistics-equities/misc/tvdivq0000001vg2-att/data_j.xls,2026-07-10T23:26:35.886407+00:00
9115.T,9115,明海グループ,スタンダード（内国株式）,5100,海運業,0012,運輸・物流,-,-,20260630,https://www.jpx.co.jp/markets/statistics-equities/misc/tvdivq0000001vg2-att/data_j.xls,2026-07-10T23:26:35.886407+00:00
9119.T,9119,飯野海運,プライム（内国株式）,5100,海運業,0012,運輸・物流,0006,TOPIX Small 1,20260630,https://www.jpx.co.jp/markets/statistics-equities/misc/tvdivq0000001vg2-att/data_j.xls,2026-07-10T23:26:35.886407+00:00
9127.T,9127,玉井商船,スタンダード（内国株式）,5100,海運業,0012,運輸・物流,-,-,20260630,https://www.jpx.co.jp/markets/statistics-equities/misc/tvdivq0000001vg2-att/data_j.xls,2026-07-10T23:26:35.886407+00:00
9130.T,9130,共栄タンカー,スタンダード（内国株式）,5100,海運業,0012,運輸・物流,-,-,20260630,https://www.jpx.co.jp/markets/statistics-equities/misc/tvdivq0000001vg2-att/data_j.xls,2026-07-10T23:26:35.886407+00:00
9142.T,9142,九州旅客鉄道,プライム（内国株式）,5050,陸運業,0012,運輸・物流,0004,TOPIX Mid400,20260630,https://www.jpx.co.jp/markets/statistics-equities/misc/tvdivq0000001vg2-att/data_j.xls,2026-07-10T23:26:35.886407+00:00
9143.T,9143,ＳＧホールディングス,プライム（内国株式）,5050,陸運業,0012,運輸・物流,0004,TOPIX Mid400,20260630,https://www.jpx.co.jp/markets/statistics-equities/misc/tvdivq0000001vg2-att/data_j.xls,2026-07-10T23:26:35.886407+00:00
9145.T,9145,ビーイングホールディングス,スタンダード（内国株式）,5050,陸運業,0012,運輸・物流,-,-,20260630,https://www.jpx.co.jp/markets/statistics-equities/misc/tvdivq0000001vg2-att/data_j.xls,2026-07-10T23:26:35.886407+00:00
9146.T,9146,五健堂ホールディングス,PRO Market,5050,陸運業,0012,運輸・物流,-,-,20260630,https://www.jpx.co.jp/markets/statistics-equities/misc/tvdivq0000001vg2-att/data_j.xls,2026-07-10T23:26:35.886407+00:00
9147.T,9147,ＮＩＰＰＯＮ　ＥＸＰＲＥＳＳホールディングス,プライム（内国株式）,5050,陸運業,0012,運輸・物流,0004,TOPIX Mid400,20260630,https://www.jpx.co.jp/markets/statistics-equities/misc/tvdivq0000001vg2-att/data_j.xls,2026-07-10T23:26:35.886407+00:00
9149.T,9149,大友ロジスティクスサービス,PRO Market,5050,陸運業,0012,運輸・物流,-,-,20260630,https://www.jpx.co.jp/markets/statistics-equities/misc/tvdivq0000001vg2-att/data_j.xls,2026-07-10T23:26:35.886407+00:00
9156.T,9156,はなホールディングス,PRO Market,9050,サービス業,0010,情報通信・サービスその他,-,-,20260630,https://www.jpx.co.jp/markets/statistics-equities/misc/tvdivq0000001vg2-att/data_j.xls,2026-07-10T23:26:35.886407+00:00
9158.T,9158,シーユーシー,グロース（内国株式）,9050,サービス業,0010,情報通信・サービスその他,-,-,20260630,https://www.jpx.co.jp/markets/statistics-equities/misc/tvdivq0000001vg2-att/data_j.xls,2026-07-10T23:26:35.886407+00:00
9159.T,9159,Ｗ　ＴＯＫＹＯ,グロース（内国株式）,9050,サービス業,0010,情報通信・サービスその他,-,-,20260630,https://www.jpx.co.jp/markets/statistics-equities/misc/tvdivq0000001vg2-att/data_j.xls,2026-07-10T23:26:35.886407+00:00
9160.T,9160,オンザページ,スタンダード（内国株式）,9050,サービス業,0010,情報通信・サービスその他,-,-,20260630,https://www.jpx.co.jp/markets/statistics-equities/misc/tvdivq0000001vg2-att/data_j.xls,2026-07-10T23:26:35.886407+00:00
9162.T,9162,ブリーチ,グロース（内国株式）,9050,サービス業,0010,情報通信・サービスその他,-,-,20260630,https://www.jpx.co.jp/markets/statistics-equities/misc/tvdivq0000001vg2-att/data_j.xls,2026-07-10T23:26:35.886407+00:00
9163.T,9163,ナレルグループ,グロース（内国株式）,9050,サービス業,0010,情報通信・サービスその他,-,-,20260630,https://www.jpx.co.jp/markets/statistics-equities/misc/tvdivq0000001vg2-att/data_j.xls,2026-07-10T23:26:35.886407+00:00
9165.T,9165,クオルテック,グロース（内国株式）,9050,サービス業,0010,情報通信・サービスその他,-,-,20260630,https://www.jpx.co.jp/markets/statistics-equities/misc/tvdivq0000001vg2-att/data_j.xls,2026-07-10T23:26:35.886407+00:00
9166.T,9166,ＧＥＮＤＡ,グロース（内国株式）,9050,サービス業,0010,情報通信・サービスその他,-,-,20260630,https://www.jpx.co.jp/markets/statistics-equities/misc/tvdivq0000001vg2-att/data_j.xls,2026-07-10T23:26:35.886407+00:00
9168.T,9168,ライズ・コンサルティング・グループ,グロース（内国株式）,9050,サービス業,0010,情報通信・サービスその他,-,-,20260630,https://www.jpx.co.jp/markets/statistics-equities/misc/tvdivq0000001vg2-att/data_j.xls,2026-07-10T23:26:35.886407+00:00
9169.T,9169,大伸社,PRO Market,9050,サービス業,0010,情報通信・サービスその他,-,-,20260630,https://www.jpx.co.jp/markets/statistics-equities/misc/tvdivq0000001vg2-att/data_j.xls,2026-07-10T23:26:35.886407+00:00
9171.T,9171,栗林商船,スタンダード（内国株式）,5100,海運業,0012,運輸・物流,-,-,20260630,https://www.jpx.co.jp/markets/statistics-equities/misc/tvdivq0000001vg2-att/data_j.xls,2026-07-10T23:26:35.886407+00:00
9173.T,9173,東海汽船,スタンダード（内国株式）,5100,海運業,0012,運輸・物流,-,-,20260630,https://www.jpx.co.jp/markets/statistics-equities/misc/tvdivq0000001vg2-att/data_j.xls,2026-07-10T23:26:35.886407+00:00
9193.T,9193,東京汽船,スタンダード（内国株式）,5200,倉庫・運輸関連業,0012,運輸・物流,-,-,20260630,https://www.jpx.co.jp/markets/statistics-equities/misc/tvdivq0000001vg2-att/data_j.xls,2026-07-10T23:26:35.886407+00:00
9201.T,9201,日本航空,プライム（内国株式）,5150,空運業,0012,運輸・物流,0004,TOPIX Mid400,20260630,https://www.jpx.co.jp/markets/statistics-equities/misc/tvdivq0000001vg2-att/data_j.xls,2026-07-10T23:26:35.886407+00:00
9202.T,9202,ＡＮＡホールディングス,プライム（内国株式）,5150,空運業,0012,運輸・物流,0002,TOPIX Large70,20260630,https://www.jpx.co.jp/markets/statistics-equities/misc/tvdivq0000001vg2-att/data_j.xls,2026-07-10T23:26:35.886407+00:00
9204.T,9204,スカイマーク,グロース（内国株式）,5150,空運業,0012,運輸・物流,-,-,20260630,https://www.jpx.co.jp/markets/statistics-equities/misc/tvdivq0000001vg2-att/data_j.xls,2026-07-10T23:26:35.886407+00:00
9206.T,9206,スターフライヤー,スタンダード（内国株式）,5150,空運業,0012,運輸・物流,-,-,20260630,https://www.jpx.co.jp/markets/statistics-equities/misc/tvdivq0000001vg2-att/data_j.xls,2026-07-10T23:26:35.886407+00:00
9211.T,9211,エフ・コード,グロース（内国株式）,9050,サービス業,0010,情報通信・サービスその他,-,-,20260630,https://www.jpx.co.jp/markets/statistics-equities/misc/tvdivq0000001vg2-att/data_j.xls,2026-07-10T23:26:35.886407+00:00
9212.T,9212,Ｇｒｅｅｎ　Ｅａｒｔｈ　Ｉｎｓｔｉｔｕｔｅ,グロース（内国株式）,9050,サービス業,0010,情報通信・サービスその他,-,-,20260630,https://www.jpx.co.jp/markets/statistics-equities/misc/tvdivq0000001vg2-att/data_j.xls,2026-07-10T23:26:35.886407+00:00
9213.T,9213,セイファート,スタンダード（内国株式）,9050,サービス業,0010,情報通信・サービスその他,-,-,20260630,https://www.jpx.co.jp/markets/statistics-equities/misc/tvdivq0000001vg2-att/data_j.xls,2026-07-10T23:26:35.886407+00:00
9214.T,9214,Ｒｅｃｏｖｅｒｙ　Ｉｎｔｅｒｎａｔｉｏｎａｌ,グロース（内国株式）,9050,サービス業,0010,情報通信・サービスその他,-,-,20260630,https://www.jpx.co.jp/markets/statistics-equities/misc/tvdivq0000001vg2-att/data_j.xls,2026-07-10T23:26:35.886407+00:00
9215.T,9215,ＣａＳｙ,グロース（内国株式）,9050,サービス業,0010,情報通信・サービスその他,-,-,20260630,https://www.jpx.co.jp/markets/statistics-equities/misc/tvdivq0000001vg2-att/data_j.xls,2026-07-10T23:26:35.886407+00:00
9216.T,9216,ビーウィズ,プライム（内国株式）,9050,サービス業,0010,情報通信・サービスその他,0007,TOPIX Small 2,20260630,https://www.jpx.co.jp/markets/statistics-equities/misc/tvdivq0000001vg2-att/data_j.xls,2026-07-10T23:26:35.886407+00:00
9218.T,9218,メンタルヘルステクノロジーズ,グロース（内国株式）,9050,サービス業,0010,情報通信・サービスその他,-,-,20260630,https://www.jpx.co.jp/markets/statistics-equities/misc/tvdivq0000001vg2-att/data_j.xls,2026-07-10T23:26:35.886407+00:00
9219.T,9219,ギックス,グロース（内国株式）,9050,サービス業,0010,情報通信・サービスその他,-,-,20260630,https://www.jpx.co.jp/markets/statistics-equities/misc/tvdivq0000001vg2-att/data_j.xls,2026-07-10T23:26:35.886407+00:00
9220.T,9220,エフビー介護サービス,スタンダード（内国株式）,9050,サービス業,0010,情報通信・サービスその他,-,-,20260630,https://www.jpx.co.jp/markets/statistics-equities/misc/tvdivq0000001vg2-att/data_j.xls,2026-07-10T23:26:35.886407+00:00
9221.T,9221,フルハシＥＰＯ,スタンダード（内国株式）,9050,サービス業,0010,情報通信・サービスその他,-,-,20260630,https://www.jpx.co.jp/markets/statistics-equities/misc/tvdivq0000001vg2-att/data_j.xls,2026-07-10T23:26:35.886407+00:00
9222.T,9222,ｍａｎａｂｙ,PRO Market,9050,サービス業,0010,情報通信・サービスその他,-,-,20260630,https://www.jpx.co.jp/markets/statistics-equities/misc/tvdivq0000001vg2-att/data_j.xls,2026-07-10T23:26:35.886407+00:00
9223.T,9223,ＡＳＮＯＶＡ,グロース（内国株式）,9050,サービス業,0010,情報通信・サービスその他,-,-,20260630,https://www.jpx.co.jp/markets/statistics-equities/misc/tvdivq0000001vg2-att/data_j.xls,2026-07-10T23:26:35.886407+00:00
9225.T,9225,ブリッジコンサルティンググループ,グロース（内国株式）,9050,サービス業,0010,情報通信・サービスその他,-,-,20260630,https://www.jpx.co.jp/markets/statistics-equities/misc/tvdivq0000001vg2-att/data_j.xls,2026-07-10T23:26:35.886407+00:00
9226.T,9226,アイガー,PRO Market,9050,サービス業,0010,情報通信・サービスその他,-,-,20260630,https://www.jpx.co.jp/markets/statistics-equities/misc/tvdivq0000001vg2-att/data_j.xls,2026-07-10T23:26:35.886407+00:00
9227.T,9227,マイクロ波化学,グロース（内国株式）,9050,サービス業,0010,情報通信・サービスその他,-,-,20260630,https://www.jpx.co.jp/markets/statistics-equities/misc/tvdivq0000001vg2-att/data_j.xls,2026-07-10T23:26:35.886407+00:00
9229.T,9229,サンウェルズ,プライム（内国株式）,9050,サービス業,0010,情報通信・サービスその他,0007,TOPIX Small 2,20260630,https://www.jpx.co.jp/markets/statistics-equities/misc/tvdivq0000001vg2-att/data_j.xls,2026-07-10T23:26:35.886407+00:00
9233.T,9233,アジア航測,スタンダード（内国株式）,5150,空運業,0012,運輸・物流,-,-,20260630,https://www.jpx.co.jp/markets/statistics-equities/misc/tvdivq0000001vg2-att/data_j.xls,2026-07-10T23:26:35.886407+00:00
9235.T,9235,売れるネット広告社グループ,グロース（内国株式）,9050,サービス業,0010,情報通信・サービスその他,-,-,20260630,https://www.jpx.co.jp/markets/statistics-equities/misc/tvdivq0000001vg2-att/data_j.xls,2026-07-10T23:26:35.886407+00:00
9236.T,9236,ジャパンＭ＆Ａソリューション,グロース（内国株式）,9050,サービス業,0010,情報通信・サービスその他,-,-,20260630,https://www.jpx.co.jp/markets/statistics-equities/misc/tvdivq0000001vg2-att/data_j.xls,2026-07-10T23:26:35.886407+00:00
9237.T,9237,笑美面,グロース（内国株式）,9050,サービス業,0010,情報通信・サービスその他,-,-,20260630,https://www.jpx.co.jp/markets/statistics-equities/misc/tvdivq0000001vg2-att/data_j.xls,2026-07-10T23:26:35.886407+00:00
9238.T,9238,バリュークリエーション,グロース（内国株式）,9050,サービス業,0010,情報通信・サービスその他,-,-,20260630,https://www.jpx.co.jp/markets/statistics-equities/misc/tvdivq0000001vg2-att/data_j.xls,2026-07-10T23:26:35.886407+00:00
9239.T,9239,ケーイーティ,PRO Market,9050,サービス業,0010,情報通信・サービスその他,-,-,20260630,https://www.jpx.co.jp/markets/statistics-equities/misc/tvdivq0000001vg2-att/data_j.xls,2026-07-10T23:26:35.886407+00:00
9240.T,9240,デリバリーコンサルティング,グロース（内国株式）,9050,サービス業,0010,情報通信・サービスその他,-,-,20260630,https://www.jpx.co.jp/markets/statistics-equities/misc/tvdivq0000001vg2-att/data_j.xls,2026-07-10T23:26:35.886407+00:00
9241.T,9241,フューチャーリンクネットワーク,グロース（内国株式）,9050,サービス業,0010,情報通信・サービスその他,-,-,20260630,https://www.jpx.co.jp/markets/statistics-equities/misc/tvdivq0000001vg2-att/data_j.xls,2026-07-10T23:26:35.886407+00:00
9242.T,9242,メディア総研,グロース（内国株式）,9050,サービス業,0010,情報通信・サービスその他,-,-,20260630,https://www.jpx.co.jp/markets/statistics-equities/misc/tvdivq0000001vg2-att/data_j.xls,2026-07-10T23:26:35.886407+00:00
9243.T,9243,富士テクノホールディングス,PRO Market,9050,サービス業,0010,情報通信・サービスその他,-,-,20260630,https://www.jpx.co.jp/markets/statistics-equities/misc/tvdivq0000001vg2-att/data_j.xls,2026-07-10T23:26:35.886407+00:00
9244.T,9244,デジタリフト,グロース（内国株式）,9050,サービス業,0010,情報通信・サービスその他,-,-,20260630,https://www.jpx.co.jp/markets/statistics-equities/misc/tvdivq0000001vg2-att/data_j.xls,2026-07-10T23:26:35.886407+00:00
9245.T,9245,リベロ,グロース（内国株式）,9050,サービス業,0010,情報通信・サービスその他,-,-,20260630,https://www.jpx.co.jp/markets/statistics-equities/misc/tvdivq0000001vg2-att/data_j.xls,2026-07-10T23:26:35.886407+00:00
9246.T,9246,プロジェクトホールディングス,グロース（内国株式）,9050,サービス業,0010,情報通信・サービスその他,-,-,20260630,https://www.jpx.co.jp/markets/statistics-equities/misc/tvdivq0000001vg2-att/data_j.xls,2026-07-10T23:26:35.886407+00:00
9247.T,9247,ＴＲＥホールディングス,プライム（内国株式）,9050,サービス業,0010,情報通信・サービスその他,0006,TOPIX Small 1,20260630,https://www.jpx.co.jp/markets/statistics-equities/misc/tvdivq0000001vg2-att/data_j.xls,2026-07-10T23:26:35.886407+00:00
9248.T,9248,人・夢・技術グループ,スタンダード（内国株式）,9050,サービス業,0010,情報通信・サービスその他,0007,TOPIX Small 2,20260630,https://www.jpx.co.jp/markets/statistics-equities/misc/tvdivq0000001vg2-att/data_j.xls,2026-07-10T23:26:35.886407+00:00
9249.T,9249,日本エコシステム,スタンダード（内国株式）,9050,サービス業,0010,情報通信・サービスその他,-,-,20260630,https://www.jpx.co.jp/markets/statistics-equities/misc/tvdivq0000001vg2-att/data_j.xls,2026-07-10T23:26:35.886407+00:00
9250.T,9250,ＧＲＣＳ,グロース（内国株式）,9050,サービス業,0010,情報通信・サービスその他,-,-,20260630,https://www.jpx.co.jp/markets/statistics-equities/misc/tvdivq0000001vg2-att/data_j.xls,2026-07-10T23:26:35.886407+00:00
9251.T,9251,ＡＢ＆Ｃｏｍｐａｎｙ,グロース（内国株式）,9050,サービス業,0010,情報通信・サービスその他,-,-,20260630,https://www.jpx.co.jp/markets/statistics-equities/misc/tvdivq0000001vg2-att/data_j.xls,2026-07-10T23:26:35.886407+00:00
9252.T,9252,ラストワンマイル,グロース（内国株式）,9050,サービス業,0010,情報通信・サービスその他,-,-,20260630,https://www.jpx.co.jp/markets/statistics-equities/misc/tvdivq0000001vg2-att/data_j.xls,2026-07-10T23:26:35.886407+00:00
9253.T,9253,スローガン,グロース（内国株式）,9050,サービス業,0010,情報通信・サービスその他,-,-,20260630,https://www.jpx.co.jp/markets/statistics-equities/misc/tvdivq0000001vg2-att/data_j.xls,2026-07-10T23:26:35.886407+00:00
9254.T,9254,ラバブルマーケティンググループ,グロース（内国株式）,9050,サービス業,0010,情報通信・サービスその他,-,-,20260630,https://www.jpx.co.jp/markets/statistics-equities/misc/tvdivq0000001vg2-att/data_j.xls,2026-07-10T23:26:35.886407+00:00
9256.T,9256,サクシード,グロース（内国株式）,9050,サービス業,0010,情報通信・サービスその他,-,-,20260630,https://www.jpx.co.jp/markets/statistics-equities/misc/tvdivq0000001vg2-att/data_j.xls,2026-07-10T23:26:35.886407+00:00
9257.T,9257,ＹＣＰホールディングス（グローバル）リミテッド　ＪＤＲ,グロース（外国株式）,9050,サービス業,0010,情報通信・サービスその他,-,-,20260630,https://www.jpx.co.jp/markets/statistics-equities/misc/tvdivq0000001vg2-att/data_j.xls,2026-07-10T23:26:35.886407+00:00
9258.T,9258,ＣＳ－Ｃ,グロース（内国株式）,9050,サービス業,0010,情報通信・サービスその他,-,-,20260630,https://www.jpx.co.jp/markets/statistics-equities/misc/tvdivq0000001vg2-att/data_j.xls,2026-07-10T23:26:35.886407+00:00
9259.T,9259,タカヨシホールディングス,グロース（内国株式）,9050,サービス業,0010,情報通信・サービスその他,-,-,20260630,https://www.jpx.co.jp/markets/statistics-equities/misc/tvdivq0000001vg2-att/data_j.xls,2026-07-10T23:26:35.886407+00:00
9262.T,9262,シルバーライフ,スタンダード（内国株式）,6100,小売業,0014,小売,0007,TOPIX Small 2,20260630,https://www.jpx.co.jp/markets/statistics-equities/misc/tvdivq0000001vg2-att/data_j.xls,2026-07-10T23:26:35.886407+00:00
9264.T,9264,ポエック,スタンダード（内国株式）,6050,卸売業,0013,商社・卸売,-,-,20260630,https://www.jpx.co.jp/markets/statistics-equities/misc/tvdivq0000001vg2-att/data_j.xls,2026-07-10T23:26:35.886407+00:00
9265.T,9265,ヤマシタヘルスケアホールディングス,スタンダード（内国株式）,6050,卸売業,0013,商社・卸売,-,-,20260630,https://www.jpx.co.jp/markets/statistics-equities/misc/tvdivq0000001vg2-att/data_j.xls,2026-07-10T23:26:35.886407+00:00
9267.T,9267,Ｇｅｎｋｙ　ＤｒｕｇＳｔｏｒｅｓ,プライム（内国株式）,6100,小売業,0014,小売,0006,TOPIX Small 1,20260630,https://www.jpx.co.jp/markets/statistics-equities/misc/tvdivq0000001vg2-att/data_j.xls,2026-07-10T23:26:35.886407+00:00
9268.T,9268,オプティマスグループ,スタンダード（内国株式）,6050,卸売業,0013,商社・卸売,-,-,20260630,https://www.jpx.co.jp/markets/statistics-equities/misc/tvdivq0000001vg2-att/data_j.xls,2026-07-10T23:26:35.886407+00:00
9270.T,9270,バリュエンスホールディングス,グロース（内国株式）,6050,卸売業,0013,商社・卸売,-,-,20260630,https://www.jpx.co.jp/markets/statistics-equities/misc/tvdivq0000001vg2-att/data_j.xls,2026-07-10T23:26:35.886407+00:00
9271.T,9271,和心,グロース（内国株式）,6100,小売業,0014,小売,-,-,20260630,https://www.jpx.co.jp/markets/statistics-equities/misc/tvdivq0000001vg2-att/data_j.xls,2026-07-10T23:26:35.886407+00:00
9272.T,9272,ブティックス,グロース（内国株式）,9050,サービス業,0010,情報通信・サービスその他,-,-,20260630,https://www.jpx.co.jp/markets/statistics-equities/misc/tvdivq0000001vg2-att/data_j.xls,2026-07-10T23:26:35.886407+00:00
9273.T,9273,コーア商事ホールディングス,プライム（内国株式）,6050,卸売業,0013,商社・卸売,0007,TOPIX Small 2,20260630,https://www.jpx.co.jp/markets/statistics-equities/misc/tvdivq0000001vg2-att/data_j.xls,2026-07-10T23:26:35.886407+00:00
9274.T,9274,ＫＰＰグループホールディングス,プライム（内国株式）,6050,卸売業,0013,商社・卸売,0006,TOPIX Small 1,20260630,https://www.jpx.co.jp/markets/statistics-equities/misc/tvdivq0000001vg2-att/data_j.xls,2026-07-10T23:26:35.886407+00:00
9278.T,9278,ブックオフグループホールディングス,プライム（内国株式）,6100,小売業,0014,小売,0007,TOPIX Small 2,20260630,https://www.jpx.co.jp/markets/statistics-equities/misc/tvdivq0000001vg2-att/data_j.xls,2026-07-10T23:26:35.886407+00:00
9279.T,9279,ギフトホールディングス,プライム（内国株式）,6100,小売業,0014,小売,0007,TOPIX Small 2,20260630,https://www.jpx.co.jp/markets/statistics-equities/misc/tvdivq0000001vg2-att/data_j.xls,2026-07-10T23:26:35.886407+00:00
9282.T,9282,いちごグリーンインフラ投資法人,REIT・ベンチャーファンド・カントリーファンド・インフラファンド,-,-,-,-,-,-,20260630,https://www.jpx.co.jp/markets/statistics-equities/misc/tvdivq0000001vg2-att/data_j.xls,2026-07-10T23:26:35.886407+00:00
9284.T,9284,カナディアン・ソーラー・インフラ投資法人,REIT・ベンチャーファンド・カントリーファンド・インフラファンド,-,-,-,-,-,-,20260630,https://www.jpx.co.jp/markets/statistics-equities/misc/tvdivq0000001vg2-att/data_j.xls,2026-07-10T23:26:35.886407+00:00
9285.T,9285,東京インフラ・エネルギー投資法人,REIT・ベンチャーファンド・カントリーファンド・インフラファンド,-,-,-,-,-,-,20260630,https://www.jpx.co.jp/markets/statistics-equities/misc/tvdivq0000001vg2-att/data_j.xls,2026-07-10T23:26:35.886407+00:00
9286.T,9286,エネクス・インフラ投資法人,REIT・ベンチャーファンド・カントリーファンド・インフラファンド,-,-,-,-,-,-,20260630,https://www.jpx.co.jp/markets/statistics-equities/misc/tvdivq0000001vg2-att/data_j.xls,2026-07-10T23:26:35.886407+00:00
9301.T,9301,三菱倉庫,プライム（内国株式）,5200,倉庫・運輸関連業,0012,運輸・物流,0004,TOPIX Mid400,20260630,https://www.jpx.co.jp/markets/statistics-equities/misc/tvdivq0000001vg2-att/data_j.xls,2026-07-10T23:26:35.886407+00:00
9302.T,9302,三井倉庫ホールディングス,プライム（内国株式）,5200,倉庫・運輸関連業,0012,運輸・物流,0004,TOPIX Mid400,20260630,https://www.jpx.co.jp/markets/statistics-equities/misc/tvdivq0000001vg2-att/data_j.xls,2026-07-10T23:26:35.886407+00:00
9303.T,9303,住友倉庫,プライム（内国株式）,5200,倉庫・運輸関連業,0012,運輸・物流,0006,TOPIX Small 1,20260630,https://www.jpx.co.jp/markets/statistics-equities/misc/tvdivq0000001vg2-att/data_j.xls,2026-07-10T23:26:35.886407+00:00
9304.T,9304,澁澤倉庫,プライム（内国株式）,5200,倉庫・運輸関連業,0012,運輸・物流,0007,TOPIX Small 2,20260630,https://www.jpx.co.jp/markets/statistics-equities/misc/tvdivq0000001vg2-att/data_j.xls,2026-07-10T23:26:35.886407+00:00
9305.T,9305,ヤマタネ,プライム（内国株式）,6050,卸売業,0013,商社・卸売,0007,TOPIX Small 2,20260630,https://www.jpx.co.jp/markets/statistics-equities/misc/tvdivq0000001vg2-att/data_j.xls,2026-07-10T23:26:35.886407+00:00
9306.T,9306,東陽倉庫,スタンダード（内国株式）,5200,倉庫・運輸関連業,0012,運輸・物流,-,-,20260630,https://www.jpx.co.jp/markets/statistics-equities/misc/tvdivq0000001vg2-att/data_j.xls,2026-07-10T23:26:35.886407+00:00
9307.T,9307,杉村倉庫,スタンダード（内国株式）,5200,倉庫・運輸関連業,0012,運輸・物流,-,-,20260630,https://www.jpx.co.jp/markets/statistics-equities/misc/tvdivq0000001vg2-att/data_j.xls,2026-07-10T23:26:35.886407+00:00
9308.T,9308,乾汽船,スタンダード（内国株式）,5100,海運業,0012,運輸・物流,0007,TOPIX Small 2,20260630,https://www.jpx.co.jp/markets/statistics-equities/misc/tvdivq0000001vg2-att/data_j.xls,2026-07-10T23:26:35.886407+00:00
9310.T,9310,日本トランスシティ,プライム（内国株式）,5200,倉庫・運輸関連業,0012,運輸・物流,0007,TOPIX Small 2,20260630,https://www.jpx.co.jp/markets/statistics-equities/misc/tvdivq0000001vg2-att/data_j.xls,2026-07-10T23:26:35.886407+00:00
9311.T,9311,アサガミ,スタンダード（内国株式）,5200,倉庫・運輸関連業,0012,運輸・物流,-,-,20260630,https://www.jpx.co.jp/markets/statistics-equities/misc/tvdivq0000001vg2-att/data_j.xls,2026-07-10T23:26:35.886407+00:00
9312.T,9312,ケイヒン,スタンダード（内国株式）,5200,倉庫・運輸関連業,0012,運輸・物流,-,-,20260630,https://www.jpx.co.jp/markets/statistics-equities/misc/tvdivq0000001vg2-att/data_j.xls,2026-07-10T23:26:35.886407+00:00
9313.T,9313,丸八倉庫,スタンダード（内国株式）,5200,倉庫・運輸関連業,0012,運輸・物流,-,-,20260630,https://www.jpx.co.jp/markets/statistics-equities/misc/tvdivq0000001vg2-att/data_j.xls,2026-07-10T23:26:35.886407+00:00
9319.T,9319,中央倉庫,プライム（内国株式）,5200,倉庫・運輸関連業,0012,運輸・物流,0007,TOPIX Small 2,20260630,https://www.jpx.co.jp/markets/statistics-equities/misc/tvdivq0000001vg2-att/data_j.xls,2026-07-10T23:26:35.886407+00:00
9322.T,9322,川西倉庫,スタンダード（内国株式）,5200,倉庫・運輸関連業,0012,運輸・物流,-,-,20260630,https://www.jpx.co.jp/markets/statistics-equities/misc/tvdivq0000001vg2-att/data_j.xls,2026-07-10T23:26:35.886407+00:00
9324.T,9324,安田倉庫,プライム（内国株式）,5200,倉庫・運輸関連業,0012,運輸・物流,0007,TOPIX Small 2,20260630,https://www.jpx.co.jp/markets/statistics-equities/misc/tvdivq0000001vg2-att/data_j.xls,2026-07-10T23:26:35.886407+00:00
9325.T,9325,ファイズホールディングス,スタンダード（内国株式）,5200,倉庫・運輸関連業,0012,運輸・物流,-,-,20260630,https://www.jpx.co.jp/markets/statistics-equities/misc/tvdivq0000001vg2-att/data_j.xls,2026-07-10T23:26:35.886407+00:00
9326.T,9326,関通ホールディングス,グロース（内国株式）,5200,倉庫・運輸関連業,0012,運輸・物流,-,-,20260630,https://www.jpx.co.jp/markets/statistics-equities/misc/tvdivq0000001vg2-att/data_j.xls,2026-07-10T23:26:35.886407+00:00
9327.T,9327,イー・ロジット,スタンダード（内国株式）,5200,倉庫・運輸関連業,0012,運輸・物流,-,-,20260630,https://www.jpx.co.jp/markets/statistics-equities/misc/tvdivq0000001vg2-att/data_j.xls,2026-07-10T23:26:35.886407+00:00
9330.T,9330,揚羽,グロース（内国株式）,9050,サービス業,0010,情報通信・サービスその他,-,-,20260630,https://www.jpx.co.jp/markets/statistics-equities/misc/tvdivq0000001vg2-att/data_j.xls,2026-07-10T23:26:35.886407+00:00
9331.T,9331,キャスター,グロース（内国株式）,9050,サービス業,0010,情報通信・サービスその他,-,-,20260630,https://www.jpx.co.jp/markets/statistics-equities/misc/tvdivq0000001vg2-att/data_j.xls,2026-07-10T23:26:35.886407+00:00
9332.T,9332,ＮＩＳＳＯホールディングス,プライム（内国株式）,9050,サービス業,0010,情報通信・サービスその他,0007,TOPIX Small 2,20260630,https://www.jpx.co.jp/markets/statistics-equities/misc/tvdivq0000001vg2-att/data_j.xls,2026-07-10T23:26:35.886407+00:00
9334.T,9334,アイビスホールディングス,PRO Market,9050,サービス業,0010,情報通信・サービスその他,-,-,20260630,https://www.jpx.co.jp/markets/statistics-equities/misc/tvdivq0000001vg2-att/data_j.xls,2026-07-10T23:26:35.886407+00:00
9335.T,9335,テクノクリエイティブ,PRO Market,9050,サービス業,0010,情報通信・サービスその他,-,-,20260630,https://www.jpx.co.jp/markets/statistics-equities/misc/tvdivq0000001vg2-att/data_j.xls,2026-07-10T23:26:35.886407+00:00
9336.T,9336,大栄環境,プライム（内国株式）,9050,サービス業,0010,情報通信・サービスその他,0006,TOPIX Small 1,20260630,https://www.jpx.co.jp/markets/statistics-equities/misc/tvdivq0000001vg2-att/data_j.xls,2026-07-10T23:26:35.886407+00:00
9337.T,9337,トリドリ,グロース（内国株式）,9050,サービス業,0010,情報通信・サービスその他,-,-,20260630,https://www.jpx.co.jp/markets/statistics-equities/misc/tvdivq0000001vg2-att/data_j.xls,2026-07-10T23:26:35.886407+00:00
9339.T,9339,コーチ・エィ,スタンダード（内国株式）,9050,サービス業,0010,情報通信・サービスその他,-,-,20260630,https://www.jpx.co.jp/markets/statistics-equities/misc/tvdivq0000001vg2-att/data_j.xls,2026-07-10T23:26:35.886407+00:00
9340.T,9340,アソインターナショナル,スタンダード（内国株式）,9050,サービス業,0010,情報通信・サービスその他,-,-,20260630,https://www.jpx.co.jp/markets/statistics-equities/misc/tvdivq0000001vg2-att/data_j.xls,2026-07-10T23:26:35.886407+00:00
9341.T,9341,ＧＥＮＯＶＡ,プライム（内国株式）,9050,サービス業,0010,情報通信・サービスその他,0007,TOPIX Small 2,20260630,https://www.jpx.co.jp/markets/statistics-equities/misc/tvdivq0000001vg2-att/data_j.xls,2026-07-10T23:26:35.886407+00:00
9342.T,9342,スマサポ,グロース（内国株式）,9050,サービス業,0010,情報通信・サービスその他,-,-,20260630,https://www.jpx.co.jp/markets/statistics-equities/misc/tvdivq0000001vg2-att/data_j.xls,2026-07-10T23:26:35.886407+00:00
9343.T,9343,アイビス,グロース（内国株式）,9050,サービス業,0010,情報通信・サービスその他,-,-,20260630,https://www.jpx.co.jp/markets/statistics-equities/misc/tvdivq0000001vg2-att/data_j.xls,2026-07-10T23:26:35.886407+00:00
9344.T,9344,アクシスコンサルティング,グロース（内国株式）,9050,サービス業,0010,情報通信・サービスその他,-,-,20260630,https://www.jpx.co.jp/markets/statistics-equities/misc/tvdivq0000001vg2-att/data_j.xls,2026-07-10T23:26:35.886407+00:00
9345.T,9345,ビズメイツ,グロース（内国株式）,9050,サービス業,0010,情報通信・サービスその他,-,-,20260630,https://www.jpx.co.jp/markets/statistics-equities/misc/tvdivq0000001vg2-att/data_j.xls,2026-07-10T23:26:35.886407+00:00
9346.T,9346,ココルポート,グロース（内国株式）,9050,サービス業,0010,情報通信・サービスその他,-,-,20260630,https://www.jpx.co.jp/markets/statistics-equities/misc/tvdivq0000001vg2-att/data_j.xls,2026-07-10T23:26:35.886407+00:00
9347.T,9347,日本管財ホールディングス,プライム（内国株式）,9050,サービス業,0010,情報通信・サービスその他,0007,TOPIX Small 2,20260630,https://www.jpx.co.jp/markets/statistics-equities/misc/tvdivq0000001vg2-att/data_j.xls,2026-07-10T23:26:35.886407+00:00
9348.T,9348,ｉｓｐａｃｅ,グロース（内国株式）,9050,サービス業,0010,情報通信・サービスその他,-,-,20260630,https://www.jpx.co.jp/markets/statistics-equities/misc/tvdivq0000001vg2-att/data_j.xls,2026-07-10T23:26:35.886407+00:00
9351.T,9351,東洋埠頭,スタンダード（内国株式）,5200,倉庫・運輸関連業,0012,運輸・物流,-,-,20260630,https://www.jpx.co.jp/markets/statistics-equities/misc/tvdivq0000001vg2-att/data_j.xls,2026-07-10T23:26:35.886407+00:00
9353.T,9353,櫻島埠頭,スタンダード（内国株式）,5200,倉庫・運輸関連業,0012,運輸・物流,-,-,20260630,https://www.jpx.co.jp/markets/statistics-equities/misc/tvdivq0000001vg2-att/data_j.xls,2026-07-10T23:26:35.886407+00:00
9355.T,9355,リンコーコーポレーション,スタンダード（内国株式）,5200,倉庫・運輸関連業,0012,運輸・物流,-,-,20260630,https://www.jpx.co.jp/markets/statistics-equities/misc/tvdivq0000001vg2-att/data_j.xls,2026-07-10T23:26:35.886407+00:00
9360.T,9360,鈴与シンワート,スタンダード（内国株式）,5250,情報・通信業,0010,情報通信・サービスその他,-,-,20260630,https://www.jpx.co.jp/markets/statistics-equities/misc/tvdivq0000001vg2-att/data_j.xls,2026-07-10T23:26:35.886407+00:00
9361.T,9361,伏木海陸運送,スタンダード（内国株式）,5200,倉庫・運輸関連業,0012,運輸・物流,-,-,20260630,https://www.jpx.co.jp/markets/statistics-equities/misc/tvdivq0000001vg2-att/data_j.xls,2026-07-10T23:26:35.886407+00:00
9362.T,9362,兵機海運,スタンダード（内国株式）,5200,倉庫・運輸関連業,0012,運輸・物流,-,-,20260630,https://www.jpx.co.jp/markets/statistics-equities/misc/tvdivq0000001vg2-att/data_j.xls,2026-07-10T23:26:35.886407+00:00
9363.T,9363,大運,スタンダード（内国株式）,5200,倉庫・運輸関連業,0012,運輸・物流,-,-,20260630,https://www.jpx.co.jp/markets/statistics-equities/misc/tvdivq0000001vg2-att/data_j.xls,2026-07-10T23:26:35.886407+00:00
9364.T,9364,上組,プライム（内国株式）,5200,倉庫・運輸関連業,0012,運輸・物流,0004,TOPIX Mid400,20260630,https://www.jpx.co.jp/markets/statistics-equities/misc/tvdivq0000001vg2-att/data_j.xls,2026-07-10T23:26:35.886407+00:00
9365.T,9365,トレーディア,スタンダード（内国株式）,5200,倉庫・運輸関連業,0012,運輸・物流,-,-,20260630,https://www.jpx.co.jp/markets/statistics-equities/misc/tvdivq0000001vg2-att/data_j.xls,2026-07-10T23:26:35.886407+00:00
9366.T,9366,サンリツ,スタンダード（内国株式）,5200,倉庫・運輸関連業,0012,運輸・物流,-,-,20260630,https://www.jpx.co.jp/markets/statistics-equities/misc/tvdivq0000001vg2-att/data_j.xls,2026-07-10T23:26:35.886407+00:00
9367.T,9367,大東港運,スタンダード（内国株式）,5200,倉庫・運輸関連業,0012,運輸・物流,-,-,20260630,https://www.jpx.co.jp/markets/statistics-equities/misc/tvdivq0000001vg2-att/data_j.xls,2026-07-10T23:26:35.886407+00:00
9368.T,9368,キムラユニティー,スタンダード（内国株式）,5200,倉庫・運輸関連業,0012,運輸・物流,-,-,20260630,https://www.jpx.co.jp/markets/statistics-equities/misc/tvdivq0000001vg2-att/data_j.xls,2026-07-10T23:26:35.886407+00:00
9369.T,9369,キユーソー流通システム,スタンダード（内国株式）,5200,倉庫・運輸関連業,0012,運輸・物流,0007,TOPIX Small 2,20260630,https://www.jpx.co.jp/markets/statistics-equities/misc/tvdivq0000001vg2-att/data_j.xls,2026-07-10T23:26:35.886407+00:00
9376.T,9376,ユーラシア旅行社,スタンダード（内国株式）,9050,サービス業,0010,情報通信・サービスその他,-,-,20260630,https://www.jpx.co.jp/markets/statistics-equities/misc/tvdivq0000001vg2-att/data_j.xls,2026-07-10T23:26:35.886407+00:00
9380.T,9380,東海運,スタンダード（内国株式）,5200,倉庫・運輸関連業,0012,運輸・物流,-,-,20260630,https://www.jpx.co.jp/markets/statistics-equities/misc/tvdivq0000001vg2-att/data_j.xls,2026-07-10T23:26:35.886407+00:00
9381.T,9381,エーアイテイー,プライム（内国株式）,5200,倉庫・運輸関連業,0012,運輸・物流,0007,TOPIX Small 2,20260630,https://www.jpx.co.jp/markets/statistics-equities/misc/tvdivq0000001vg2-att/data_j.xls,2026-07-10T23:26:35.886407+00:00
9385.T,9385,ショーエイコーポレーション,スタンダード（内国株式）,3200,化学,0004,素材・化学,-,-,20260630,https://www.jpx.co.jp/markets/statistics-equities/misc/tvdivq0000001vg2-att/data_j.xls,2026-07-10T23:26:35.886407+00:00
9399.T,9399,ビート・ホールディングス・リミテッド,スタンダード（外国株式）,5250,情報・通信業,0010,情報通信・サービスその他,-,-,20260630,https://www.jpx.co.jp/markets/statistics-equities/misc/tvdivq0000001vg2-att/data_j.xls,2026-07-10T23:26:35.886407+00:00
9401.T,9401,ＴＢＳホールディングス,プライム（内国株式）,5250,情報・通信業,0010,情報通信・サービスその他,0004,TOPIX Mid400,20260630,https://www.jpx.co.jp/markets/statistics-equities/misc/tvdivq0000001vg2-att/data_j.xls,2026-07-10T23:26:35.886407+00:00
9404.T,9404,日本テレビホールディングス,プライム（内国株式）,5250,情報・通信業,0010,情報通信・サービスその他,0004,TOPIX Mid400,20260630,https://www.jpx.co.jp/markets/statistics-equities/misc/tvdivq0000001vg2-att/data_j.xls,2026-07-10T23:26:35.886407+00:00
9405.T,9405,朝日放送グループホールディングス,プライム（内国株式）,5250,情報・通信業,0010,情報通信・サービスその他,0007,TOPIX Small 2,20260630,https://www.jpx.co.jp/markets/statistics-equities/misc/tvdivq0000001vg2-att/data_j.xls,2026-07-10T23:26:35.886407+00:00
9408.T,9408,ＢＳＮメディアホールディングス,スタンダード（内国株式）,5250,情報・通信業,0010,情報通信・サービスその他,-,-,20260630,https://www.jpx.co.jp/markets/statistics-equities/misc/tvdivq0000001vg2-att/data_j.xls,2026-07-10T23:26:35.886407+00:00
9409.T,9409,テレビ朝日ホールディングス,プライム（内国株式）,5250,情報・通信業,0010,情報通信・サービスその他,0006,TOPIX Small 1,20260630,https://www.jpx.co.jp/markets/statistics-equities/misc/tvdivq0000001vg2-att/data_j.xls,2026-07-10T23:26:35.886407+00:00
9412.T,9412,スカパーＪＳＡＴ,プライム（内国株式）,5250,情報・通信業,0010,情報通信・サービスその他,0006,TOPIX Small 1,20260630,https://www.jpx.co.jp/markets/statistics-equities/misc/tvdivq0000001vg2-att/data_j.xls,2026-07-10T23:26:35.886407+00:00
9413.T,9413,テレビ東京ホールディングス,プライム（内国株式）,5250,情報・通信業,0010,情報通信・サービスその他,0006,TOPIX Small 1,20260630,https://www.jpx.co.jp/markets/statistics-equities/misc/tvdivq0000001vg2-att/data_j.xls,2026-07-10T23:26:35.886407+00:00
9414.T,9414,日本ＢＳ放送,スタンダード（内国株式）,5250,情報・通信業,0010,情報通信・サービスその他,-,-,20260630,https://www.jpx.co.jp/markets/statistics-equities/misc/tvdivq0000001vg2-att/data_j.xls,2026-07-10T23:26:35.886407+00:00
9416.T,9416,ビジョン,プライム（内国株式）,5250,情報・通信業,0010,情報通信・サービスその他,0006,TOPIX Small 1,20260630,https://www.jpx.co.jp/markets/statistics-equities/misc/tvdivq0000001vg2-att/data_j.xls,2026-07-10T23:26:35.886407+00:00
9417.T,9417,スマートバリュー,スタンダード（内国株式）,5250,情報・通信業,0010,情報通信・サービスその他,-,-,20260630,https://www.jpx.co.jp/markets/statistics-equities/misc/tvdivq0000001vg2-att/data_j.xls,2026-07-10T23:26:35.886407+00:00
9418.T,9418,Ｕ－ＮＥＸＴ　ＨＯＬＤＩＮＧＳ,プライム（内国株式）,5250,情報・通信業,0010,情報通信・サービスその他,0006,TOPIX Small 1,20260630,https://www.jpx.co.jp/markets/statistics-equities/misc/tvdivq0000001vg2-att/data_j.xls,2026-07-10T23:26:35.886407+00:00
9419.T,9419,ワイヤレスゲート,スタンダード（内国株式）,5250,情報・通信業,0010,情報通信・サービスその他,-,-,20260630,https://www.jpx.co.jp/markets/statistics-equities/misc/tvdivq0000001vg2-att/data_j.xls,2026-07-10T23:26:35.886407+00:00
9421.T,9421,エヌジェイホールディングス,スタンダード（内国株式）,5250,情報・通信業,0010,情報通信・サービスその他,-,-,20260630,https://www.jpx.co.jp/markets/statistics-equities/misc/tvdivq0000001vg2-att/data_j.xls,2026-07-10T23:26:35.886407+00:00
9423.T,9423,フォーバル・リアルストレート,スタンダード（内国株式）,5250,情報・通信業,0010,情報通信・サービスその他,-,-,20260630,https://www.jpx.co.jp/markets/statistics-equities/misc/tvdivq0000001vg2-att/data_j.xls,2026-07-10T23:26:35.886407+00:00
9424.T,9424,日本通信,プライム（内国株式）,5250,情報・通信業,0010,情報通信・サービスその他,0007,TOPIX Small 2,20260630,https://www.jpx.co.jp/markets/statistics-equities/misc/tvdivq0000001vg2-att/data_j.xls,2026-07-10T23:26:35.886407+00:00
9425.T,9425,ＲｅＹｕｕ　Ｊａｐａｎ,スタンダード（内国株式）,5250,情報・通信業,0010,情報通信・サービスその他,-,-,20260630,https://www.jpx.co.jp/markets/statistics-equities/misc/tvdivq0000001vg2-att/data_j.xls,2026-07-10T23:26:35.886407+00:00
9428.T,9428,クロップス,スタンダード（内国株式）,5250,情報・通信業,0010,情報通信・サービスその他,-,-,20260630,https://www.jpx.co.jp/markets/statistics-equities/misc/tvdivq0000001vg2-att/data_j.xls,2026-07-10T23:26:35.886407+00:00
9432.T,9432,ＮＴＴ,プライム（内国株式）,5250,情報・通信業,0010,情報通信・サービスその他,0001,TOPIX Core30,20260630,https://www.jpx.co.jp/markets/statistics-equities/misc/tvdivq0000001vg2-att/data_j.xls,2026-07-10T23:26:35.886407+00:00
9433.T,9433,ＫＤＤＩ,プライム（内国株式）,5250,情報・通信業,0010,情報通信・サービスその他,0001,TOPIX Core30,20260630,https://www.jpx.co.jp/markets/statistics-equities/misc/tvdivq0000001vg2-att/data_j.xls,2026-07-10T23:26:35.886407+00:00
9434.T,9434,ソフトバンク,プライム（内国株式）,5250,情報・通信業,0010,情報通信・サービスその他,0001,TOPIX Core30,20260630,https://www.jpx.co.jp/markets/statistics-equities/misc/tvdivq0000001vg2-att/data_j.xls,2026-07-10T23:26:35.886407+00:00
9435.T,9435,光通信,プライム（内国株式）,5250,情報・通信業,0010,情報通信・サービスその他,0004,TOPIX Mid400,20260630,https://www.jpx.co.jp/markets/statistics-equities/misc/tvdivq0000001vg2-att/data_j.xls,2026-07-10T23:26:35.886407+00:00
9436.T,9436,沖縄セルラー電話,スタンダード（内国株式）,5250,情報・通信業,0010,情報通信・サービスその他,-,-,20260630,https://www.jpx.co.jp/markets/statistics-equities/misc/tvdivq0000001vg2-att/data_j.xls,2026-07-10T23:26:35.886407+00:00
9438.T,9438,エムティーアイ,プライム（内国株式）,5250,情報・通信業,0010,情報通信・サービスその他,0007,TOPIX Small 2,20260630,https://www.jpx.co.jp/markets/statistics-equities/misc/tvdivq0000001vg2-att/data_j.xls,2026-07-10T23:26:35.886407+00:00
9439.T,9439,エム・エイチ・グループ,スタンダード（内国株式）,9050,サービス業,0010,情報通信・サービスその他,-,-,20260630,https://www.jpx.co.jp/markets/statistics-equities/misc/tvdivq0000001vg2-att/data_j.xls,2026-07-10T23:26:35.886407+00:00
9441.T,9441,ベルパーク,スタンダード（内国株式）,5250,情報・通信業,0010,情報通信・サービスその他,-,-,20260630,https://www.jpx.co.jp/markets/statistics-equities/misc/tvdivq0000001vg2-att/data_j.xls,2026-07-10T23:26:35.886407+00:00
9444.T,9444,トーシンホールディングス,スタンダード（内国株式）,5250,情報・通信業,0010,情報通信・サービスその他,-,-,20260630,https://www.jpx.co.jp/markets/statistics-equities/misc/tvdivq0000001vg2-att/data_j.xls,2026-07-10T23:26:35.886407+00:00
9445.T,9445,フォーバルテレコム,スタンダード（内国株式）,5250,情報・通信業,0010,情報通信・サービスその他,-,-,20260630,https://www.jpx.co.jp/markets/statistics-equities/misc/tvdivq0000001vg2-att/data_j.xls,2026-07-10T23:26:35.886407+00:00
9446.T,9446,サカイホールディングス,スタンダード（内国株式）,5250,情報・通信業,0010,情報通信・サービスその他,-,-,20260630,https://www.jpx.co.jp/markets/statistics-equities/misc/tvdivq0000001vg2-att/data_j.xls,2026-07-10T23:26:35.886407+00:00
9449.T,9449,ＧＭＯインターネットグループ,プライム（内国株式）,5250,情報・通信業,0010,情報通信・サービスその他,0004,TOPIX Mid400,20260630,https://www.jpx.co.jp/markets/statistics-equities/misc/tvdivq0000001vg2-att/data_j.xls,2026-07-10T23:26:35.886407+00:00
9450.T,9450,ファイバーゲート,スタンダード（内国株式）,5250,情報・通信業,0010,情報通信・サービスその他,0007,TOPIX Small 2,20260630,https://www.jpx.co.jp/markets/statistics-equities/misc/tvdivq0000001vg2-att/data_j.xls,2026-07-10T23:26:35.886407+00:00
9466.T,9466,アイドママーケティングコミュニケーション,スタンダード（内国株式）,5250,情報・通信業,0010,情報通信・サービスその他,-,-,20260630,https://www.jpx.co.jp/markets/statistics-equities/misc/tvdivq0000001vg2-att/data_j.xls,2026-07-10T23:26:35.886407+00:00
9467.T,9467,アルファポリス,グロース（内国株式）,5250,情報・通信業,0010,情報通信・サービスその他,-,-,20260630,https://www.jpx.co.jp/markets/statistics-equities/misc/tvdivq0000001vg2-att/data_j.xls,2026-07-10T23:26:35.886407+00:00
9468.T,9468,ＫＡＤＯＫＡＷＡ,プライム（内国株式）,5250,情報・通信業,0010,情報通信・サービスその他,0004,TOPIX Mid400,20260630,https://www.jpx.co.jp/markets/statistics-equities/misc/tvdivq0000001vg2-att/data_j.xls,2026-07-10T23:26:35.886407+00:00
9470.T,9470,学研ホールディングス,プライム（内国株式）,5250,情報・通信業,0010,情報通信・サービスその他,0007,TOPIX Small 2,20260630,https://www.jpx.co.jp/markets/statistics-equities/misc/tvdivq0000001vg2-att/data_j.xls,2026-07-10T23:26:35.886407+00:00
9474.T,9474,ゼンリン,プライム（内国株式）,5250,情報・通信業,0010,情報通信・サービスその他,0007,TOPIX Small 2,20260630,https://www.jpx.co.jp/markets/statistics-equities/misc/tvdivq0000001vg2-att/data_j.xls,2026-07-10T23:26:35.886407+00:00
9475.T,9475,昭文社ホールディングス,スタンダード（内国株式）,5250,情報・通信業,0010,情報通信・サービスその他,-,-,20260630,https://www.jpx.co.jp/markets/statistics-equities/misc/tvdivq0000001vg2-att/data_j.xls,2026-07-10T23:26:35.886407+00:00
9476.T,9476,中央経済社ホールディングス,スタンダード（内国株式）,5250,情報・通信業,0010,情報通信・サービスその他,-,-,20260630,https://www.jpx.co.jp/markets/statistics-equities/misc/tvdivq0000001vg2-att/data_j.xls,2026-07-10T23:26:35.886407+00:00
9478.T,9478,ＳＥホールディングス・アンド・インキュベーションズ,スタンダード（内国株式）,5250,情報・通信業,0010,情報通信・サービスその他,-,-,20260630,https://www.jpx.co.jp/markets/statistics-equities/misc/tvdivq0000001vg2-att/data_j.xls,2026-07-10T23:26:35.886407+00:00
9501.T,9501,東京電力ホールディングス,プライム（内国株式）,4050,電気・ガス業,0011,電力・ガス,0004,TOPIX Mid400,20260630,https://www.jpx.co.jp/markets/statistics-equities/misc/tvdivq0000001vg2-att/data_j.xls,2026-07-10T23:26:35.886407+00:00
9502.T,9502,中部電力,プライム（内国株式）,4050,電気・ガス業,0011,電力・ガス,0004,TOPIX Mid400,20260630,https://www.jpx.co.jp/markets/statistics-equities/misc/tvdivq0000001vg2-att/data_j.xls,2026-07-10T23:26:35.886407+00:00
9503.T,9503,関西電力,プライム（内国株式）,4050,電気・ガス業,0011,電力・ガス,0004,TOPIX Mid400,20260630,https://www.jpx.co.jp/markets/statistics-equities/misc/tvdivq0000001vg2-att/data_j.xls,2026-07-10T23:26:35.886407+00:00
9504.T,9504,中国電力,プライム（内国株式）,4050,電気・ガス業,0011,電力・ガス,0004,TOPIX Mid400,20260630,https://www.jpx.co.jp/markets/statistics-equities/misc/tvdivq0000001vg2-att/data_j.xls,2026-07-10T23:26:35.886407+00:00
9505.T,9505,北陸電力,プライム（内国株式）,4050,電気・ガス業,0011,電力・ガス,0004,TOPIX Mid400,20260630,https://www.jpx.co.jp/markets/statistics-equities/misc/tvdivq0000001vg2-att/data_j.xls,2026-07-10T23:26:35.886407+00:00
9506.T,9506,東北電力,プライム（内国株式）,4050,電気・ガス業,0011,電力・ガス,0004,TOPIX Mid400,20260630,https://www.jpx.co.jp/markets/statistics-equities/misc/tvdivq0000001vg2-att/data_j.xls,2026-07-10T23:26:35.886407+00:00
9507.T,9507,四国電力,プライム（内国株式）,4050,電気・ガス業,0011,電力・ガス,0004,TOPIX Mid400,20260630,https://www.jpx.co.jp/markets/statistics-equities/misc/tvdivq0000001vg2-att/data_j.xls,2026-07-10T23:26:35.886407+00:00
9508.T,9508,九州電力,プライム（内国株式）,4050,電気・ガス業,0011,電力・ガス,0004,TOPIX Mid400,20260630,https://www.jpx.co.jp/markets/statistics-equities/misc/tvdivq0000001vg2-att/data_j.xls,2026-07-10T23:26:35.886407+00:00
9509.T,9509,北海道電力,プライム（内国株式）,4050,電気・ガス業,0011,電力・ガス,0004,TOPIX Mid400,20260630,https://www.jpx.co.jp/markets/statistics-equities/misc/tvdivq0000001vg2-att/data_j.xls,2026-07-10T23:26:35.886407+00:00
9511.T,9511,沖縄電力,プライム（内国株式）,4050,電気・ガス業,0011,電力・ガス,0006,TOPIX Small 1,20260630,https://www.jpx.co.jp/markets/statistics-equities/misc/tvdivq0000001vg2-att/data_j.xls,2026-07-10T23:26:35.886407+00:00
9513.T,9513,電源開発,プライム（内国株式）,4050,電気・ガス業,0011,電力・ガス,0004,TOPIX Mid400,20260630,https://www.jpx.co.jp/markets/statistics-equities/misc/tvdivq0000001vg2-att/data_j.xls,2026-07-10T23:26:35.886407+00:00
9514.T,9514,エフオン,スタンダード（内国株式）,4050,電気・ガス業,0011,電力・ガス,0007,TOPIX Small 2,20260630,https://www.jpx.co.jp/markets/statistics-equities/misc/tvdivq0000001vg2-att/data_j.xls,2026-07-10T23:26:35.886407+00:00
9517.T,9517,イーレックス,プライム（内国株式）,4050,電気・ガス業,0011,電力・ガス,0007,TOPIX Small 2,20260630,https://www.jpx.co.jp/markets/statistics-equities/misc/tvdivq0000001vg2-att/data_j.xls,2026-07-10T23:26:35.886407+00:00
9519.T,9519,レノバ,プライム（内国株式）,4050,電気・ガス業,0011,電力・ガス,0006,TOPIX Small 1,20260630,https://www.jpx.co.jp/markets/statistics-equities/misc/tvdivq0000001vg2-att/data_j.xls,2026-07-10T23:26:35.886407+00:00
9531.T,9531,東京瓦斯,プライム（内国株式）,4050,電気・ガス業,0011,電力・ガス,0004,TOPIX Mid400,20260630,https://www.jpx.co.jp/markets/statistics-equities/misc/tvdivq0000001vg2-att/data_j.xls,2026-07-10T23:26:35.886407+00:00
9532.T,9532,大阪瓦斯,プライム（内国株式）,4050,電気・ガス業,0011,電力・ガス,0004,TOPIX Mid400,20260630,https://www.jpx.co.jp/markets/statistics-equities/misc/tvdivq0000001vg2-att/data_j.xls,2026-07-10T23:26:35.886407+00:00
9533.T,9533,東邦瓦斯,プライム（内国株式）,4050,電気・ガス業,0011,電力・ガス,0004,TOPIX Mid400,20260630,https://www.jpx.co.jp/markets/statistics-equities/misc/tvdivq0000001vg2-att/data_j.xls,2026-07-10T23:26:35.886407+00:00
9534.T,9534,北海道瓦斯,プライム（内国株式）,4050,電気・ガス業,0011,電力・ガス,0007,TOPIX Small 2,20260630,https://www.jpx.co.jp/markets/statistics-equities/misc/tvdivq0000001vg2-att/data_j.xls,2026-07-10T23:26:35.886407+00:00
9535.T,9535,広島ガス,プライム（内国株式）,4050,電気・ガス業,0011,電力・ガス,0007,TOPIX Small 2,20260630,https://www.jpx.co.jp/markets/statistics-equities/misc/tvdivq0000001vg2-att/data_j.xls,2026-07-10T23:26:35.886407+00:00
9536.T,9536,西部ガスホールディングス,プライム（内国株式）,4050,電気・ガス業,0011,電力・ガス,0007,TOPIX Small 2,20260630,https://www.jpx.co.jp/markets/statistics-equities/misc/tvdivq0000001vg2-att/data_j.xls,2026-07-10T23:26:35.886407+00:00
9537.T,9537,北陸瓦斯,スタンダード（内国株式）,4050,電気・ガス業,0011,電力・ガス,-,-,20260630,https://www.jpx.co.jp/markets/statistics-equities/misc/tvdivq0000001vg2-att/data_j.xls,2026-07-10T23:26:35.886407+00:00
9539.T,9539,京葉瓦斯,スタンダード（内国株式）,4050,電気・ガス業,0011,電力・ガス,-,-,20260630,https://www.jpx.co.jp/markets/statistics-equities/misc/tvdivq0000001vg2-att/data_j.xls,2026-07-10T23:26:35.886407+00:00
9543.T,9543,静岡ガス,プライム（内国株式）,4050,電気・ガス業,0011,電力・ガス,0006,TOPIX Small 1,20260630,https://www.jpx.co.jp/markets/statistics-equities/misc/tvdivq0000001vg2-att/data_j.xls,2026-07-10T23:26:35.886407+00:00
9551.T,9551,メタウォーター,プライム（内国株式）,4050,電気・ガス業,0011,電力・ガス,0006,TOPIX Small 1,20260630,https://www.jpx.co.jp/markets/statistics-equities/misc/tvdivq0000001vg2-att/data_j.xls,2026-07-10T23:26:35.886407+00:00
9552.T,9552,クオンツ総研ホールディングス,プライム（内国株式）,9050,サービス業,0010,情報通信・サービスその他,0006,TOPIX Small 1,20260630,https://www.jpx.co.jp/markets/statistics-equities/misc/tvdivq0000001vg2-att/data_j.xls,2026-07-10T23:26:35.886407+00:00
9553.T,9553,マイクロアド,グロース（内国株式）,9050,サービス業,0010,情報通信・サービスその他,-,-,20260630,https://www.jpx.co.jp/markets/statistics-equities/misc/tvdivq0000001vg2-att/data_j.xls,2026-07-10T23:26:35.886407+00:00
9554.T,9554,ＡＶｉＣ,グロース（内国株式）,9050,サービス業,0010,情報通信・サービスその他,-,-,20260630,https://www.jpx.co.jp/markets/statistics-equities/misc/tvdivq0000001vg2-att/data_j.xls,2026-07-10T23:26:35.886407+00:00
9556.T,9556,ＩＮＴＬＯＯＰ,グロース（内国株式）,9050,サービス業,0010,情報通信・サービスその他,-,-,20260630,https://www.jpx.co.jp/markets/statistics-equities/misc/tvdivq0000001vg2-att/data_j.xls,2026-07-10T23:26:35.886407+00:00
9557.T,9557,エアークローゼット,グロース（内国株式）,9050,サービス業,0010,情報通信・サービスその他,-,-,20260630,https://www.jpx.co.jp/markets/statistics-equities/misc/tvdivq0000001vg2-att/data_j.xls,2026-07-10T23:26:35.886407+00:00
9558.T,9558,ジャパニアス,グロース（内国株式）,9050,サービス業,0010,情報通信・サービスその他,-,-,20260630,https://www.jpx.co.jp/markets/statistics-equities/misc/tvdivq0000001vg2-att/data_j.xls,2026-07-10T23:26:35.886407+00:00
9560.T,9560,プログリット,グロース（内国株式）,9050,サービス業,0010,情報通信・サービスその他,-,-,20260630,https://www.jpx.co.jp/markets/statistics-equities/misc/tvdivq0000001vg2-att/data_j.xls,2026-07-10T23:26:35.886407+00:00
9561.T,9561,グラッドキューブ,グロース（内国株式）,9050,サービス業,0010,情報通信・サービスその他,-,-,20260630,https://www.jpx.co.jp/markets/statistics-equities/misc/tvdivq0000001vg2-att/data_j.xls,2026-07-10T23:26:35.886407+00:00
9562.T,9562,ビジネスコーチ,グロース（内国株式）,9050,サービス業,0010,情報通信・サービスその他,-,-,20260630,https://www.jpx.co.jp/markets/statistics-equities/misc/tvdivq0000001vg2-att/data_j.xls,2026-07-10T23:26:35.886407+00:00
9563.T,9563,Ａｔｌａｓ　Ｔｅｃｈｎｏｌｏｇｉｅｓ,グロース（内国株式）,9050,サービス業,0010,情報通信・サービスその他,-,-,20260630,https://www.jpx.co.jp/markets/statistics-equities/misc/tvdivq0000001vg2-att/data_j.xls,2026-07-10T23:26:35.886407+00:00
9564.T,9564,ＦＣＥ,スタンダード（内国株式）,9050,サービス業,0010,情報通信・サービスその他,-,-,20260630,https://www.jpx.co.jp/markets/statistics-equities/misc/tvdivq0000001vg2-att/data_j.xls,2026-07-10T23:26:35.886407+00:00
9565.T,9565,ＧＬＯＥ,グロース（内国株式）,9050,サービス業,0010,情報通信・サービスその他,-,-,20260630,https://www.jpx.co.jp/markets/statistics-equities/misc/tvdivq0000001vg2-att/data_j.xls,2026-07-10T23:26:35.886407+00:00
9601.T,9601,松竹,プライム（内国株式）,5250,情報・通信業,0010,情報通信・サービスその他,0006,TOPIX Small 1,20260630,https://www.jpx.co.jp/markets/statistics-equities/misc/tvdivq0000001vg2-att/data_j.xls,2026-07-10T23:26:35.886407+00:00
9602.T,9602,東宝,プライム（内国株式）,5250,情報・通信業,0010,情報通信・サービスその他,0004,TOPIX Mid400,20260630,https://www.jpx.co.jp/markets/statistics-equities/misc/tvdivq0000001vg2-att/data_j.xls,2026-07-10T23:26:35.886407+00:00
9603.T,9603,エイチ・アイ・エス,プライム（内国株式）,9050,サービス業,0010,情報通信・サービスその他,0006,TOPIX Small 1,20260630,https://www.jpx.co.jp/markets/statistics-equities/misc/tvdivq0000001vg2-att/data_j.xls,2026-07-10T23:26:35.886407+00:00
9605.T,9605,東映,プライム（内国株式）,5250,情報・通信業,0010,情報通信・サービスその他,0006,TOPIX Small 1,20260630,https://www.jpx.co.jp/markets/statistics-equities/misc/tvdivq0000001vg2-att/data_j.xls,2026-07-10T23:26:35.886407+00:00
9610.T,9610,ウィルソン・ラーニング　ワールドワイド,スタンダード（内国株式）,9050,サービス業,0010,情報通信・サービスその他,-,-,20260630,https://www.jpx.co.jp/markets/statistics-equities/misc/tvdivq0000001vg2-att/data_j.xls,2026-07-10T23:26:35.886407+00:00
9612.T,9612,ラックランド,プライム（内国株式）,9050,サービス業,0010,情報通信・サービスその他,0007,TOPIX Small 2,20260630,https://www.jpx.co.jp/markets/statistics-equities/misc/tvdivq0000001vg2-att/data_j.xls,2026-07-10T23:26:35.886407+00:00
9616.T,9616,共立メンテナンス,プライム（内国株式）,9050,サービス業,0010,情報通信・サービスその他,0004,TOPIX Mid400,20260630,https://www.jpx.co.jp/markets/statistics-equities/misc/tvdivq0000001vg2-att/data_j.xls,2026-07-10T23:26:35.886407+00:00
9619.T,9619,イチネンホールディングス,プライム（内国株式）,9050,サービス業,0010,情報通信・サービスその他,0007,TOPIX Small 2,20260630,https://www.jpx.co.jp/markets/statistics-equities/misc/tvdivq0000001vg2-att/data_j.xls,2026-07-10T23:26:35.886407+00:00
9621.T,9621,建設技術研究所,プライム（内国株式）,9050,サービス業,0010,情報通信・サービスその他,0006,TOPIX Small 1,20260630,https://www.jpx.co.jp/markets/statistics-equities/misc/tvdivq0000001vg2-att/data_j.xls,2026-07-10T23:26:35.886407+00:00
9622.T,9622,スペース,プライム（内国株式）,9050,サービス業,0010,情報通信・サービスその他,0007,TOPIX Small 2,20260630,https://www.jpx.co.jp/markets/statistics-equities/misc/tvdivq0000001vg2-att/data_j.xls,2026-07-10T23:26:35.886407+00:00
9625.T,9625,セレスポ,スタンダード（内国株式）,9050,サービス業,0010,情報通信・サービスその他,-,-,20260630,https://www.jpx.co.jp/markets/statistics-equities/misc/tvdivq0000001vg2-att/data_j.xls,2026-07-10T23:26:35.886407+00:00
9627.T,9627,アインホールディングス,プライム（内国株式）,6100,小売業,0014,小売,0004,TOPIX Mid400,20260630,https://www.jpx.co.jp/markets/statistics-equities/misc/tvdivq0000001vg2-att/data_j.xls,2026-07-10T23:26:35.886407+00:00
9628.T,9628,燦ホールディングス,プライム（内国株式）,9050,サービス業,0010,情報通信・サービスその他,0007,TOPIX Small 2,20260630,https://www.jpx.co.jp/markets/statistics-equities/misc/tvdivq0000001vg2-att/data_j.xls,2026-07-10T23:26:35.886407+00:00
9629.T,9629,ピー・シー・エー,プライム（内国株式）,5250,情報・通信業,0010,情報通信・サービスその他,0007,TOPIX Small 2,20260630,https://www.jpx.co.jp/markets/statistics-equities/misc/tvdivq0000001vg2-att/data_j.xls,2026-07-10T23:26:35.886407+00:00
9632.T,9632,スバル興業,スタンダード（内国株式）,9050,サービス業,0010,情報通信・サービスその他,0007,TOPIX Small 2,20260630,https://www.jpx.co.jp/markets/statistics-equities/misc/tvdivq0000001vg2-att/data_j.xls,2026-07-10T23:26:35.886407+00:00
9633.T,9633,東京テアトル,スタンダード（内国株式）,8050,不動産業,0017,不動産,-,-,20260630,https://www.jpx.co.jp/markets/statistics-equities/misc/tvdivq0000001vg2-att/data_j.xls,2026-07-10T23:26:35.886407+00:00
9635.T,9635,武蔵野興業,スタンダード（内国株式）,9050,サービス業,0010,情報通信・サービスその他,-,-,20260630,https://www.jpx.co.jp/markets/statistics-equities/misc/tvdivq0000001vg2-att/data_j.xls,2026-07-10T23:26:35.886407+00:00
9636.T,9636,きんえい,スタンダード（内国株式）,9050,サービス業,0010,情報通信・サービスその他,-,-,20260630,https://www.jpx.co.jp/markets/statistics-equities/misc/tvdivq0000001vg2-att/data_j.xls,2026-07-10T23:26:35.886407+00:00
9639.T,9639,三協フロンテア,スタンダード（内国株式）,9050,サービス業,0010,情報通信・サービスその他,-,-,20260630,https://www.jpx.co.jp/markets/statistics-equities/misc/tvdivq0000001vg2-att/data_j.xls,2026-07-10T23:26:35.886407+00:00
9640.T,9640,セゾンテクノロジー,スタンダード（内国株式）,5250,情報・通信業,0010,情報通信・サービスその他,-,-,20260630,https://www.jpx.co.jp/markets/statistics-equities/misc/tvdivq0000001vg2-att/data_j.xls,2026-07-10T23:26:35.886407+00:00
9644.T,9644,タナベコンサルティンググループ,プライム（内国株式）,9050,サービス業,0010,情報通信・サービスその他,0007,TOPIX Small 2,20260630,https://www.jpx.co.jp/markets/statistics-equities/misc/tvdivq0000001vg2-att/data_j.xls,2026-07-10T23:26:35.886407+00:00
9647.T,9647,協和コンサルタンツ,スタンダード（内国株式）,9050,サービス業,0010,情報通信・サービスその他,-,-,20260630,https://www.jpx.co.jp/markets/statistics-equities/misc/tvdivq0000001vg2-att/data_j.xls,2026-07-10T23:26:35.886407+00:00
9651.T,9651,日本プロセス,スタンダード（内国株式）,5250,情報・通信業,0010,情報通信・サービスその他,-,-,20260630,https://www.jpx.co.jp/markets/statistics-equities/misc/tvdivq0000001vg2-att/data_j.xls,2026-07-10T23:26:35.886407+00:00
9656.T,9656,グリーンランドリゾート,スタンダード（内国株式）,9050,サービス業,0010,情報通信・サービスその他,-,-,20260630,https://www.jpx.co.jp/markets/statistics-equities/misc/tvdivq0000001vg2-att/data_j.xls,2026-07-10T23:26:35.886407+00:00
9658.T,9658,ビジネスブレイン太田昭和,プライム（内国株式）,5250,情報・通信業,0010,情報通信・サービスその他,0007,TOPIX Small 2,20260630,https://www.jpx.co.jp/markets/statistics-equities/misc/tvdivq0000001vg2-att/data_j.xls,2026-07-10T23:26:35.886407+00:00
9661.T,9661,歌舞伎座,スタンダード（内国株式）,9050,サービス業,0010,情報通信・サービスその他,-,-,20260630,https://www.jpx.co.jp/markets/statistics-equities/misc/tvdivq0000001vg2-att/data_j.xls,2026-07-10T23:26:35.886407+00:00
9663.T,9663,ナガワ,プライム（内国株式）,9050,サービス業,0010,情報通信・サービスその他,0007,TOPIX Small 2,20260630,https://www.jpx.co.jp/markets/statistics-equities/misc/tvdivq0000001vg2-att/data_j.xls,2026-07-10T23:26:35.886407+00:00
9672.T,9672,東京都競馬,プライム（内国株式）,9050,サービス業,0010,情報通信・サービスその他,0006,TOPIX Small 1,20260630,https://www.jpx.co.jp/markets/statistics-equities/misc/tvdivq0000001vg2-att/data_j.xls,2026-07-10T23:26:35.886407+00:00
9678.T,9678,カナモト,プライム（内国株式）,9050,サービス業,0010,情報通信・サービスその他,0006,TOPIX Small 1,20260630,https://www.jpx.co.jp/markets/statistics-equities/misc/tvdivq0000001vg2-att/data_j.xls,2026-07-10T23:26:35.886407+00:00
9679.T,9679,ホウライ,スタンダード（内国株式）,9050,サービス業,0010,情報通信・サービスその他,-,-,20260630,https://www.jpx.co.jp/markets/statistics-equities/misc/tvdivq0000001vg2-att/data_j.xls,2026-07-10T23:26:35.886407+00:00
9682.T,9682,ＤＴＳ,プライム（内国株式）,5250,情報・通信業,0010,情報通信・サービスその他,0006,TOPIX Small 1,20260630,https://www.jpx.co.jp/markets/statistics-equities/misc/tvdivq0000001vg2-att/data_j.xls,2026-07-10T23:26:35.886407+00:00
9684.T,9684,スクウェア・エニックス・ホールディングス,プライム（内国株式）,5250,情報・通信業,0010,情報通信・サービスその他,0004,TOPIX Mid400,20260630,https://www.jpx.co.jp/markets/statistics-equities/misc/tvdivq0000001vg2-att/data_j.xls,2026-07-10T23:26:35.886407+00:00
9685.T,9685,ＫＹＣＯＭホールディングス,スタンダード（内国株式）,5250,情報・通信業,0010,情報通信・サービスその他,-,-,20260630,https://www.jpx.co.jp/markets/statistics-equities/misc/tvdivq0000001vg2-att/data_j.xls,2026-07-10T23:26:35.886407+00:00
9686.T,9686,東洋テック,スタンダード（内国株式）,9050,サービス業,0010,情報通信・サービスその他,-,-,20260630,https://www.jpx.co.jp/markets/statistics-equities/misc/tvdivq0000001vg2-att/data_j.xls,2026-07-10T23:26:35.886407+00:00
9687.T,9687,ＫＳＫ,スタンダード（内国株式）,5250,情報・通信業,0010,情報通信・サービスその他,-,-,20260630,https://www.jpx.co.jp/markets/statistics-equities/misc/tvdivq0000001vg2-att/data_j.xls,2026-07-10T23:26:35.886407+00:00
9691.T,9691,両毛システムズ,スタンダード（内国株式）,5250,情報・通信業,0010,情報通信・サービスその他,-,-,20260630,https://www.jpx.co.jp/markets/statistics-equities/misc/tvdivq0000001vg2-att/data_j.xls,2026-07-10T23:26:35.886407+00:00
9692.T,9692,シーイーシー,プライム（内国株式）,5250,情報・通信業,0010,情報通信・サービスその他,0006,TOPIX Small 1,20260630,https://www.jpx.co.jp/markets/statistics-equities/misc/tvdivq0000001vg2-att/data_j.xls,2026-07-10T23:26:35.886407+00:00
9697.T,9697,カプコン,プライム（内国株式）,5250,情報・通信業,0010,情報通信・サービスその他,0004,TOPIX Mid400,20260630,https://www.jpx.co.jp/markets/statistics-equities/misc/tvdivq0000001vg2-att/data_j.xls,2026-07-10T23:26:35.886407+00:00
9698.T,9698,クレオ,スタンダード（内国株式）,5250,情報・通信業,0010,情報通信・サービスその他,-,-,20260630,https://www.jpx.co.jp/markets/statistics-equities/misc/tvdivq0000001vg2-att/data_j.xls,2026-07-10T23:26:35.886407+00:00
9699.T,9699,ニシオホールディングス,プライム（内国株式）,9050,サービス業,0010,情報通信・サービスその他,0006,TOPIX Small 1,20260630,https://www.jpx.co.jp/markets/statistics-equities/misc/tvdivq0000001vg2-att/data_j.xls,2026-07-10T23:26:35.886407+00:00
9701.T,9701,東京會舘,スタンダード（内国株式）,9050,サービス業,0010,情報通信・サービスその他,-,-,20260630,https://www.jpx.co.jp/markets/statistics-equities/misc/tvdivq0000001vg2-att/data_j.xls,2026-07-10T23:26:35.886407+00:00
9702.T,9702,アイ・エス・ビー,プライム（内国株式）,5250,情報・通信業,0010,情報通信・サービスその他,0007,TOPIX Small 2,20260630,https://www.jpx.co.jp/markets/statistics-equities/misc/tvdivq0000001vg2-att/data_j.xls,2026-07-10T23:26:35.886407+00:00
9704.T,9704,アゴーラ　ホスピタリティー　グループ,スタンダード（内国株式）,9050,サービス業,0010,情報通信・サービスその他,-,-,20260630,https://www.jpx.co.jp/markets/statistics-equities/misc/tvdivq0000001vg2-att/data_j.xls,2026-07-10T23:26:35.886407+00:00
9706.T,9706,日本空港ビルデング,プライム（内国株式）,8050,不動産業,0017,不動産,0004,TOPIX Mid400,20260630,https://www.jpx.co.jp/markets/statistics-equities/misc/tvdivq0000001vg2-att/data_j.xls,2026-07-10T23:26:35.886407+00:00
9708.T,9708,帝国ホテル,スタンダード（内国株式）,9050,サービス業,0010,情報通信・サービスその他,-,-,20260630,https://www.jpx.co.jp/markets/statistics-equities/misc/tvdivq0000001vg2-att/data_j.xls,2026-07-10T23:26:35.886407+00:00
9709.T,9709,ＮＣＳ＆Ａ,スタンダード（内国株式）,5250,情報・通信業,0010,情報通信・サービスその他,-,-,20260630,https://www.jpx.co.jp/markets/statistics-equities/misc/tvdivq0000001vg2-att/data_j.xls,2026-07-10T23:26:35.886407+00:00
9713.T,9713,ロイヤルホテル,スタンダード（内国株式）,9050,サービス業,0010,情報通信・サービスその他,-,-,20260630,https://www.jpx.co.jp/markets/statistics-equities/misc/tvdivq0000001vg2-att/data_j.xls,2026-07-10T23:26:35.886407+00:00
9715.T,9715,トランス・コスモス,プライム（内国株式）,9050,サービス業,0010,情報通信・サービスその他,0006,TOPIX Small 1,20260630,https://www.jpx.co.jp/markets/statistics-equities/misc/tvdivq0000001vg2-att/data_j.xls,2026-07-10T23:26:35.886407+00:00
9716.T,9716,乃村工藝社,プライム（内国株式）,9050,サービス業,0010,情報通信・サービスその他,0006,TOPIX Small 1,20260630,https://www.jpx.co.jp/markets/statistics-equities/misc/tvdivq0000001vg2-att/data_j.xls,2026-07-10T23:26:35.886407+00:00
9720.T,9720,ホテル、ニューグランド,スタンダード（内国株式）,9050,サービス業,0010,情報通信・サービスその他,-,-,20260630,https://www.jpx.co.jp/markets/statistics-equities/misc/tvdivq0000001vg2-att/data_j.xls,2026-07-10T23:26:35.886407+00:00
9722.T,9722,藤田観光,プライム（内国株式）,9050,サービス業,0010,情報通信・サービスその他,0006,TOPIX Small 1,20260630,https://www.jpx.co.jp/markets/statistics-equities/misc/tvdivq0000001vg2-att/data_j.xls,2026-07-10T23:26:35.886407+00:00
9723.T,9723,京都ホテル,スタンダード（内国株式）,9050,サービス業,0010,情報通信・サービスその他,-,-,20260630,https://www.jpx.co.jp/markets/statistics-equities/misc/tvdivq0000001vg2-att/data_j.xls,2026-07-10T23:26:35.886407+00:00
9726.T,9726,ＫＮＴ－ＣＴホールディングス,スタンダード（内国株式）,9050,サービス業,0010,情報通信・サービスその他,0007,TOPIX Small 2,20260630,https://www.jpx.co.jp/markets/statistics-equities/misc/tvdivq0000001vg2-att/data_j.xls,2026-07-10T23:26:35.886407+00:00
9729.T,9729,トーカイ,プライム（内国株式）,9050,サービス業,0010,情報通信・サービスその他,0007,TOPIX Small 2,20260630,https://www.jpx.co.jp/markets/statistics-equities/misc/tvdivq0000001vg2-att/data_j.xls,2026-07-10T23:26:35.886407+00:00
9731.T,9731,白洋舎,スタンダード（内国株式）,9050,サービス業,0010,情報通信・サービスその他,-,-,20260630,https://www.jpx.co.jp/markets/statistics-equities/misc/tvdivq0000001vg2-att/data_j.xls,2026-07-10T23:26:35.886407+00:00
9733.T,9733,ナガセ,スタンダード（内国株式）,9050,サービス業,0010,情報通信・サービスその他,-,-,20260630,https://www.jpx.co.jp/markets/statistics-equities/misc/tvdivq0000001vg2-att/data_j.xls,2026-07-10T23:26:35.886407+00:00
9735.T,9735,セコム,プライム（内国株式）,9050,サービス業,0010,情報通信・サービスその他,0002,TOPIX Large70,20260630,https://www.jpx.co.jp/markets/statistics-equities/misc/tvdivq0000001vg2-att/data_j.xls,2026-07-10T23:26:35.886407+00:00
9739.T,9739,ＮＳＷ,プライム（内国株式）,5250,情報・通信業,0010,情報通信・サービスその他,0007,TOPIX Small 2,20260630,https://www.jpx.co.jp/markets/statistics-equities/misc/tvdivq0000001vg2-att/data_j.xls,2026-07-10T23:26:35.886407+00:00
9740.T,9740,セントラル警備保障,プライム（内国株式）,9050,サービス業,0010,情報通信・サービスその他,0007,TOPIX Small 2,20260630,https://www.jpx.co.jp/markets/statistics-equities/misc/tvdivq0000001vg2-att/data_j.xls,2026-07-10T23:26:35.886407+00:00
9742.T,9742,アイネス,プライム（内国株式）,5250,情報・通信業,0010,情報通信・サービスその他,0007,TOPIX Small 2,20260630,https://www.jpx.co.jp/markets/statistics-equities/misc/tvdivq0000001vg2-att/data_j.xls,2026-07-10T23:26:35.886407+00:00
9743.T,9743,丹青社,プライム（内国株式）,9050,サービス業,0010,情報通信・サービスその他,0006,TOPIX Small 1,20260630,https://www.jpx.co.jp/markets/statistics-equities/misc/tvdivq0000001vg2-att/data_j.xls,2026-07-10T23:26:35.886407+00:00
9744.T,9744,メイテックグループホールディングス,プライム（内国株式）,9050,サービス業,0010,情報通信・サービスその他,0004,TOPIX Mid400,20260630,https://www.jpx.co.jp/markets/statistics-equities/misc/tvdivq0000001vg2-att/data_j.xls,2026-07-10T23:26:35.886407+00:00
9746.T,9746,ＴＫＣ,プライム（内国株式）,5250,情報・通信業,0010,情報通信・サービスその他,0006,TOPIX Small 1,20260630,https://www.jpx.co.jp/markets/statistics-equities/misc/tvdivq0000001vg2-att/data_j.xls,2026-07-10T23:26:35.886407+00:00
9753.T,9753,アイエックス・ナレッジ,スタンダード（内国株式）,5250,情報・通信業,0010,情報通信・サービスその他,-,-,20260630,https://www.jpx.co.jp/markets/statistics-equities/misc/tvdivq0000001vg2-att/data_j.xls,2026-07-10T23:26:35.886407+00:00
9755.T,9755,応用地質,プライム（内国株式）,9050,サービス業,0010,情報通信・サービスその他,0007,TOPIX Small 2,20260630,https://www.jpx.co.jp/markets/statistics-equities/misc/tvdivq0000001vg2-att/data_j.xls,2026-07-10T23:26:35.886407+00:00
9757.T,9757,船井総研ホールディングス,プライム（内国株式）,9050,サービス業,0010,情報通信・サービスその他,0006,TOPIX Small 1,20260630,https://www.jpx.co.jp/markets/statistics-equities/misc/tvdivq0000001vg2-att/data_j.xls,2026-07-10T23:26:35.886407+00:00
9759.T,9759,ＮＳＤ,プライム（内国株式）,5250,情報・通信業,0010,情報通信・サービスその他,0004,TOPIX Mid400,20260630,https://www.jpx.co.jp/markets/statistics-equities/misc/tvdivq0000001vg2-att/data_j.xls,2026-07-10T23:26:35.886407+00:00
9760.T,9760,進学会ホールディングス,スタンダード（内国株式）,9050,サービス業,0010,情報通信・サービスその他,-,-,20260630,https://www.jpx.co.jp/markets/statistics-equities/misc/tvdivq0000001vg2-att/data_j.xls,2026-07-10T23:26:35.886407+00:00
9761.T,9761,東海リース,スタンダード（内国株式）,9050,サービス業,0010,情報通信・サービスその他,-,-,20260630,https://www.jpx.co.jp/markets/statistics-equities/misc/tvdivq0000001vg2-att/data_j.xls,2026-07-10T23:26:35.886407+00:00
9763.T,9763,丸建リース,スタンダード（内国株式）,6050,卸売業,0013,商社・卸売,-,-,20260630,https://www.jpx.co.jp/markets/statistics-equities/misc/tvdivq0000001vg2-att/data_j.xls,2026-07-10T23:26:35.886407+00:00
9765.T,9765,オオバ,プライム（内国株式）,9050,サービス業,0010,情報通信・サービスその他,-,-,20260630,https://www.jpx.co.jp/markets/statistics-equities/misc/tvdivq0000001vg2-att/data_j.xls,2026-07-10T23:26:35.886407+00:00
9766.T,9766,コナミグループ,プライム（内国株式）,5250,情報・通信業,0010,情報通信・サービスその他,0004,TOPIX Mid400,20260630,https://www.jpx.co.jp/markets/statistics-equities/misc/tvdivq0000001vg2-att/data_j.xls,2026-07-10T23:26:35.886407+00:00
9767.T,9767,日建工学,スタンダード（内国株式）,9050,サービス業,0010,情報通信・サービスその他,-,-,20260630,https://www.jpx.co.jp/markets/statistics-equities/misc/tvdivq0000001vg2-att/data_j.xls,2026-07-10T23:26:35.886407+00:00
9768.T,9768,いであ,スタンダード（内国株式）,9050,サービス業,0010,情報通信・サービスその他,-,-,20260630,https://www.jpx.co.jp/markets/statistics-equities/misc/tvdivq0000001vg2-att/data_j.xls,2026-07-10T23:26:35.886407+00:00
9769.T,9769,学究社,プライム（内国株式）,9050,サービス業,0010,情報通信・サービスその他,0007,TOPIX Small 2,20260630,https://www.jpx.co.jp/markets/statistics-equities/misc/tvdivq0000001vg2-att/data_j.xls,2026-07-10T23:26:35.886407+00:00
9778.T,9778,昴,スタンダード（内国株式）,9050,サービス業,0010,情報通信・サービスその他,-,-,20260630,https://www.jpx.co.jp/markets/statistics-equities/misc/tvdivq0000001vg2-att/data_j.xls,2026-07-10T23:26:35.886407+00:00
9780.T,9780,ハリマビステム,スタンダード（内国株式）,9050,サービス業,0010,情報通信・サービスその他,-,-,20260630,https://www.jpx.co.jp/markets/statistics-equities/misc/tvdivq0000001vg2-att/data_j.xls,2026-07-10T23:26:35.886407+00:00
9782.T,9782,ディーエムエス,スタンダード（内国株式）,9050,サービス業,0010,情報通信・サービスその他,-,-,20260630,https://www.jpx.co.jp/markets/statistics-equities/misc/tvdivq0000001vg2-att/data_j.xls,2026-07-10T23:26:35.886407+00:00
9788.T,9788,ナック,プライム（内国株式）,9050,サービス業,0010,情報通信・サービスその他,0007,TOPIX Small 2,20260630,https://www.jpx.co.jp/markets/statistics-equities/misc/tvdivq0000001vg2-att/data_j.xls,2026-07-10T23:26:35.886407+00:00
9790.T,9790,福井コンピュータホールディングス,プライム（内国株式）,5250,情報・通信業,0010,情報通信・サービスその他,0007,TOPIX Small 2,20260630,https://www.jpx.co.jp/markets/statistics-equities/misc/tvdivq0000001vg2-att/data_j.xls,2026-07-10T23:26:35.886407+00:00
9791.T,9791,ビケンテクノ,スタンダード（内国株式）,9050,サービス業,0010,情報通信・サービスその他,-,-,20260630,https://www.jpx.co.jp/markets/statistics-equities/misc/tvdivq0000001vg2-att/data_j.xls,2026-07-10T23:26:35.886407+00:00
9793.T,9793,ダイセキ,プライム（内国株式）,9050,サービス業,0010,情報通信・サービスその他,0006,TOPIX Small 1,20260630,https://www.jpx.co.jp/markets/statistics-equities/misc/tvdivq0000001vg2-att/data_j.xls,2026-07-10T23:26:35.886407+00:00
9795.T,9795,ステップ,プライム（内国株式）,9050,サービス業,0010,情報通信・サービスその他,0007,TOPIX Small 2,20260630,https://www.jpx.co.jp/markets/statistics-equities/misc/tvdivq0000001vg2-att/data_j.xls,2026-07-10T23:26:35.886407+00:00
9799.T,9799,旭情報サービス,スタンダード（内国株式）,5250,情報・通信業,0010,情報通信・サービスその他,-,-,20260630,https://www.jpx.co.jp/markets/statistics-equities/misc/tvdivq0000001vg2-att/data_j.xls,2026-07-10T23:26:35.886407+00:00
9812.T,9812,テーオーホールディングス,スタンダード（内国株式）,6100,小売業,0014,小売,-,-,20260630,https://www.jpx.co.jp/markets/statistics-equities/misc/tvdivq0000001vg2-att/data_j.xls,2026-07-10T23:26:35.886407+00:00
9816.T,9816,ストライダーズ,スタンダード（内国株式）,8050,不動産業,0017,不動産,-,-,20260630,https://www.jpx.co.jp/markets/statistics-equities/misc/tvdivq0000001vg2-att/data_j.xls,2026-07-10T23:26:35.886407+00:00
9818.T,9818,大丸エナウィン,スタンダード（内国株式）,6050,卸売業,0013,商社・卸売,-,-,20260630,https://www.jpx.co.jp/markets/statistics-equities/misc/tvdivq0000001vg2-att/data_j.xls,2026-07-10T23:26:35.886407+00:00
9820.T,9820,エムティジェネックス,スタンダード（内国株式）,8050,不動産業,0017,不動産,-,-,20260630,https://www.jpx.co.jp/markets/statistics-equities/misc/tvdivq0000001vg2-att/data_j.xls,2026-07-10T23:26:35.886407+00:00
9823.T,9823,マミーマートホールディングス,スタンダード（内国株式）,6100,小売業,0014,小売,-,-,20260630,https://www.jpx.co.jp/markets/statistics-equities/misc/tvdivq0000001vg2-att/data_j.xls,2026-07-10T23:26:35.886407+00:00
9824.T,9824,泉州電業,プライム（内国株式）,6050,卸売業,0013,商社・卸売,0006,TOPIX Small 1,20260630,https://www.jpx.co.jp/markets/statistics-equities/misc/tvdivq0000001vg2-att/data_j.xls,2026-07-10T23:26:35.886407+00:00
9827.T,9827,リリカラ,スタンダード（内国株式）,6050,卸売業,0013,商社・卸売,-,-,20260630,https://www.jpx.co.jp/markets/statistics-equities/misc/tvdivq0000001vg2-att/data_j.xls,2026-07-10T23:26:35.886407+00:00
9828.T,9828,Ｇｅｎｋｉ　Ｇｌｏｂａｌ　Ｄｉｎｉｎｇ　Ｃｏｎｃｅｐｔｓ,スタンダード（内国株式）,6100,小売業,0014,小売,0006,TOPIX Small 1,20260630,https://www.jpx.co.jp/markets/statistics-equities/misc/tvdivq0000001vg2-att/data_j.xls,2026-07-10T23:26:35.886407+00:00
9830.T,9830,トラスコ中山,プライム（内国株式）,6050,卸売業,0013,商社・卸売,0006,TOPIX Small 1,20260630,https://www.jpx.co.jp/markets/statistics-equities/misc/tvdivq0000001vg2-att/data_j.xls,2026-07-10T23:26:35.886407+00:00
9831.T,9831,ヤマダホールディングス,プライム（内国株式）,6100,小売業,0014,小売,0004,TOPIX Mid400,20260630,https://www.jpx.co.jp/markets/statistics-equities/misc/tvdivq0000001vg2-att/data_j.xls,2026-07-10T23:26:35.886407+00:00
9832.T,9832,オートバックスセブン,プライム（内国株式）,6050,卸売業,0013,商社・卸売,0006,TOPIX Small 1,20260630,https://www.jpx.co.jp/markets/statistics-equities/misc/tvdivq0000001vg2-att/data_j.xls,2026-07-10T23:26:35.886407+00:00
9835.T,9835,ジュンテンドー,スタンダード（内国株式）,6100,小売業,0014,小売,-,-,20260630,https://www.jpx.co.jp/markets/statistics-equities/misc/tvdivq0000001vg2-att/data_j.xls,2026-07-10T23:26:35.886407+00:00
9837.T,9837,モリト,プライム（内国株式）,6050,卸売業,0013,商社・卸売,0007,TOPIX Small 2,20260630,https://www.jpx.co.jp/markets/statistics-equities/misc/tvdivq0000001vg2-att/data_j.xls,2026-07-10T23:26:35.886407+00:00
9842.T,9842,アークランズ,プライム（内国株式）,6100,小売業,0014,小売,0006,TOPIX Small 1,20260630,https://www.jpx.co.jp/markets/statistics-equities/misc/tvdivq0000001vg2-att/data_j.xls,2026-07-10T23:26:35.886407+00:00
9843.T,9843,ニトリホールディングス,プライム（内国株式）,6100,小売業,0014,小売,0004,TOPIX Mid400,20260630,https://www.jpx.co.jp/markets/statistics-equities/misc/tvdivq0000001vg2-att/data_j.xls,2026-07-10T23:26:35.886407+00:00
9845.T,9845,パーカーコーポレーション,スタンダード（内国株式）,3200,化学,0004,素材・化学,-,-,20260630,https://www.jpx.co.jp/markets/statistics-equities/misc/tvdivq0000001vg2-att/data_j.xls,2026-07-10T23:26:35.886407+00:00
9846.T,9846,天満屋ストア,スタンダード（内国株式）,6100,小売業,0014,小売,-,-,20260630,https://www.jpx.co.jp/markets/statistics-equities/misc/tvdivq0000001vg2-att/data_j.xls,2026-07-10T23:26:35.886407+00:00
9849.T,9849,共同紙販ホールディングス,スタンダード（内国株式）,6050,卸売業,0013,商社・卸売,-,-,20260630,https://www.jpx.co.jp/markets/statistics-equities/misc/tvdivq0000001vg2-att/data_j.xls,2026-07-10T23:26:35.886407+00:00
9850.T,9850,グルメ杵屋,プライム（内国株式）,6100,小売業,0014,小売,0007,TOPIX Small 2,20260630,https://www.jpx.co.jp/markets/statistics-equities/misc/tvdivq0000001vg2-att/data_j.xls,2026-07-10T23:26:35.886407+00:00
9853.T,9853,銀座ルノアール,スタンダード（内国株式）,6100,小売業,0014,小売,-,-,20260630,https://www.jpx.co.jp/markets/statistics-equities/misc/tvdivq0000001vg2-att/data_j.xls,2026-07-10T23:26:35.886407+00:00
9854.T,9854,愛眼,スタンダード（内国株式）,6100,小売業,0014,小売,-,-,20260630,https://www.jpx.co.jp/markets/statistics-equities/misc/tvdivq0000001vg2-att/data_j.xls,2026-07-10T23:26:35.886407+00:00
9856.T,9856,ケーユーホールディングス,スタンダード（内国株式）,6100,小売業,0014,小売,0007,TOPIX Small 2,20260630,https://www.jpx.co.jp/markets/statistics-equities/misc/tvdivq0000001vg2-att/data_j.xls,2026-07-10T23:26:35.886407+00:00
9857.T,9857,英和,スタンダード（内国株式）,6050,卸売業,0013,商社・卸売,-,-,20260630,https://www.jpx.co.jp/markets/statistics-equities/misc/tvdivq0000001vg2-att/data_j.xls,2026-07-10T23:26:35.886407+00:00
9861.T,9861,吉野家ホールディングス,プライム（内国株式）,6100,小売業,0014,小売,0004,TOPIX Mid400,20260630,https://www.jpx.co.jp/markets/statistics-equities/misc/tvdivq0000001vg2-att/data_j.xls,2026-07-10T23:26:35.886407+00:00
9867.T,9867,ソレキア,スタンダード（内国株式）,6050,卸売業,0013,商社・卸売,-,-,20260630,https://www.jpx.co.jp/markets/statistics-equities/misc/tvdivq0000001vg2-att/data_j.xls,2026-07-10T23:26:35.886407+00:00
9869.T,9869,加藤産業,プライム（内国株式）,6050,卸売業,0013,商社・卸売,0006,TOPIX Small 1,20260630,https://www.jpx.co.jp/markets/statistics-equities/misc/tvdivq0000001vg2-att/data_j.xls,2026-07-10T23:26:35.886407+00:00
9872.T,9872,北恵,スタンダード（内国株式）,6050,卸売業,0013,商社・卸売,-,-,20260630,https://www.jpx.co.jp/markets/statistics-equities/misc/tvdivq0000001vg2-att/data_j.xls,2026-07-10T23:26:35.886407+00:00
9876.T,9876,コックス,スタンダード（内国株式）,6100,小売業,0014,小売,-,-,20260630,https://www.jpx.co.jp/markets/statistics-equities/misc/tvdivq0000001vg2-att/data_j.xls,2026-07-10T23:26:35.886407+00:00
9878.T,9878,セキド,スタンダード（内国株式）,6100,小売業,0014,小売,-,-,20260630,https://www.jpx.co.jp/markets/statistics-equities/misc/tvdivq0000001vg2-att/data_j.xls,2026-07-10T23:26:35.886407+00:00
9880.T,9880,イノテック,プライム（内国株式）,3650,電気機器,0009,電機・精密,0007,TOPIX Small 2,20260630,https://www.jpx.co.jp/markets/statistics-equities/misc/tvdivq0000001vg2-att/data_j.xls,2026-07-10T23:26:35.886407+00:00
9882.T,9882,イエローハット,プライム（内国株式）,6050,卸売業,0013,商社・卸売,0006,TOPIX Small 1,20260630,https://www.jpx.co.jp/markets/statistics-equities/misc/tvdivq0000001vg2-att/data_j.xls,2026-07-10T23:26:35.886407+00:00
9885.T,9885,シャルレ,スタンダード（内国株式）,6050,卸売業,0013,商社・卸売,-,-,20260630,https://www.jpx.co.jp/markets/statistics-equities/misc/tvdivq0000001vg2-att/data_j.xls,2026-07-10T23:26:35.886407+00:00
9887.T,9887,松屋フーズホールディングス,プライム（内国株式）,6100,小売業,0014,小売,0006,TOPIX Small 1,20260630,https://www.jpx.co.jp/markets/statistics-equities/misc/tvdivq0000001vg2-att/data_j.xls,2026-07-10T23:26:35.886407+00:00
9888.T,9888,ＵＥＸ,スタンダード（内国株式）,6050,卸売業,0013,商社・卸売,-,-,20260630,https://www.jpx.co.jp/markets/statistics-equities/misc/tvdivq0000001vg2-att/data_j.xls,2026-07-10T23:26:35.886407+00:00
9889.T,9889,ＪＢＣＣホールディングス,プライム（内国株式）,5250,情報・通信業,0010,情報通信・サービスその他,0006,TOPIX Small 1,20260630,https://www.jpx.co.jp/markets/statistics-equities/misc/tvdivq0000001vg2-att/data_j.xls,2026-07-10T23:26:35.886407+00:00
9890.T,9890,マキヤ,スタンダード（内国株式）,6100,小売業,0014,小売,-,-,20260630,https://www.jpx.co.jp/markets/statistics-equities/misc/tvdivq0000001vg2-att/data_j.xls,2026-07-10T23:26:35.886407+00:00
9895.T,9895,コンセック,スタンダード（内国株式）,6050,卸売業,0013,商社・卸売,-,-,20260630,https://www.jpx.co.jp/markets/statistics-equities/misc/tvdivq0000001vg2-att/data_j.xls,2026-07-10T23:26:35.886407+00:00
9896.T,9896,ＪＫホールディングス,スタンダード（内国株式）,6050,卸売業,0013,商社・卸売,0007,TOPIX Small 2,20260630,https://www.jpx.co.jp/markets/statistics-equities/misc/tvdivq0000001vg2-att/data_j.xls,2026-07-10T23:26:35.886407+00:00
9900.T,9900,サガミホールディングス,プライム（内国株式）,6100,小売業,0014,小売,0006,TOPIX Small 1,20260630,https://www.jpx.co.jp/markets/statistics-equities/misc/tvdivq0000001vg2-att/data_j.xls,2026-07-10T23:26:35.886407+00:00
9902.T,9902,日伝,プライム（内国株式）,6050,卸売業,0013,商社・卸売,0007,TOPIX Small 2,20260630,https://www.jpx.co.jp/markets/statistics-equities/misc/tvdivq0000001vg2-att/data_j.xls,2026-07-10T23:26:35.886407+00:00
9903.T,9903,カンセキ,スタンダード（内国株式）,6100,小売業,0014,小売,-,-,20260630,https://www.jpx.co.jp/markets/statistics-equities/misc/tvdivq0000001vg2-att/data_j.xls,2026-07-10T23:26:35.886407+00:00
9904.T,9904,ベリテ,スタンダード（内国株式）,6100,小売業,0014,小売,-,-,20260630,https://www.jpx.co.jp/markets/statistics-equities/misc/tvdivq0000001vg2-att/data_j.xls,2026-07-10T23:26:35.886407+00:00
9906.T,9906,藤井産業,スタンダード（内国株式）,6050,卸売業,0013,商社・卸売,-,-,20260630,https://www.jpx.co.jp/markets/statistics-equities/misc/tvdivq0000001vg2-att/data_j.xls,2026-07-10T23:26:35.886407+00:00
9908.T,9908,日本電計,スタンダード（内国株式）,6050,卸売業,0013,商社・卸売,-,-,20260630,https://www.jpx.co.jp/markets/statistics-equities/misc/tvdivq0000001vg2-att/data_j.xls,2026-07-10T23:26:35.886407+00:00
9913.T,9913,日邦産業,スタンダード（内国株式）,6050,卸売業,0013,商社・卸売,-,-,20260630,https://www.jpx.co.jp/markets/statistics-equities/misc/tvdivq0000001vg2-att/data_j.xls,2026-07-10T23:26:35.886407+00:00
9914.T,9914,植松商会,スタンダード（内国株式）,6050,卸売業,0013,商社・卸売,-,-,20260630,https://www.jpx.co.jp/markets/statistics-equities/misc/tvdivq0000001vg2-att/data_j.xls,2026-07-10T23:26:35.886407+00:00
9928.T,9928,ミロク情報サービス,プライム（内国株式）,5250,情報・通信業,0010,情報通信・サービスその他,0007,TOPIX Small 2,20260630,https://www.jpx.co.jp/markets/statistics-equities/misc/tvdivq0000001vg2-att/data_j.xls,2026-07-10T23:26:35.886407+00:00
9929.T,9929,平和紙業,スタンダード（内国株式）,6050,卸売業,0013,商社・卸売,-,-,20260630,https://www.jpx.co.jp/markets/statistics-equities/misc/tvdivq0000001vg2-att/data_j.xls,2026-07-10T23:26:35.886407+00:00
9930.T,9930,北沢産業,スタンダード（内国株式）,6050,卸売業,0013,商社・卸売,-,-,20260630,https://www.jpx.co.jp/markets/statistics-equities/misc/tvdivq0000001vg2-att/data_j.xls,2026-07-10T23:26:35.886407+00:00
9932.T,9932,杉本商事,プライム（内国株式）,6050,卸売業,0013,商社・卸売,0007,TOPIX Small 2,20260630,https://www.jpx.co.jp/markets/statistics-equities/misc/tvdivq0000001vg2-att/data_j.xls,2026-07-10T23:26:35.886407+00:00
9934.T,9934,因幡電機産業,プライム（内国株式）,6050,卸売業,0013,商社・卸売,0004,TOPIX Mid400,20260630,https://www.jpx.co.jp/markets/statistics-equities/misc/tvdivq0000001vg2-att/data_j.xls,2026-07-10T23:26:35.886407+00:00
9936.T,9936,王将フードサービス,プライム（内国株式）,6100,小売業,0014,小売,0006,TOPIX Small 1,20260630,https://www.jpx.co.jp/markets/statistics-equities/misc/tvdivq0000001vg2-att/data_j.xls,2026-07-10T23:26:35.886407+00:00
9941.T,9941,太洋物産,スタンダード（内国株式）,6050,卸売業,0013,商社・卸売,-,-,20260630,https://www.jpx.co.jp/markets/statistics-equities/misc/tvdivq0000001vg2-att/data_j.xls,2026-07-10T23:26:35.886407+00:00
9946.T,9946,ミニストップ,プライム（内国株式）,6100,小売業,0014,小売,0007,TOPIX Small 2,20260630,https://www.jpx.co.jp/markets/statistics-equities/misc/tvdivq0000001vg2-att/data_j.xls,2026-07-10T23:26:35.886407+00:00
9948.T,9948,アークス,プライム（内国株式）,6100,小売業,0014,小売,0006,TOPIX Small 1,20260630,https://www.jpx.co.jp/markets/statistics-equities/misc/tvdivq0000001vg2-att/data_j.xls,2026-07-10T23:26:35.886407+00:00
9950.T,9950,ハチバン,スタンダード（内国株式）,6100,小売業,0014,小売,-,-,20260630,https://www.jpx.co.jp/markets/statistics-equities/misc/tvdivq0000001vg2-att/data_j.xls,2026-07-10T23:26:35.886407+00:00
9955.T,9955,ヨンキュウ,スタンダード（内国株式）,6050,卸売業,0013,商社・卸売,-,-,20260630,https://www.jpx.co.jp/markets/statistics-equities/misc/tvdivq0000001vg2-att/data_j.xls,2026-07-10T23:26:35.886407+00:00
9956.T,9956,バローホールディングス,プライム（内国株式）,6100,小売業,0014,小売,0006,TOPIX Small 1,20260630,https://www.jpx.co.jp/markets/statistics-equities/misc/tvdivq0000001vg2-att/data_j.xls,2026-07-10T23:26:35.886407+00:00
9959.T,9959,アシードホールディングス,スタンダード（内国株式）,6100,小売業,0014,小売,-,-,20260630,https://www.jpx.co.jp/markets/statistics-equities/misc/tvdivq0000001vg2-att/data_j.xls,2026-07-10T23:26:35.886407+00:00
9960.T,9960,東テク,プライム（内国株式）,6050,卸売業,0013,商社・卸売,0006,TOPIX Small 1,20260630,https://www.jpx.co.jp/markets/statistics-equities/misc/tvdivq0000001vg2-att/data_j.xls,2026-07-10T23:26:35.886407+00:00
9962.T,9962,ミスミグループ本社,プライム（内国株式）,6050,卸売業,0013,商社・卸売,0004,TOPIX Mid400,20260630,https://www.jpx.co.jp/markets/statistics-equities/misc/tvdivq0000001vg2-att/data_j.xls,2026-07-10T23:26:35.886407+00:00
9969.T,9969,ショクブン,スタンダード（内国株式）,6100,小売業,0014,小売,-,-,20260630,https://www.jpx.co.jp/markets/statistics-equities/misc/tvdivq0000001vg2-att/data_j.xls,2026-07-10T23:26:35.886407+00:00
9972.T,9972,アルテック,スタンダード（内国株式）,6050,卸売業,0013,商社・卸売,-,-,20260630,https://www.jpx.co.jp/markets/statistics-equities/misc/tvdivq0000001vg2-att/data_j.xls,2026-07-10T23:26:35.886407+00:00
9973.T,9973,ＫＯＺＯホールディングス,スタンダード（内国株式）,6100,小売業,0014,小売,-,-,20260630,https://www.jpx.co.jp/markets/statistics-equities/misc/tvdivq0000001vg2-att/data_j.xls,2026-07-10T23:26:35.886407+00:00
9974.T,9974,ベルク,プライム（内国株式）,6100,小売業,0014,小売,0006,TOPIX Small 1,20260630,https://www.jpx.co.jp/markets/statistics-equities/misc/tvdivq0000001vg2-att/data_j.xls,2026-07-10T23:26:35.886407+00:00
9976.T,9976,セキチュー,スタンダード（内国株式）,6100,小売業,0014,小売,-,-,20260630,https://www.jpx.co.jp/markets/statistics-equities/misc/tvdivq0000001vg2-att/data_j.xls,2026-07-10T23:26:35.886407+00:00
9978.T,9978,文教堂グループホールディングス,スタンダード（内国株式）,6100,小売業,0014,小売,-,-,20260630,https://www.jpx.co.jp/markets/statistics-equities/misc/tvdivq0000001vg2-att/data_j.xls,2026-07-10T23:26:35.886407+00:00
9979.T,9979,大庄,スタンダード（内国株式）,6100,小売業,0014,小売,0007,TOPIX Small 2,20260630,https://www.jpx.co.jp/markets/statistics-equities/misc/tvdivq0000001vg2-att/data_j.xls,2026-07-10T23:26:35.886407+00:00
9980.T,9980,ＭＲＫホールディングス,スタンダード（内国株式）,6100,小売業,0014,小売,-,-,20260630,https://www.jpx.co.jp/markets/statistics-equities/misc/tvdivq0000001vg2-att/data_j.xls,2026-07-10T23:26:35.886407+00:00
9982.T,9982,タキヒヨー,スタンダード（内国株式）,6050,卸売業,0013,商社・卸売,-,-,20260630,https://www.jpx.co.jp/markets/statistics-equities/misc/tvdivq0000001vg2-att/data_j.xls,2026-07-10T23:26:35.886407+00:00
9983.T,9983,ファーストリテイリング,プライム（内国株式）,6100,小売業,0014,小売,0001,TOPIX Core30,20260630,https://www.jpx.co.jp/markets/statistics-equities/misc/tvdivq0000001vg2-att/data_j.xls,2026-07-10T23:26:35.886407+00:00
9984.T,9984,ソフトバンクグループ,プライム（内国株式）,5250,情報・通信業,0010,情報通信・サービスその他,0001,TOPIX Core30,20260630,https://www.jpx.co.jp/markets/statistics-equities/misc/tvdivq0000001vg2-att/data_j.xls,2026-07-10T23:26:35.886407+00:00
9986.T,9986,蔵王産業,スタンダード（内国株式）,6050,卸売業,0013,商社・卸売,-,-,20260630,https://www.jpx.co.jp/markets/statistics-equities/misc/tvdivq0000001vg2-att/data_j.xls,2026-07-10T23:26:35.886407+00:00
9987.T,9987,スズケン,プライム（内国株式）,6050,卸売業,0013,商社・卸売,0004,TOPIX Mid400,20260630,https://www.jpx.co.jp/markets/statistics-equities/misc/tvdivq0000001vg2-att/data_j.xls,2026-07-10T23:26:35.886407+00:00
9989.T,9989,サンドラッグ,プライム（内国株式）,6100,小売業,0014,小売,0004,TOPIX Mid400,20260630,https://www.jpx.co.jp/markets/statistics-equities/misc/tvdivq0000001vg2-att/data_j.xls,2026-07-10T23:26:35.886407+00:00
9990.T,9990,サックスバー　ホールディングス,プライム（内国株式）,6100,小売業,0014,小売,0007,TOPIX Small 2,20260630,https://www.jpx.co.jp/markets/statistics-equities/misc/tvdivq0000001vg2-att/data_j.xls,2026-07-10T23:26:35.886407+00:00
9991.T,9991,ジェコス,プライム（内国株式）,6050,卸売業,0013,商社・卸売,0007,TOPIX Small 2,20260630,https://www.jpx.co.jp/markets/statistics-equities/misc/tvdivq0000001vg2-att/data_j.xls,2026-07-10T23:26:35.886407+00:00
9993.T,9993,ヤマザワ,スタンダード（内国株式）,6100,小売業,0014,小売,-,-,20260630,https://www.jpx.co.jp/markets/statistics-equities/misc/tvdivq0000001vg2-att/data_j.xls,2026-07-10T23:26:35.886407+00:00
9994.T,9994,やまや,スタンダード（内国株式）,6100,小売業,0014,小売,-,-,20260630,https://www.jpx.co.jp/markets/statistics-equities/misc/tvdivq0000001vg2-att/data_j.xls,2026-07-10T23:26:35.886407+00:00
9996.T,9996,サトー商会,スタンダード（内国株式）,6050,卸売業,0013,商社・卸売,-,-,20260630,https://www.jpx.co.jp/markets/statistics-equities/misc/tvdivq0000001vg2-att/data_j.xls,2026-07-10T23:26:35.886407+00:00
9997.T,9997,ベルーナ,プライム（内国株式）,6100,小売業,0014,小売,0006,TOPIX Small 1,20260630,https://www.jpx.co.jp/markets/statistics-equities/misc/tvdivq0000001vg2-att/data_j.xls,2026-07-10T23:26:35.886407+00:00
